:020000040800F2
:10000000A087012071020008CF200008E118000835
:10001000CD20000833040008B125000800000000CE
:10002000000000000000000000000000B101000816
:10003000D1050008000000000D020008352300086B
:100040008B0200088B0200088B0200088B0200085C
:100050008B0200088B020008D30500088B02000801
:100060008B0200088B0200088B0200088B0200083C
:100070008B0200088B0200088B0200088B0200082C
:100080008B0200088B0200088B02000800000000B1
:100090000000000000000000000000008B020008CB
:1000A0008B0200088B020008F12300088B02000875
:1000B0008B0200088B0200088B0200088B020008EC
:1000C0008B0200088B0200088B0200088B020008DC
:1000D0008B0200088B0200088B0200080000000061
:1000E0008B0200088B0200088B0200080000000051
:1000F0000000000000000000000000008B0200086B
:10010000000000008B0200088B0200088B02000830
:1001100000000000000000000000000000000000DF
:100120008B0200088B020008210500088B020008E2
:100130008B0200080000000000000000000000002A
:100140000000000000000000000000008B0200081A
:100150008B0200088B0200088B0200088B0200084B
:100160008B0200088B020008000000000000000065
:10017000000000000000000000000000000000007F
:10018000000000008B0200080000000000000000DA
:100190008B0200088B020008DFF810D000F00CF989
:1001A00000480047BD0C0208AFF30080A087012083
:1001B0002C4B19680868B0E8F04F80F30988BFF34A
:1001C0006F8F4FF0000080F311887047000000002F
:1001D00008480068006880F308884FF0000080F34A
:1001E000148862B661B6BFF34F8FBFF36F8F00DF25
:1001F00000BF00BF08ED00E0DFF80C00016841F42B
:1002000070010160704700BF88ED00E0EFF30980E6
:10021000BFF36F8F134B1A681EF0100F08BF20ED4D
:10022000108A20E9F04F106009B44FF0500080F3BD
:100230001188BFF34F8FBFF36F8F25F0A9FD4FF0EB
:10024000000080F3118809BC19680868B0E8F04F15
:100250001EF0100F08BFB0EC108A80F30988BFF3BE
:100260006F8F70473C000020EFF30580704700005F
:100270000648804706480047FEE7FEE7FEE7FEE740
:10028000FEE7FEE7FEE7FEE7FEE7FEE7E123000804
:10029000990100082DE9F05F0546002092469B4633
:1002A00088460646814640241BE02846414647468C
:1002B000224600F071F853465A46C01A914110D3B5
:1002C00011461846224600F058F82D1A67EB01082F
:1002D0004F4622460120002100F04FF817EB00099D
:1002E0004E41201EA4F10104DFDC484631462A4677
:1002F0004346BDE8F09F40EA01039B0703D009E0B5
:1003000008C9121F08C0042AFAD203E011F8013B01
:1003100000F8013B521EF9D27047D2B201E000F85A
:10032000012B491EFBD270470022F6E710B5134699
:100330000A4604461946FFF7F0FF204610BD421C4E
:1003400010F8011B0029FBD1801A704710B500225C
:1003500000E0521C835C8C5CA34201D1002BF8D1DD
:10036000D8B2E1B2401A10BD034611F8012B00F8D3
:10037000012B002AF9D118467047202A04DB203AC5
:1003800000FA02F1002070479140C2F1200320FAE8
:1003900003F3194390407047202A04DB203A21FAE6
:1003A00002F00021704721FA02F3D040C2F120028E
:1003B0009140084319467047064C074D06E0E06837
:1003C00040F0010394E8070098471034AC42F6D39C
:1003D000FFF7E6FE64B0020884B0020870B58C181E
:1003E00010F8015B15F0070301D110F8013B2A1149
:1003F00006D110F8012B03E010F8016B01F8016B36
:100400005B1EF9D12B0705D40023521E0DD401F831
:10041000013BFAE710F8013BCB1A921C03E013F8FA
:10042000015B01F8015B521EF9D5A142D8D300202F
:1004300070BDFEE730B587B014216846FFF774FF42
:100440000F48016841F00201016000684FF48074B8
:1004500000F0020005900120CDE900400290032049
:10046000084D03906946284600F04AFA01222146C9
:10047000284600F042FB044801F045FA07B030BDC1
:1004800030380240000402400C000020022000F03E
:1004900027B800001CB501A80090042303221521F1
:1004A0000E4801F035FB9DF804109DF8050001F0A1
:1004B0000F0140EA01229DF807009DF80630074928
:1004C00003F00F030F3040EA03200839A0F21710A1
:1004D000C2F1EF024042C1E900201CBD0C00002027
:1004E00002461521014801F057BB00000C00002016
:1004F00070B50A4D4FF4807400222146284600F062
:10050000FCFA0A2000F0DCF901222146284600F01E
:10051000F4FABDE87040642000F0D2B90004024053
:10052000014800F05BB800000803002001681823B0
:10053000CAB2103AB2FBF3F2054B6FF30901032A7A
:100540009B5CC36500D9091D8165084670470000A2
:10055000F069020810B5014600208B698A6A4FF0E5
:10056000C07453B1B3F5005F15D072B1012A0CD03D
:10057000022A0AD0032A09D104E01AB1012A06D0BE
:10058000022A03D1C96AC90100D5012010BDC96A78
:10059000A142FAD010BD002AF7D0012AF2D0022AD7
:1005A000F3D0032AF3D010BD30B50468256825F4D4
:1005B00080252560046863608368402B036803D04E
:1005C00099600068C26030BD9A600068C16030BD4B
:1005D0007047012000F088B972B6FEE72DE9F843B4
:1005E00004464FF00009CDF8009063484FF41651CF
:1005F000A56D0068B0FBF1F72E6894F85C10082038
:1006000000FA01F131420FD021680A6852070BD578
:100610000A6822F004020A6094F85C108840A8601E
:10062000606D40F00100606594F85C104FF00108C7
:1006300008FA01F0304208D021684969090604D55A
:10064000A860606D40F00200606594F85C100420C2
:100650008840304208D021680968890704D5A8601D
:10066000606D40F00400606594F85C1010208840D4
:10067000304218D021680968090714D5A86020689D
:100680000168490304D50068000308D5A16C07E0A0
:100690000168C90503D4016821F008010160216CDB
:1006A00009B12046884794F85C10202088403042E9
:1006B00031D021680968C9062DD5A86094F83500A5
:1006C00005282068016806D0490347D50068000363
:1006D0001DD4616C1CE021F01601016020684169A5
:1006E00021F080014161206C08B9A06C20B1206824
:1006F000016821F00801016094F85C103F208840F7
:10070000A86084F8358084F83490216D1FE0E16B97
:1007100009B120468847606D00282BD0606DC00766
:1007200014D0052084F835002068016821F001010B
:1007300001600098401C0090B84203D8206800680F
:10074000C007F6D184F8358084F83490E16C002934
:1007500010D001B02046BDE8F04308470168C90544
:10076000D5D4016821F01001016084F8358084F847
:100770003490CCE7BDE8F883380000202DE9F04143
:10078000044600F0BFF906465CB1022084F835004B
:10079000002584F834502068016821F001010160CF
:1007A0000DE00120BDE8F08100F0ACF9801B0528C8
:1007B00005D920206065032084F83500F2E7206821
:1007C0000068C007F0D12268116820480140D4E9D0
:1007D00001031843D4E903363343184363691843CC
:1007E000A3691843E3691843236A18430843616AFD
:1007F000042903D1D4E90B1319430843106020687E
:100800004069666A20F0070130460E43012704283C
:100810000CD1A06A0643E06A40B12046FFF79AFE79
:1008200020B14020606584F83570BAE720684661E1
:100830002046FFF77BFE94F85C203F2191408160C9
:10084000656584F835700020ACE700003F8010F04B
:100850002DE9F0410446866D90F83400002501280A
:100860000DD0012084F8340094F835700020012F59
:1008700007D084F8340002252846BDE8F081022024
:10088000FBE7022784F8357060652046FFF78CFE91
:1008900094F85C103F208840B0602068016841F007
:1008A00016010160206C20B12068016841F0080148
:1008B00001602068016841F001010160DCE700008F
:1008C00070B5044600F01EF90546601C02D00448CD
:1008D0000078044400F016F9401BA042FAD370BD22
:1008E0002C00002070470000044910B50A6802423D
:1008F00002D00860FFF7F6FF10BD0000143C014075
:100900002DE9F84FDFF8B8A10022012403254FF0AC
:100910000F090AF1040BAAF1040E00BF0B6804FAD8
:1009200002F63340B34273D10F7907F00307012F6A
:1009300001D0022F16D187684FEA420805FA08FC59
:1009400027EA0C07D1F80CC00CFA08FC4CEA070C9B
:10095000C0F808C04768B7430E79C6F30016964042
:100960003E4346600E79F643B6070DD0C768560081
:1009700005FA06FC27EA0C07D1F808C00CFA06FCB9
:100980004CEA070CC0F80CC00E7906F00306022EE4
:1009900010D1D60800EB8608D8F8206057074FEA38
:1009A000D76C09FA0CF7BE430F6907FA0CF7374307
:1009B000C8F8207006684FEA420C05FA0CF7BE43EF
:1009C0000F7907F0030707FA0CF7374307604E6803
:1009D00016F4403F6DD03B4E376847F48047376090
:1009E000366822F0030706F480460096364E07EB81
:1009F000060CDCF8086897073F0F09FA07F826EAA3
:100A00000806DFF8C880404503D14FF000081EE01B
:100A10004FE0DFF8BC80404502D14FF0010816E0FE
:100A2000DFF8B080404502D14FF002080FE0DFF858
:100A3000A880404502D14FF0030808E0DFF89C8011
:100A4000404502D14FF0040801E04FF0070808FAD2
:100A500007F848EA0608CCF80888DAF80060574634
:100A6000D1F804C09E435FEACC2C00D51E433E6003
:100A7000DBF800605F46D1F804C09E435FEA8C2C2F
:100A800000D51E433E60DEF800607746D1F804C012
:100A90009E435FEA8C3C00D51E433E60084F083FF2
:100AA0003E68D1F804C09E435FEACC3C00D51E43AB
:100AB0003E60521C102AFFF431AFBDE8F88F0000F1
:100AC000083C014044380240003001400000024030
:100AD0000004024000080240000C024000100240E6
:100AE0000069084000D001207047426921EA0203F2
:100AF0000A4043EA0241816170470AB1816170474F
:100B00000904FBE701488068704700002C000020C2
:100B10000248816802781144816070472C000020EF
:100B20000B4810B5016841F400710160016841F49F
:100B300080610160016841F480710160032000F070
:100B400099F80F2000F006F800F04AF8002010BDD8
:100B5000003C024030B505461C4887B000240168BF
:100B600041F480210160006806A900F48020009013
:100B700001A800F02BF900F059F91549154AB0FB0E
:100B8000F1F11548491E026040F2E732C0E9032442
:100B9000C0E90114846100F02FFD040012D10E4859
:100BA00000F058FD04000DD11A2000F035F8102D8A
:100BB00007D2002229461A2000F03CF807480560B9
:100BC00000E0012407B0204630BD00004438024058
:100BD00040420F0000480140B003002030000020D8
:100BE0000C4882B0016841F480410160006800F463
:100BF000804000900748001F016841F0805101606B
:100C00000068002200F0805000900F21901E02B07A
:100C100000F010B844380240002809DB00F01F0241
:100C2000012191404009800000F1E020C0F800114E
:100C300070470000F0B40E4B1B680C46C3F3022350
:100C4000C3F10705042D00D90425191D072901D278
:100C5000002300E0DB1E012606FA05F1491E2140B3
:100C600099409E40761E16403143F0BC01F0BABC5C
:100C70000CED00E0064900F0070208684FF6FF039C
:100C8000184040EA0220034A104308607047000001
:100C90000CED00E00000FA052DE9F0470E460500D6
:100CA00065D0DFF81481D8F80000F7B200F0070033
:100CB000B04207D288F80070D8F8000000F00700B2
:100CC000B04254D128683D4C810712D5400703D566
:100CD000206840F4E05020602878000703D52068A1
:100CE00040F4604020602068A96820F0F0000843CC
:100CF00020602878C0072DD030496868083901285D
:100D000012D0022813D0032811D0096889070029BE
:100D10002DDA216821F0030101432160FFF7F2FE83
:100D2000814641F2883A0EE009688903EFE70968D5
:100D30008901ECE7FFF7E6FEA0EB0901514502D976
:100D40000320BDE8F0872068696800F00C00B0EB74
:100D5000810FEFD1D8F80010404601F00701B142F1
:100D600007D90770006800F00700B04201D00120E9
:100D7000E7E72878400705D52068E96820F4E050C7
:100D8000084320602878000706D52068296920F4E8
:100D9000604040EAC100206000F058F82168084A2D
:100DA000C1F30311515CC840064908600648006859
:100DB000FFF7D0FE0020C4E7003C024008380240A4
:100DC000F869020838000020300000200F2202607D
:100DD0000C4A136803F003034360136803F0F00345
:100DE0008360136803F4E053C36012684FF4E05368
:100DF00003EAD20202610448006800F007000860BC
:100E00007047000008380240003C02400448054991
:100E100000680968044AC1F38221515CC8407047E8
:100E20003800002008380240086A020804480549D2
:100E300000680968044AC1F34231515CC8407047F8
:100E40003800002008380240086A0208154810B52A
:100E5000006810F00C02144813D01449042A0FD073
:100E6000082A0ED10F4C241F2268236802F03F028B
:100E70005B0207D52068C0F38810A0FB010106E0E3
:100E8000084610BD2168C1F38811A1FB00010023B1
:100E9000FFF700FA2168C1F30141491C4900B0FB8A
:100EA000F1F010BD083802400024F40040787D01C4
:100EB0002DE9F84F04006ED02078DFF84C93C0077E
:100EC000A9F104054AD009F104000168C1F38101C8
:100ED000012908D00068C0F3810002280AD1D9F89E
:100EE0000000400206D52868800337D560680028D6
:100EF000E1D033E06068B0F5803F10D0B0F5A02FAE
:100F0000286810D020F480302860286820F48020E1
:100F100028606068A8B1FFF7F5FD06460DE0286877
:100F200040F48030F4E740F480202860F7E700BF09
:100F3000FFF7E8FD801B642873D828688003F7D585
:100F40000CE0FFF7DFFD064605E000BFFFF7DAFD26
:100F5000801B6428F0D828688003F7D42078DFF855
:100F6000AC8280074FF0000A3ED5A748001D0168FB
:100F700011F00C0F08D00068C0F3810002280BD1DB
:100F8000D9F80000400207D42868800716D5E06829
:100F9000012800D112E033E1E068B8B10120C8F8BF
:100FA0000000FFF7AFFD064605E000BFFFF7AAFD12
:100FB000801B0228C0D828688007F7D528682169D7
:100FC00020F0F80040EAC10028600DE0C8F800A059
:100FD000FFF798FD064604E0FFF794FD801B02280A
:100FE0001FD828688007F7D42078000722D5864FBD
:100FF00087486169703771B101210160FFF782FD97
:10100000064604E0FFF77EFD801B022809D83868F9
:101010008007F7D50EE0C0F800A0FFF773FD064685
:1010200005E082E0FFF76EFD801B02287DD838685E
:101030008007F7D42078400768D5DFF8CCB10027C7
:101040000BF13C0BDBF80000C0000BD4DBF8001008
:1010500041F08051CBF80010DBF80000012700F0D0
:10106000805000906B4E3068C00510D4306840F45A
:1010700080703060FFF746FD009005E0FFF742FD0D
:101080000099401A022850D83068C005F6D55E4E47
:10109000A0686C3601280FD00528306810D020F0E9
:1010A00001003060306820F004003060A068B8B102
:1010B000FFF728FD00900FE0306840F00100F4E7F2
:1010C00040F004003060F7E7FFF71CFD0099411A7B
:1010D00041F28830814266D830688007F4D50EE04E
:1010E000FFF710FD009007E0FFF70CFD0099411A93
:1010F00041F28830814256D830688007F4D42FB14D
:10110000DBF8001021F08051CBF80010A069C8B3C3
:101110003D49091D0968C1F3810102294AD002280D
:10112000504607D0C8F8600000E03CE0FFF7EAFC5A
:1011300004463BE04746C8F86000FFF7E3FC06467C
:1011400005E000BFFFF7DEFC801B02282BD82868D3
:101150008001F7D4D4E907010843A16A2E4A49085F
:1011600002EB0141626A41EA8211084394F82C10B3
:1011700040EA0161C9F8001001203866FFF7C2FC9F
:10118000044606E03EE000BFFFF7BCFC001B02285F
:1011900009D828688001F7D534E000BFFFF7B2FC1A
:1011A000001B022802D90320BDE8F88F28688001BF
:1011B000F4D427E00128F7D0D9F80000E26900F460
:1011C000800191421CD1226A00F03F01914217D167
:1011D00047F6C071626A0140B1EB821F10D1A26A6A
:1011E0004FF0FF3300F4403103EB5202B1EB024FFA
:1011F00006D194F82C1000F07060B0EB016F01D0B4
:101200000120D1E70020CFE7043802400000474228
:10121000800E4742007000400000FFFF704770B52D
:10122000040009D0606A002540B125616561A562AE
:1012300094F8510040B10CE0012070BD6068B0F539
:10124000827FF4D0E561F2E784F85050204600F048
:1012500045F8022084F851002068016821F040011F
:101260000160A088218900F4827001F404410843E0
:10127000A18901F400610843217C01F002010843C7
:10128000217D01F001010843218B01F40071084325
:10129000217F01F03801084394F8201001F080010B
:1012A0000843218D01F40051084321680860A069BA
:1012B000042101EA104094F8241001F010010843C1
:1012C000216848602068C16921F40061C1616565D9
:1012D000012084F85100002070BD000070B586B078
:1012E000064614216846FFF71FF81F4930688842F8
:1012F00038D11E480025016841F480510160006822
:1013000000F48050059019481438016841F002013A
:1013100001600068694600F00200059028200090F6
:101320000220CDE901050320039005200490104818
:10133000FFF7E6FA104C0F4820604FF080606060C5
:101340004020C4E902050001C4E90405A561E56186
:10135000256220466562FFF711FA08B1FFF73CF9F4
:10136000B464A66306B070BD00300140443802404A
:101370000004024040640240080300202DE9F84FB9
:10138000984616468A460446FFF7BCFB814694F809
:10139000510001281ED1BAF1000F73D0002E71D078
:1013A00094F85000012815D0012784F850700320CC
:1013B00084F8510000256565C4F830A0A686E6864D
:1013C000A563A587E58765642564A068B0F5004F2F
:1013D00003D00CE00220BDE8F88F2068016821F0FE
:1013E000400101602068016841F48041016020688B
:1013F0000168490603D4016841F040010160E068DA
:10140000B0F5006F606803D048B3012E27D047E0E5
:1014100008B1012E1FD1206B21680088C86006E04A
:1014200020688168890709D5216B0988C160206B14
:10143000801C2063E08E401EE0860CE0FFF762FB1C
:10144000A0EB0901414503D3B8F1FF3F03D035E0DC
:10145000B8F1000F32D0E08E0028E1D123E0206BFC
:1014600021680078087306E02068816889070AD53A
:10147000216B09780173206B401C2063E08E401EB5
:10148000E0860DE02BE0FFF73DFBA0EB09014145B5
:1014900003D3B8F1FF3F03D010E0B8F1000F0DD037
:1014A000E08E0028E0D14A464146204600F09EFEEC
:1014B00008B120206065A06830B109E084F851705F
:1014C00084F85050032086E72068C1688068009047
:1014D00084F8517004F8505F60680028F3D0012050
:1014E00079E7000070B5044690F8510001281CD13E
:1014F000C9B1C2B194F85000012816D0012084F877
:101500005000032084F85100002565652163A28600
:10151000E286A56365642564A587E587A068B0F5C4
:10152000004F04D00DE0012070BD022070BD206886
:10153000016821F0400101602068016841F48041A8
:101540000160A16C17480864A16C1748C863A16CBE
:101550001648C864A06C0565E38E2268216B0C32C6
:10156000A06CFFF775F930B1606D40F01000606558
:1015700084F85050D7E720680168490603D4016811
:1015800041F04001016084F850502068416841F00A
:10159000200141602068416841F002014160002063
:1015A00070BD00007D210008872100085B21000834
:1015B000704770474FF0E0210428086903D020F0FD
:1015C00004000861704740F00400FAE710B5401EBF
:1015D000B0F1807F01D3012010BD4FF0E0246061A5
:1015E0000F21601700F0FEFF0020A061072020619E
:1015F000002010BD7047704710B5040003D094F868
:101600003D0010B107E0012010BD002084F83C002F
:10161000204600F01EF8022084F83D00211D2068BD
:1016200000F0ECFE012084F8460084F83E0084F8C7
:101630003F0084F8400084F8410084F8420084F8B8
:10164000430084F8440084F8450084F83D000020FD
:1016500010BD704790F83D10012901D0012070475E
:10166000022180F83D100168CA6842F00102CA6098
:1016700000680E4988420ED0B0F1804F0BD00C4963
:10168000884208D00B49884205D00B49884202D0D5
:101690000A49884204D1816801F00701062903D074
:1016A000016841F001010160002070470000014025
:1016B0000004004000080040000C004000400140D1
:1016C00070472DE9F04104460068C66805694FF08F
:1016D0000007A90713D5B10711D5F91E0161012033
:1016E0002077206880698007204602D0FFF7E8FF56
:1016F00004E000F07EF8204600F07CF827776807C9
:1017000016D5700714D521686FF004000861022017
:1017100020772068806910F4407F204602D0FFF7D0
:10172000CFFF04E000F065F8204600F063F827776B
:10173000280715D5300713D521686FF00800086118
:10174000042020772068C0698007204602D0FFF778
:10175000B7FF04E000F04DF8204600F04BF8277783
:10176000E80616D5F00614D521686FF01000086160
:10177000082020772068C06910F4407F204602D0FE
:10178000FFF79EFF04E000F034F8204600F032F846
:101790002777E80708D0F00706D021686FF001002E
:1017A0000861204600F028F8280608D5300606D53E
:1017B00021686FF0800008612046FFF71BFF680674
:1017C00008D5700606D521686FF0400008612046F4
:1017D00000F01CF8A8060AD5B00608D521686FF0FD
:1017E000200008612046BDE8F041FFF704BFBDE8D6
:1017F000F08170477047000000680349884201D1BA
:10180000FFF786B97047000000480140704770B587
:10181000040004D094F84100002510B106E0012036
:1018200070BD84F84050204600F024F8242084F84D
:1018300041002068C16821F40051C160204600F0D9
:1018400031FE2068016921F49041016120684169FD
:1018500021F02A0141612068C16841F40051C16052
:101860006564202084F8410084F84200656300200C
:1018700070BD000010B586B0044614216846FEF71E
:1018800053FD14492068884221D113480021026881
:1018900042F010020260006800F0100005900E484F
:1018A0001438026842F001020260006800F0010092
:1018B00005904FF4C06000900220CDE901010320A3
:1018C00003900720049069460448FFF719F806B012
:1018D00010BD0000001001404438024000000240EA
:1018E000FEE724F04DFA04F0F7FA16F08DF91CF03B
:1018F0008BF81CF0AFF823F033FF24F061FF0020D9
:1019000024F070F9EDE710B586B00446142168465E
:10191000FEF70AFD2089009001200190029002202C
:10192000039069462068FEF7EBFF608900906946E6
:101930006068FEF7E5FF06B010BD70B506460824E6
:10194000002500F0D7FB13E06806050E00213046A5
:1019500000F0BEFB022004F0E2FA0121304600F064
:10196000B7FB012004F0DBFA304600F0BAFB054378
:10197000641EE4B2E8D20021304600F0A9FB3046F4
:1019800000F0D6FB284670BD10B50446002100F0DB
:10199000C6FB012004F0C3FA0121204600F098FBA9
:1019A000012004F0BCFA0021204600F091FBBDE8C4
:1019B0001040012004F0B3BA70B50C460646082565
:1019C00019E000BF00F084FB022004F0A8FA04F044
:1019D0008001304600F0A3FB012004F0A0FA60066D
:1019E000040E012004F09BFA0121304600F070FB48
:1019F000012004F094FA6D1EEDB24FF00001304664
:101A0000E0D200F065FBBDE87040022004F087BA28
:101A100010B50446012100F082FB012004F07FFA9A
:101A20000121204600F054FB012004F078FA002147
:101A3000204600F04DFBBDE81040022004F06FBAD4
:101A400010B50446012100F06AFB022004F067FA99
:101A50000121204600F03CFB012004F060FA002147
:101A6000204600F05CFB012004F059FA00212046DA
:101A700000F02EFBBDE81040012004F050BA10B574
:101A80000446002100F024FB022004F048FA002163
:101A9000204600F044FB012004F041FA01212046D9
:101AA00000F016FB012004F03AFA0121204600F074
:101AB00036FBBDE81040012004F031BA70B5054690
:101AC000052400F017FB0121284600F001FB05E08A
:101AD000641EA4B2012004F022FA84B1284600F06A
:101AE00000FB0028F4D1284600F022FB0021284604
:101AF00000F0EEFA022004F012FA002070BD284631
:101B000000F016FB2846FFF7BAFF012070BD000069
:101B10002DE9F0411D4617460C468046069EFFF70C
:101B20008FFF6006010E4046FFF746FF4046FFF775
:101B3000C5FF28B14046FFF7A2FF0120BDE8F081B4
:101B400039464046FFF738FF4046FFF7B7FF4046AB
:101B5000FFF776FF012000EB4400C1B24046FFF7DB
:101B60002BFF4046FFF7AAFF00246F1E0AE000BFCC
:101B7000FFF7E3FE3055BC4202DA4046FFF704FFB0
:101B8000641CE4B2AC424046F2D3FFF741FF40464A
:101B9000FFF775FF0020D1E770B516460C460546E5
:101BA000FFF74EFF6006010E2846FFF705FF2846A7
:101BB000FFF784FF31462846FFF7FEFE2846FFF771
:101BC0007DFF2846FFF73CFF012000EB4400C1B237
:101BD0002846FFF7F1FE2846FFF770FF2846FFF77B
:101BE000ACFE04462846FFF713FF2846FFF747FFE1
:101BF000204670BD2DE9F04104461D4616460F46AD
:101C00002A2000F093F9204600F080F9304600F0D9
:101C10007DF92B2000F08AF9384600F077F9284644
:101C200000F074F9BDE8F0412C2000F07FB900000D
:101C30002DE9F04107461C4603F1140083B20D461E
:101C400001F1140081B216463846DDF81880FFF71E
:101C5000D1FFF01B611B401C491C48434FF6FF712C
:101C600001EA400241460548FFF73CFC0448006891
:101C700041680029FCD1BDE8F0810000B0020020DD
:101C800008030020F0B587B014216846FEF74CFB2E
:101C90002E48016841F004010160016801F004016F
:101CA0000591016841F002010160016801F0020143
:101CB0000591016841F008010160016801F0080127
:101CC0000591016841F00101016000684FF4004690
:101CD00000F00100059001241D4FCDE900640325AB
:101CE000694603953846FEF70BFE01223146384619
:101CF000FEF703FF1020CDE90004164E6946039558
:101D00003046FEF7FDFD012210213046FEF7F5FEBC
:101D10002603114FCDE90064694638460395FEF766
:101D2000EFFD012231463846FEF7E7FE0420CDE9FB
:101D300000040A4C694603952046FEF7E1FD0122A6
:101D400004212046FEF7D9FE07B0F0BD303802402E
:101D5000000002400004024000080240000C024063
:101D600010B5FFF78FFF002204216648FEF7C5FE7D
:101D7000654C002210212046FEF7BFFE642004F0CF
:101D8000C1F8012210212046FEF7B7FE642004F0BE
:101D9000B9F8112000F0CAF8782004F0B3F8362022
:101DA00000F0C4F8C02000F0D7F83A2000F0BEF8E8
:101DB000052000F0D1F8B22000F0B8F80C2000F0B7
:101DC000CBF80C2000F0C8F8002000F0C5F8332054
:101DD00000F0C2F8332000F0BFF8B72000F0A6F8FA
:101DE000352000F0B9F8BB2000F0A0F8192000F071
:101DF000B3F8C02000F09AF82C2000F0ADF8C22013
:101E000000F094F8012000F0A7F8C32000F08EF84D
:101E1000122000F0A1F8C42000F088F8202000F083
:101E20009BF8C62000F082F80F2000F095F8D02033
:101E300000F07CF8A42000F08FF8A12000F08CF8CE
:101E4000E02000F073F8D02000F086F8042000F0C5
:101E500083F80D2000F080F8112000F07DF81320A9
:101E600000F07AF82B2000F077F83F2000F074F8AB
:101E7000542000F071F84C2000F06EF8182000F0AB
:101E80006BF80D2000F068F80B2000F065F81F20BB
:101E900000F062F8232000F05FF8E12000F046F83F
:101EA000D02000F059F8042000F056F80C2000F083
:101EB00053F8112000F050F8132000F04DF82C20BA
:101EC00000F04AF83F2000F047F8442000F044F8C2
:101ED000512000F041F82F2000F03EF81F2000F0C4
:101EE0003BF81F2000F038F8202000F035F82320C0
:101EF00000F032F8212000F019F8BDE81040292048
:101F000000F014B8000C02400004024008B5010AB9
:101F10008DF800108DF80100012302226946024865
:101F2000FFF72CFA08BD0000B002002070B5094D83
:101F300006464FF48054002221462846FEF7DDFD78
:101F4000304600F009F821462846BDE870400122DD
:101F5000FEF7D3BD0008024001B501231A466946C9
:101F60000148FFF70BFA08BDB00200201EF01CFA72
:101F70001E2800D91E201FF027FBF7E7094808B5E7
:101F8000016841F4800101600068002200F48000D3
:101F9000009005213A20FEF74DFEBDE808403A20AA
:101FA000FEF73ABE3038024010B500F003FB044A99
:101FB000002104481FF044FB0349086010BD0000E5
:101FC00084690208152300080000002070B586B05F
:101FD00014216846FEF7A8F91A480024016841F068
:101FE00004010160016801F004010591016841F0FC
:101FF00080010160016801F080010591016841F0F4
:1020000001010160016801F001010591016841F0E1
:102010000201016000680C4E00F002004FF4005510
:102020000590002229463046FEF767FD0120009505
:10203000CDE90104694630460394FEF761FC06B021
:1020400070BD00003038024000080240104810B552
:102050000E4901604FF482714160002102228160CB
:10206000C0E90312012242615202C0E90621016265
:10207000416281620A21C162FFF7D1F8002803D0D2
:10208000BDE81040FEF7A8BA10BD000000300140C6
:10209000B00200200C4810B50A4901604FF4E1314C
:1020A0004160002181600C22C160C0E9041281619D
:1020B000C161FFF7ACFB002803D0BDE81040FEF77C
:1020C0008BBA10BD0010014068030020FEE7FEE758
:1020D0004289406811B18169114300E011048161B6
:1020E000704710B501890068FEF7FAFC012800D09E
:1020F000002010BD10B586B0044614216846FEF7D6
:1021000013F9208900900020019001200290022004
:10211000039069462068FEF7F3FB06B010BD028904
:10212000006811B18169114300E0110481617047B9
:1021300010B586B0044614216846FEF7F5F82089EC
:102140000090112001900020029002200390694627
:102150002068FEF7D5FB06B010BD10B5806B016896
:102160004A6822F003024A60416D41F01001416566
:10217000012180F85110FFF751F810BD10B5806BA8
:10218000FFF717FA10BD38B50546846BFEF7BAFCA9
:10219000024628680068C00523D42068416821F001
:1021A000200141602068416821F002014160642102
:1021B000204600F01BF818B1606D40F0200060650B
:1021C000A068002118B92068C26880680090E18684
:1021D000012084F85100606D18B12046FFF71EF809
:1021E00038BD2046FFF7E4F938BD0000F8B51546C4
:1021F0000E460B46009204460122022100F02CF804
:10220000A0B9134813490068B0FBF1F04FF47A719C
:10221000484300906068B0F5827F0DD133460022BC
:1022200080212046009500F017F870B1606D40F0F5
:10223000200060650320F8BD009830B1401E00907A
:1022400020688068C0430006F6D50020F8BD000075
:102250003800002000366E012DE9F8431E469146F5
:1022600088460446089DFEF74DFC401B351AFEF7D4
:1022700049FC074626480068C0F3CB3068430AE0B3
:10228000701C09D0FEF73EFCC01BA8420FD275B1EE
:102290000098B8B3401E00902068816838EA0100B9
:1022A00033D000214945EBD10020BDE8F8832068F8
:1022B000416821F0E00141606068B0F5827F0BD198
:1022C000A068B0F5004F02D0B0F5806F04D120684F
:1022D000016821F040010160A06AB0F5005F09D1FA
:1022E0002068016821F4005101602068016841F410
:1022F00000510160012084F85100002084F8500052
:102300000320D2E7FFE70025C6E70121CAE7000066
:1023100038000020064D4FF400544FF4FA76214661
:102320002846FEF7E2FB30461FF04EF9F7E70000C3
:102330000008024010B54FF0E020006924F048F991
:10234000012803D0BDE8104023F076BE10BD000088
:1023500030B593B030216846FDF7E6FF14210CA894
:10236000FDF7E2FF1C480025016841F08051016043
:10237000006800F0805011901848016841F4404115
:1023800001600068022400F4404011900120009098
:10239000000401908001CDE906400C2008906020E7
:1023A000CDE9090404200B906846FEF781FD08B1D1
:1023B00072B6FEE70CA90F2081E831004FF480507F
:1023C000CDE90F0503210CA8FEF766FC002801D01B
:1023D00072B6FEE713B030BD4038024000700040D6
:1023E0000248016841F470010160704788ED00E027
:1023F0000148FFF766B90000B0030020F0B502689D
:102400001F4B204C204D214E4FF0804C984207D05E
:10241000604505D0A04203D0A84201D0B04203D10C
:1024200022F070074A683A43984210D060450ED0B7
:10243000A0420CD0A8420AD0B04208D0144CA0420E
:1024400005D0144CA04202D0134CA04203D122F478
:102450004074CA6822434C6922F0800222438C688F
:10246000C4620C688462984201D109690163016801
:1024700041F004010160012141610260F0BD0000F2
:10248000000001400004004000080040000C004033
:1024900000400140004401400048014001201DF07F
:1024A000F7BE000070B5044600680169E26821F4D7
:1024B0004051114301612169A068E26908436169E3
:1024C000114308432168CA6849F20C639A430243E6
:1024D000CA6020684169A26921F4407111434161D9
:1024E00031492068884202D03049884202D1FEF743
:1024F0009DFC01E0FEF78AFCE269002319216425B6
:102500003226B2F5004F626828D0A0FB0101930F7C
:102510009200FDF7BFFE0146B0FBF5F06FF0180228
:10252000504301EB800006EB0010B0FBF5F000F02B
:10253000F002B1FBF5F002EB0012B1FBF5F06FF029
:102540001803584301EB800006EB0010B0FBF5F0D8
:1025500000F00F0021681044886070BDA0FB0101ED
:1025600092185B41FDF796FE0146B0FBF5F00201C3
:10257000B1FBF5F06FF01803584301EB800006EB58
:10258000C000B0FBF5F000F0F80002EB4002B1FB38
:10259000F5F0584301EB800006EBC000B0FBF5F00E
:1025A00000F00700D6E700000010014000140140D1
:1025B000FEE7000010B5074A002107481FF040F869
:1025C000064C044A00212060243205481FF038F8E8
:1025D000606010BDA8690208E31800081800002018
:1025E0006D1F00080907090E002804DB00F1E02038
:1025F00080F80014704700F00F0000F1E02080F830
:10260000141D704702E008C8121F08C1002AFAD141
:1026100070477047002001E001C1121F002AFBD162
:10262000704770B5044600256FF02F0608E020685B
:10263000411C2160007805EB850106EB410145183E
:102640002068007800F004F80028F0D1284670BD1A
:102650003038092801D80120704700207047000059
:1026600010B54021074801F081F800221E210648DC
:102670001DF068FE054CA06002F0CCF80020207030
:1026800010BD0000D0B70020BD4800083402002073
:1026900070B5B1F90030B2F90040A34200DC234626
:1026A0000380B1F90250B2F90240A54200DD2C4688
:1026B0004480B1F90460B2F90450AE4200DA354604
:1026C0008580B1F90610B2F90620914200DB11466F
:1026D000C1800120AB4201DC8C4200DD002070BDD6
:1026E000F8B50D460446B0F90000B1F900101646E1
:1026F000884247DBB4F90210B5F90220914241DB70
:10270000B4F90410B5F9042091423BDCB4F9061089
:10271000B5F90620914235DC96B3ADF8000060882B
:10272000ADF8020032466946284600F099F80028C4
:1027300027D0A088ADF800006088ADF802003246CE
:102740006946284600F08CF800281AD02088ADF899
:102750000000E088ADF8020032466946284600F0E5
:102760007FF800280DD0A088ADF80000E088ADF813
:10277000020032466946284600F072F8002800D070
:102780000120F8BD0020F8BDB0F90020B1F90430F7
:102790009A4213DCB0F90420B1F900309A420DDB03
:1027A000B0F90220B1F906309A4207DCB0F9060010
:1027B000B1F90210884201DB012070470020704708
:1027C000F8B50D460446B0F90400B1F900101646FC
:1027D000884243DBB4F90600B5F9021088423DDBBC
:1027E000B4F90000B5F90410884237DCB4F90210DE
:1027F000B5F90620914231DC76B3ADF8000060886F
:10280000ADF8020032466946284600F029F818BBA8
:10281000A088ADF800006088ADF802003246694635
:10282000284600F01DF8B8B92088ADF80000E0880F
:10283000ADF8020032466946284600F011F858B952
:10284000A088ADF80000E088ADF802003246694685
:10285000284600F005F808B10020F8BD0120F8BDB9
:102860002DE9FC4114460E46B1F90020B0F90010E4
:1028700005468A423ADBB5F90400824236DCB6F9F5
:102880000270B5F90220974230DBB5F906309F425D
:102890002CDC002C75DD401A9A1A401C521C00B228
:1028A00012B200EBD07002EBD27240105210904284
:1028B00000DB1046844200DD0446ADF80010288895
:1028C00000222044ADF804006888ADF80200688852
:1028D00031462044ADF806006846FFF7C1FF40B11D
:1028E000BDF804002044ADF804003FE00020BDE83E
:1028F000FC81E8880022001BADF80200E888ADF8F2
:10290000060031466846FFF7ABFF28B1BDF804006A
:102910002044ADF8040011E0A8880022001BADF8A7
:102920000000A888ADF8040031466846FFF798FF1C
:1029300050B1BDF80000001BADF80000BDF802006A
:10294000001BADF8020016E06888ADF80200688848
:1029500000222044ADF8060031466846FFF780FFAC
:1029600070B1BDF80000001BADF80000BDF8060016
:102970002044ADF80600314668461BF029F8B6E75A
:10298000FFE70120B3E710B5B1F90040B2F900301C
:102990009C4200DA23460380B1F90240B2F90230CA
:1029A0009C4200DA23464380B1F90440B2F9043076
:1029B0009C4200DD23468380B1F90610B2F906205F
:1029C000914200DC1146C18010BD0000FEB50746F3
:1029D0001DF054FC0025354C0646009537B1F868CB
:1029E000606038461DF07CFD606802E010F06EFD0E
:1029F000606000691AF088FF6068406908B11AF0E9
:102A000083FF6068C0691AF07FFF6068006A1AF08F
:102A10007BFF60680169E1B31BF020FA1BF09CF9B1
:102A20006068B0F8501199B30168097C890715D521
:102A300010F0AAFD401E07B2606810F05FFD401E56
:102A400003B20022114601A800970EF008FA606850
:102A500001A90268926B516004F0FCF960684FF4C0
:102A60008071303016F070FD6068202100F598709C
:102A700016F06AFD6068A0F8505130461DF0F8FB72
:102A8000009060680068436A13B122680099984713
:102A900000E007E016F09AFB00F036F8BDE8FE40D3
:102AA00000F006B8A0F85051FEBD0000F000002074
:102AB00070B50A4D002400BFC4EBC40655F82600CB
:102AC00008B116F0F7FB05EB86001C2116F03CFD63
:102AD000641CE4B2042CEFD370BD0000ACB800203D
:102AE000084949680AE04A68824202D00A6882427C
:102AF00003D10A7E42F001020A7649690029F2D127
:102B000070470000C4000020704700000421014805
:102B100000F02CBEC4B700201C21014800F026BEE6
:102B2000DCB700202DE9FF5F0446DDE90E0613B98E
:102B3000B0F5807F7ED0B6F900504FF0FF376D4280
:102B4000454307EB25252DB22580B6F902C0CCF10F
:102B5000000C0CFB00FC07EB2C273FB26780B6F99A
:102B600000C0A1EB0C0141434FF0020C0CEB212102
:102B700009B2A180B6F90280A2EB080242430CEB35
:102B8000222000B2E080002B7ED04FF00A0A93FB97
:102B9000FAF5684200EB800003EB400705F10109FC
:102BA00028B21DF0DDFD00900FFA89F01DF0D8FD70
:102BB00083465A3528B21DF0D3FD804609F15A00EC
:102BC00000B21DF0CDFD0146009AC7F10A0000FBDE
:102BD00002F300FB08F00BFB073301FB070193FB3B
:102BE000FAF291FBFAF04FEA601AB4F90010B4F966
:102BF00002000AFB01FCCDF80CC05511378805FB1B
:102C000010C207EBA2220FFA82F905FB01F2BB46C4
:102C1000029277880AFB002107EBA1210BB2B4F9DD
:102C20000410BE460AFB01FC05FB10C20BEBA222FE
:102C300016B200E02FE005FB01F7CDE9007CB4F906
:102C40000680DDF80CC00AFB007005FB18C1DDF83A
:102C500004C0009F05FB18C5029A0AFB087C0AFB0A
:102C600008220BEBA1210EEBAC270EEBA02009B242
:102C70000EEBA2220BEBA5250FFA87FC00B212B2D5
:102C80002DB24F46494500E00EE000DA0F46B5424E
:102C900016DAA84615E000202080491E6080A18039
:102CA000521EE280BDE8FF9F32882A44228072884B
:102CB0003A44628032881144A180718808444FE010
:102CC000B046474504DA4F46494506DA0F4604E068
:102CD000B54201DA2F4600E0374627804F46494586
:102CE00000DD0F46B54201DDA84600E0B04647458D
:102CF00003DD4D46494505DC01E0B54201DD2946CD
:102D000000E03146A1809A4201DA154600E01D46F6
:102D1000844501DA614600E001468D4205DA9A42B7
:102D200001DA114606E0194604E0844501DA6146FD
:102D300000E0014661809A4201DD114600E019463B
:102D4000844501DD654600E00546A94205DD9A425D
:102D500001DD104604E0184602E0844500DD6046CF
:102D6000E0809FE72DE9FE4F0446D0F800B0B0F9AF
:102D70000800E589081AB4F90A10511AD4E9093291
:102D8000B5F5807F38D0A589ADB3A66B70434511EA
:102D90004E437011266BE16A06FB05F701FB1077C5
:102DA000694306FB001003EBA72902EBA020804635
:102DB0000612B4F904004FEA2927B8424EDD002F6D
:102DC0004CDBB4F90610B14248DD002E46DB94F826
:102DD00034104A0745D58A0704F1140322D400FBB6
:102DE000067045004FF0020A0BEB050152461846EB
:102DF00016F060FB27E00DE0256BE66A05FB00F7A7
:102E000006FB1177464305FB016003EBA70902EBC4
:102E1000A000CCE7A56B68434D4303EB601902EBC0
:102E20006510C4E700FB067000EB40054FF0030A95
:102E30000BEB05010222184616F03CFBE81C584437
:102E400010F8010CA07594F83400C0071FD04EF2A2
:102E50000700ADF80000A18A814218D10020BDE82A
:102E6000FE8F32B204F118002369CDE9010200257A
:102E700039B2AA468B4613F089FE0090BDF80000D7
:102E8000A082DDE90102594613F018FEDAE7E07C82
:102E900078B1A4F83C90A4F83E80A4F84070A4F85F
:102EA0004260656484F848A02046BDE8FE4F00F00B
:102EB00002B80120D3E72DE9F04F044690F83C100A
:102EC000D0F8009090F83E0087B04FF0FF367029A0
:102ED00007DAB4F940203546012A00D500258031B3
:102EE0000DE0902916DDB4F94020B4F90430012535
:102EF000521C9A4200DB0025A1F27F114942C9B25F
:102F00008846702809DAB4F94210012900D5002654
:102F1000803010E00025FF21F2E790280DDDB4F9A4
:102F20004210B4F906200126491C914200DB00261C
:102F3000A0F27F104042C7B201E00026FF2760697F
:102F40000090A07D0590002083468246049094F86E
:102F50003400400744D594F84810606C11FB05011B
:102F60004944022201A816F0A5FAA08894F8481056
:102F700010FB01F0616C022206FB0011494403A81A
:102F800016F098FAA18894F8480011FB00F1626CE1
:102F900006FB012210FB05901118022202A816F070
:102FA00089FA94F83400800761D594F84800626C7F
:102FB00010FB052300EB09010B4413F8013C0493BB
:102FC000A38813FB00F306FB0322114411F801BC94
:102FD00010FB0500111801EB090010F8010C45E089
:102FE000B4F84000B4F94220284401B204F11800BA
:102FF0008146236913F0CAFD0190B4F84200B4F988
:103000004010304402B254F8103F484613F0BEFD61
:103010000390608E2368304402B2208E284401B2AF
:10302000484613F0B3FD029094F82400103C80074A
:103030001DD5B4F9422034F8400F284401B2484667
:1030400013F03CFD04906088B4F90010304402B2E3
:10305000484613F033FD83466088304402B234F8AA
:103060004009284401B2484613F028FD824694F8EE
:10307000340042464546800735D5059810FB08F3D5
:103080000499C8F1FF0011FB0031C1F307211BFBBC
:1030900008F61AFB0060C0F3072011FB07F3C7F125
:1030A000FF0610FB06331B0AA375022907D8022866
:1030B00003D8002007B0BDE8F08F002702E0022807
:1030C00000D8FF270598022800D80022049802287B
:1030D00000D8FF22BBF1020F00D80025BAF1020F81
:1030E00003D8FF2501E0FF20A075EAB1FF2A04D034
:1030F000DDE900010FF016FC0090BDB1FF2D17D0E7
:10310000DDE902102A460FF00DFC049097B1FF2F65
:1031100005D001463A4600980FF004FC0090BDF837
:103120000000A0820120C5E70198E5E70298ECE7DE
:103130000398EAE7BDF81000F3E700002DE9F04737
:103140000446B0F908000A2700026062B4F90A00D8
:103150000002A062B4F90C1091FBF7F5684200EB95
:10316000800001EB4006684205F1010800B21DF045
:10317000F7FA8246E84300B21DF0F2FA8146C5F143
:103180005A0000B21DF0ECFA0546C8F15A0000B230
:103190001DF0E6FAC6F10A0101FB0AF3024609FB3B
:1031A0000630694390FBF7F002FB061191FBF7F143
:1031B0004011E06248112063A07C13F097FD94F861
:1031C000341060F3000184F83410A07C13F07EFD0D
:1031D00094F8341060F3410184F83410A07C042882
:1031E00024D0052822D0062820D021F0040100BFD9
:1031F00084F8341021682162A16921F0E00160F3B4
:103200000401A08860F39421E08860F35F51A1611C
:10321000E0894FF4001101EB5001B1FBF0F0A06325
:10322000FF20A075208AA082BDE8F08741F004014C
:10323000DEE700002DE9F04115460E460746114C29
:103240001DF01CF880462B4632463946204614F0C5
:10325000CFF820B10020A062E06950B110E02C212D
:10326000204616F071F94FF00040A0620020BDE842
:10327000F08140461CF0FCFFE06108B90120E061EC
:103280002046F4E700B8002010B51421074800F0EC
:103290006DFA14F073F840B10549016005494160C9
:1032A000054981600549C16010BDFEE7E8B700200F
:1032B000A96D0108257101089D720108756D01084D
:1032C00070B50D4604461021284616F03DF92068D9
:1032D0000078012804D0022807D0042807D008E08D
:1032E000208A2880608A688003E0E06800E00A2085
:1032F000686020684268002A03D02946BDE8704013
:10330000104770BDFEB5866A0446BEB9A08A218A00
:103310000844A082E08A618A0844E082204609F0DD
:103320002CFF060079D020460CF080F900220921FC
:10333000304612F001FF607880076ED4208A10B901
:10334000608A002869D00025ADF80450ADF8085017
:1033500094F83C0000F00F000328304616D017F018
:103360007BFE0746304617F031FD03460C200090E7
:10337000B4F912103A46304609F0E0FAADF8080008
:10338000304617F075FDC10712D017E017F0F8FDB1
:103390000746304617F094FD024603200090B4F92A
:1033A00010103B46304609F0C9FAADF80400E7E7D3
:1033B000BDF90410002901DDADF80450810705D4E2
:1033C000BDF90410002901DAADF80450410705D415
:1033D000BDF90810002901DDADF80850000705D43B
:1033E000BDF90800002801DAADF8085002AA01A9C9
:1033F00020461FF070FB0023BDF90820BDF9041022
:10340000304619F02FFEA08ABDF804100844A082AF
:10341000E08ABDF808100844E082FEBD2DE9FC5F9B
:103420000446806A5FEA000B71D094F83C00000704
:103430006DD014F097FA019000684021457E5846FF
:1034400018F0B4FD4FF0000818B9A4F81A80A4F8D9
:103450001880584617F0F2FD8246584617F0F5FDE1
:10346000064694F83C004FF0640900F00F000C2869
:1034700002D003284CD09AE0A4F8188056B1B4F9D1
:103480001A50002714F06EFA00684946407EC0F1D9
:10349000640022E0608BC5F1640110FB01F191FB37
:1034A000F9F06083584617F091FC0546584617F02E
:1034B000D3FD02460C200090B4F91A102B46584652
:1034C00009F03CFA6083024600231EE07A1917B225
:1034D00010FB05F292FBF1F215B2002DF6D1ADF81A
:1034E0000070A4F81A806A46002120461FF0F3FA03
:1034F00041F6FF72BDF900305142584609F0A2FF73
:10350000BDF800100123084402B200214CE09AE00B
:10351000A4F81A80BAF1000F0AD0B4F918500027A5
:1035200014F020FA00684946407EC0F1640022E0B1
:10353000208BC5F1640110FB01F191FBF9F02083B0
:10354000584617F0BDFC0546584617F019FD0346CE
:1035500003200090B4F918102A46584609F0EEF9F5
:103560002083014600231EE07A1917B210FB05F2F2
:1035700092FBF1F215B2002DF6D1ADF80070A4F86F
:1035800018800022694620461FF0A5FA41F6FF7216
:10359000BDF900305142584609F0CCFEBDF800108C
:1035A0000123084401B20022584619F05BFD208B2C
:1035B000002848D1608B002845D1C6B9584617F07D
:1035C0004BFD0546584617F001FC002D06DC00288F
:1035D0000DDD002D02DA01232A4604E0002806DA78
:1035E0000123404202B20021584619F03BFDBAF1D6
:1035F000000F19D1584617F063FC0546584617F0DE
:10360000BFFC002D07DC00280EDD002D03DA0123AE
:103610000022294605E0002806DA01230022404264
:1036200001B2584619F01EFD0A215846019A12F0BF
:1036300083FD6078800706D414F83C0F20F00F005B
:10364000207044F8148CBDE8FC9F00007FB50E4646
:10365000040003D10FF03AFF040023D00025FEB18F
:10366000ADF80050ADF802500FF048FF401EADF825
:10367000040020460FF088FF401EADF806006A46A1
:10368000314602A8FFF704F800280BD02068017C1F
:10369000890708D5DDE90001C4E90C0101202AE011
:1036A000A0F850517FBD82690AB102A99047002657
:1036B0000BE000BF04EBC601002202A83031FFF787
:1036C0000FF80028EED1761CB6B2B4F85001B04223
:1036D000F0D880B2202804D204EBC00002A9303018
:1036E00004E0A4F8505104F1300069460DF00EFBDF
:1036F000B4F85001401CA4F8500160680028D1D0F3
:103700001CF0FAFE7FBD70B5054600F012F80446C5
:103710000CE02146284600F01EF8064621462846C1
:1037200000F071F8204615F0C5FD3446002CF0D1AC
:1037300070BD002800D04068704700B503460022E5
:10374000FFF7F7FF03E01846521C00F004F80100F1
:10375000F9D1104600BD0068091D40587047006847
:1037600040587047002800D08068704700224260AF
:10377000C91C21F0030182600160704770B50446E6
:103780000068083015F00CFD050013D0014600223A
:1037900020461DF087FE2946204662681DF07CFE0B
:1037A000616819B12A4620461DF07CFE6560A0685C
:1037B00000B9A560284670BD70B5044600680830A1
:1037C00015F0EEFC050013D00146002220461DF046
:1037D00063FE29462046A2681DF064FEA16819B167
:1037E0002A4620461DF058FEA560606800B9656055
:1037F000284670BD28B1416809B9806808B1002029
:1038000070470120704770B504000DD0FFF791FF9D
:1038100000228842204608D1FFF79DFF6060011E0C
:1038200001D000221EE0A26070BDFFF79BFF88421E
:10383000206808440AD10168A16029B12046BDE88A
:10384000704000221DF028BE626070BD05682046F1
:10385000FFF781FF06460246294620461DF01CFE62
:103860002A4631462046BDE870401DF01BBE10B50B
:103870000446006882680AB12146904720680068C3
:10388000002801D02060F5E710BD8068002801D035
:10389000B0F91600704700002DE9F047074690B0D8
:1038A000408C189E40F00400788490463A849946F3
:1038B0008A463289384618F0E5F90546A7F820907F
:1038C00032895146384618F0DDF90446788CA54215
:1038D00020F00400788403D12904B1EB044F68D0B0
:1038E000A7F8208032895146384618F0CBF90546B2
:1038F0008046A7F82090514638460AF073FF318978
:1039000000682A461BF030FC3089602823D147F636
:10391000FF794D4501D04C451DD1384618F0FDFAD0
:1039200000EBD0704510384618F0F7FA00EBD07075
:103930004010C84506D1691C431C994200DA00E0DA
:10394000194688464C4506D1691C421C914201DA51
:103950006C1C00E014461948FFF710FF05002BD03F
:103960002F60C5E903843089A8806846C5F808A09F
:103970000CF0E4FC1248FF21CDE900501148029000
:103980001148039000200790CDE9080130880A9083
:1039900070889DF83E1040420B90F0680690002021
:1039A00060F300018DF83E103069059068460CF018
:1039B00039FD10B0BDE8F087FEE70000F4B7002045
:1039C00009540208C9550208255502081421014866
:1039D000FFF7CCBEF4B700202DE9FC5F002592462E
:1039E0008B4606462C46042743F60F0843F60E097D
:1039F00001E100BFF06807EBC401405881017CD4AD
:103A000080B230EA0B0113D05FF0000130EA0A0007
:103A100010D00020814270D0F06801AA41F6100158
:103A200050F8340000901BF085F9002866D103E0BF
:103A30000121EBE70120EDE701AA41F61101009811
:103A40001BF078F9002873D101AA41F61201009801
:103A50001BF070F900286BD101AA41F61301009800
:103A60001BF068F9002863D101AA41F615010098FE
:103A70001BF060F900285BD101AA41F614010098FF
:103A80001BF058F9D0BB01AA41F2690100981BF064
:103A900051F998BB01AA43F20C0100981BF04AF9B6
:103AA00060BB01AA43F20D0100981BF043F928BB4B
:103AB00001AA41F2010100981BF03CF9F0B901AAFA
:103AC00041F2040100981BF035F9B8B901AA41F29E
:103AD000020100981BF02EF980B901AA41F20301FE
:103AE00000981BF027F948B901AA41F20501009896
:103AF0001BF020F910B901AA01E07BE018E041F2C7
:103B0000060100981BF016F990B901AA41F23201A2
:103B100000981BF00FF958B901AA414600981BF014
:103B200009F928B901AA494600981BF003F910B118
:103B30000320BDE8FC9F01AA40F60A0100981BF093
:103B4000F9F8E8BB01AA40F60B0100981BF0F2F867
:103B5000B0BB01AA414600981BF0ECF880BB01AA5B
:103B6000494600981BF0E6F850BB01AA40F63C011C
:103B700000981BF0DFF818BB01AA40F63D01009841
:103B80001BF0D8F8E0B901AA40F63A0100981BF002
:103B9000D1F8A8B901AA4FF4046100981BF0CAF843
:103BA00070B901AA40F6450100981BF0C3F838B976
:103BB00001AA40F6410100981BF0BCF800B900E0F2
:103BC00014E001AA40F6420100981BF0B3F868B96E
:103BD00001AA40F6430100981BF0ACF830B901AAE5
:103BE00040F6490100981BF0A5F808B1022501E054
:103BF00005B90125641C708CC0F3C500A0423FF6D6
:103C0000F9AE284695E7000001484068704700007B
:103C1000F00000207047C0F30410072800D90720E7
:103C20007047000010B518210348FFF79FFD0349B6
:103C30000120087010BD0000A0B700206002002025
:103C40002DE9F04190460C46050015D0FCF777FBB6
:103C50000A4F06462146BA68284690470446BA6885
:103C60002819414690470146701A03E06218AA5C81
:103C70002A55641CA042F9D2BDE8F08174020020EC
:103C80002DE9F041094D90460E466A681C460746EC
:103C900019469047306020B120686A683844002196
:103CA0009047C8F80000BDE8F081000074020020D1
:103CB0002DE9F04F87B08A46DDE910581F4693463C
:103CC0000446002105B129805CB12078002809D084
:103CD000BAF1000F05D0002618F0060F15D000200D
:103CE00004E0002007B0BDE8F08F401C215C0A29E9
:103CF00004D00D2902D00029F7D100E0401C002D8E
:103D0000F0D04FF0FF312980ECE75FEA887001D5F1
:103D100041F6FF77894608468DF81410049127E094
:103D20000498CDF8189068B34FF0000C05AA06ABC4
:103D3000CDF80CC0CDF80080CDE9013220443B46DF
:103D40005A4651461CF036FD06997A1A314417B28C
:103D50000EB288B104990144049120780A280BD04E
:103D60000D2809D0605C0A280FD00D280DD0084618
:103D7000205C08B1002FD3DC049848B105B12E8037
:103D80000498AFE74FF0010CD0E7481C0490F3E72C
:103D9000064A04A9204652689047002DF0D00146FB
:103DA0000022504612F0A3FA06B2E8E7740200209F
:103DB0002DE9F0411746884606001ED0002F1CD082
:103DC000FCF7BDFA04463846FCF7B9FA050014D0F2
:103DD0000B4A2C444146926830469047411903E013
:103DE000621BB25C3255641EA142F9D930442A46A6
:103DF0003946BDE8F04115F069BBBDE8F08100002F
:103E00007402002000230278232902D0012A0DD059
:103E10000FE02AB10021012A04D0022A04D008E0D0
:103E2000012101E0017004E0017001E0202902D0CD
:103E30000123184670470221F6E72DE9F0410E46AE
:103E4000804602460021334608461CF0EFFE044639
:103E50000027401C15F0A4F9050008D02F55334663
:103E60004246611C1CF0E2FE2846BDE8F081FEE7F8
:103E70002DE9F0471E4614460D468246DDF8209097
:103E800015E000BF4FEA540808FB06573946504674
:103E90004A469047002808DD44F30000C0EB540474
:103EA00007EB0605A4F1010401E005DA4446002C05
:103EB000E8D12046BDE8F0873846FBE72DE9FC5FF6
:103EC0009B460CAB8A468146DDE9116093E81210EF
:103ED000DDE90F575FEA80784FF030031AD45EB106
:103EE0005FEAC07808D000F00C0858EA0C0803D04C
:103EF000761E01E00B55641CBC4204D2202CF9D381
:103F000001E00B55641C5FEAC07803D0B44201D2D3
:103F1000202CF6D35FEAC06825D55FEA40580AD462
:103F20004CB1BC4201D0B44205D1641E03D0102D67
:103F300003D1641E04E0102D02D0022D0AD00EE041
:103F4000850603D4202C1ED2782506E0202C1AD218
:103F5000582502E0202C16D262250D55641C202C19
:103F600011D20B55641C202C0DD2BCF1000F01D0D6
:103F70002D2306E0430701D52B2302E0030702D5DA
:103F800020230B55641CCDE900BAC846154681466E
:103F90008B46AA46800714D1274607E02A46DDE96A
:103FA00000316D1C2020C446E0477F1CB742F5D38A
:103FB00007E02A466D1C641EDDE900311BF8040091
:103FC000C047002CF5D15FEA897006D409E02A4683
:103FD000DDE900316D1C2020C047A5EB0A00B0428E
:103FE000F5D32846BDE8FC9F2DE9F04F8FB09946E8
:103FF0008B46DDE91818DDE91C63DDE91A479246B6
:104000008646002209B923F01003580507AD00D5F4
:10401000C9B1B1FBF4F004FB1010C0B20A2801D200
:10402000303009E05FEA836C02D54FF0410C01E0CB
:104030004FF0610C60440A38B1FBF4F1A854521CF3
:1040400009B1202AE5D3CDF80880CDE90563CDE993
:104050000052CDE903474B46524659467046FFF79A
:104060002DFF0FB0BDE8F08F2DE9FF4F8FB01CACD6
:10407000DDE9239594E8030820AC94E8C00400240B
:1040800050EA010201D125F010056A050DF11C0866
:1040900002D550EA010217D032463B46FCF7FAF847
:1040A000D2B20A2A01D2303206E0AB0601D5412352
:1040B00000E061231A440A3A08F80420641C50EA1C
:1040C000010201D0202CE7D3CDE90084CDF808B05F
:1040D000CDE90595CDE9036A0FAF97E80F00FFF72B
:1040E000EDFE13B0BDE8F08F9A4200D288547047BD
:1040F000704700002DE9FF4F89B005460A9800245B
:104100009246002800D1FE4D8FE1252804D022469A
:10411000641C53460A990BE2491C4FF000080846FC
:104120000C9101782B2919D004DC202919D02329DE
:1041300004D119E02D290ED0302909D00026C8B2AB
:10414000FEF786FAB0B10CA8FEF76BFA06461FE040
:1041500048F001010AE048F0020107E048F00401DC
:1041600004E048F0080101E048F01001401C8846D6
:104170000C90D6E70C9908782A2809D1169840C8DF
:104180001690002E02DA48F002087642491C0C9183
:104190000C984FF0000B01782E2919D1401C0C907F
:1041A00048F480680078FEF753FA20B10CA8FEF7B7
:1041B00038FA83460CE00C9A10782A2808D1169811
:1041C00002C81690002900DC0021521C8B460C927C
:1041D0000C9801786C290AD004DC68290FD06A2970
:1041E00019D128E0742929D07A2914D126E0401C5D
:1041F0000C90017848F480786C291CD00BE0401CAE
:104200000C90017848F08008682904D148F04001FA
:10421000401C88460C9002460078692822D015DCA4
:1042200062281FD00DDC252871D050281AD05828BC
:104230007FF46DAF16E048F40071E9E748F480714F
:10424000E6E7632878D06428F2D10BE0732874D0B5
:1042500004DC6F2806D07028EAD103E0752801D06D
:104260007828E5D178280DD058280BD070280BD0AD
:10427000502809D06F2816D0622816D00A2128F0BD
:10428000100016E0102107E05078102148F48878DB
:10429000562804D1521C0C921078582807D0107858
:1042A000502804D006E0082109E0022107E048F088
:1042B000200080461078692803D0642801D028F0B7
:1042C0000C085FEA485001D528F0010810786928E9
:1042D0001ED064281CD0562864D05FEA885072D55E
:1042E000169804ABC01D002283E806080292CDE9AF
:1042F000076820F007005346F0E80212CDE90012EB
:104300001690224628460A99FFF7AEFE89E00AE198
:104310005FEA885024D5169804AFC01D20F007032B
:10432000F3E802021693002387E80A08CDE907683C
:10433000002A03DA012102E080E0A6E00021002348
:10434000029119461B1A914101DA114603E000213E
:10435000404261EB020153462246CDE90001D1E71C
:104360005FEAC85004D5169804C80FE0524215E021
:104370005FEA486003D5169810F8042B06E05FEA60
:104380000860F0D5169830F8042B12B21690CDE9DB
:10439000021BCDE90468D00F002AE7DDCDE900203B
:1043A00053461EE01698AAEB040202C8169048680D
:1043B000006800900A980B6801192846FFF79AFEDA
:1043C00004442FE0FFE75FEAC8500CD5CDE9021B9B
:1043D000CDE9046816980021534604C8CDE90021B0
:1043E0001690224619E05FEA486003D5169810F847
:1043F000042B08E05FEA0860169803D530F8042B18
:1044000092B200E004C816900020CDE90020CDE96A
:10441000021BCDE904685346224628460A99FFF755
:10442000E3FD04460C98401C0C900C990878002879
:104430007FF46BAE54457DD222467DE001275FEAD2
:10444000887006D509E02246641C534620200A994C
:10445000A84738467F1CB042F5D316992246641C03
:1044600011F8040B169153460A99A8475FEA887021
:1044700006D4D7E72246641C534620200A99A84751
:1044800038467F1CB042F5D3CCE7169850F8049B11
:1044900016904B46BBF1000001D0014601E04FF001
:1044A000FF31484600E0401C02780AB1491EFAD2AA
:1044B000C71A5FEA485003D558465F4500D3074600
:1044C0005FEA887006D512E02246641C534620201D
:1044D0000A99A84738467F1CB042F5D307E000BFD1
:1044E000224609F10109641C53460A99A84799F824
:1044F000000040B15FEA4851F2D5BBF1010B01E089
:10450000F1400008ECD25FEA887006D48AE72246C0
:10451000641C534620200A99A84738467F1CB042A5
:10452000F5D37FE706E02246641C534625200A990E
:10453000A84777E7AAF10102534600200A99A84745
:104540000DB02046BDE8F08F10B502004FF000001E
:104550000CD04B1E194200D0FEE70A44521E9A436B
:10456000B2F5803F02D20C2A01D9104610BD0C20B2
:1045700010BD08444A1E401E9043114200D0FEE781
:10458000704700002DE9F0410F4601210025044647
:1045900041862E460BE01B49FBF7D8FE10B16D1C7F
:1045A000ADB202E0608E401C6086761CB6B257F851
:1045B000260010B101780029EDD1208EA8421ED02E
:1045C000A06A002610B114F075FEA662E06A10B170
:1045D00014F070FEE662E80014F0E2FDA06238B16B
:1045E000680014F0DDFDE06218B1A16A11B102E0CB
:1045F000FEE7FEE70025690014F0A6FF2586BDE86A
:10460000F0810000CC1601082DE9F84F8146407A70
:104610000F4600F00700022819D010468046974246
:1046200000DD3A46164603202A4C2B4A00EB460092
:1046300020F00305A06811681035411A636805EB86
:10464000010C9C4505D2416821F0004124E0084658
:10465000E4E79D4219D892464FF0FF3B4819616844
:10466000884210D9002269461C48CDF800B00BF0F2
:1046700095FB002269461A480BF090FBA168DAF816
:104680000000091AEAE7A068DDE7284614F088FD73
:10469000C0B1416841F0004188EA6702416089EA9F
:1046A00002010160416801F04041491C31F0804144
:1046B00041608681A0F80E8005D500F1100181606F
:1046C000BDE8F88FFEE7A16801F11002294482607D
:1046D000A160F5E7F80000205002002069D1000831
:1046E000FDFD000870B586B000228DF808208DF819
:1046F0000C208DF8102090F83C20454C02F003036C
:104700001422A5784FF4B476012B23D0022B63D06A
:10471000AB4211D010F8265F05EB051505EB4505FA
:10472000B5FBF2F52570407800EB001000EB40007F
:10473000B0FBF2F06070A37004AA03A8CDE90002F8
:1047400001EB41004FF6FF7101EA400002AB6278D5
:1047500021781AE0AB4210D0858C05EB45056D023F
:10476000B5FBF6F5A58090F8270000EB001000EBF4
:104770004000B0FBF2F06070A37004AA03A8CDE97A
:104780000002C9B202AB627840E008F029FA9DF855
:104790000C00BDF8003044099DF8081064F30203D2
:1047A000ADF80030CB08BDF800109DF8102063F381
:1047B000C701D20889B262F30C21ADF8001081085C
:1047C000BDF8000061F34F30ADF8000080B20090FA
:1047D000BDF8000006B070BDAB4210D0858C05EB73
:1047E00045056D02B5FBF6F5A58090F8260000EBB7
:1047F000001000EB4000B0FBF2F02070A37004AAA0
:1048000003A8CDE90002CAB2217802ABA088BCE7B8
:10481000A801002010B5084C012020700748FEF7C1
:1048200088FF0028A06803D0BDE810401BF064BEDC
:10483000BDE810401BF054BE34020020D0B7002069
:1048400010B5044690F83E00626B810707D4A18F33
:1048500039B1A1F57F43FF3B15D0491EA187A18F38
:1048600089B90AB181070ED521461348FEF7CBFF5F
:10487000FFF7D0FFE16809B1204688472046BDE830
:10488000104014F017BDA16B4942E162002A11D01B
:10489000810702D4216B4942E1624110491C61F356
:1048A000410084F83E00616AE069E1616062A06AEB
:1048B000A262606310BD0000D0B7002070B5304D1B
:1048C00068681BF0D5FC0646687880F001006870C7
:1048D00047E00020287094F83E006978C0F3800219
:1048E0008A4242D061F3820084F83E00E16A8A196C
:1048F000030719D4002917DC002A15DBC00709D1EA
:10490000216939B120468847E1690144E161616A62
:1049100008446062A16809B12046884794F83E00C7
:1049200040F0080084F83E00E06A8019E06216D486
:10493000A16A884200DDE162A169204688470146FC
:10494000206A884204D0216262680AB120689047D8
:10495000D4E90A01814202DB2046FFF771FF287883
:1049600018B10848FEF7E5FE03E021460548FEF7CA
:10497000F2FE0400ADD11BF081FC686070BD000048
:1049800034020020D0B7002070B5044640680D46C0
:1049900008B1FFF7F9FF2268002A04D02946204613
:1049A000BDE87040104770BD89B20CF014B989B2EF
:1049B0000CF04DB910B50446406882080AD0496829
:1049C00021F00301091D08446060204600F042F810
:1049D000204610BDFEE74068103120F003008842F9
:1049E00001D301207047002070472DE9FC470546A0
:1049F00048680C4620F0030001AA69461CF0F4FB4D
:104A0000DDE9007005EBC71101EB80098046D9F89C
:104A10003C0060B164B1C4E9020504F10806C46059
:104A200030460421FFF7A5FD864202D0FEE7FEE7EF
:104A3000FEE7C9F83C400120296900FA07F211435A
:104A4000296105EB870100FA08F04A6902434A61CF
:104A5000BDE8FC8710B5044600F087F8046010BD7F
:104A60002DE9FC4706464FF000000D000090074678
:104A7000019042D00C46E9460DF10408802907D385
:104A8000084620F096FC411F01208840401E044447
:104A90004246494620461CF0A7FB009C0A2C2CDA13
:104AA00006EB8400019A40694FF0FF3101FA02F2EF
:104AB00010400CD1641C3069A14008401DD020F08A
:104AC00070FC0446009006EB8000406978B120F04D
:104AD00068FC034606EBC411019001EB8000C76B34
:104AE0005FB1786820F00300A84201D2FEE7FEE73C
:104AF00039463046009A1DF029FE3846BDE8FC874D
:104B000010B50446FFF7A6FF416841F0020141607D
:104B1000606840F00100606010BD10B5044600F010
:104B200024F8416821F002014160606820F0010032
:104B3000606010BD70B506460D46084600F015F8D9
:104B4000040010D02079C0070BD0686880080BD013
:104B50002146304600F03CF821462846FFF72AFF60
:104B60000546284670BDFEE7FEE7426800F10801F1
:104B700022F00300001F0844910800D1FEE77047AF
:104B800070B506460C004FF000001ED0F2B120793F
:104B90001546C0071BD011462046FFF71CFF78B111
:104BA0002946204600F025F805462046FFF752FF2B
:104BB0006868294640F0020068603046FFF715FF3C
:104BC0002046FFF7AAFF04F1080070BDFEE7FEE7EC
:104BD0007CB5054648680C4620F0030001AA6946EA
:104BE0001CF002FBDDE90023214628461DF0AEFD46
:104BF0007CBD2DE9F0410D46044600F10801281F57
:104C00000E18606806F1080720F00300401BA0F1B1
:104C1000040838460421FFF7ACFC874200D0FEE7C9
:104C2000606820F0030108EB0500001D814200D000
:104C3000FEE7307900F0030040EA0800706020F0E1
:104C400003000C2800D2FEE7207900F0030028437F
:104C500060603046FFF754FF3046BDE8F08138B55C
:104C6000044612F07FFE054612F0B1FE00282046F1
:104C700005D0218FE18617F067FC012038BD11F0C7
:104C800021F8002820461ED010F0F1FE218FE08E82
:104C900081420CD02087E08E00906A461C2120467D
:104CA00011F04AFA0128E9D1204617F04DFC2846B8
:104CB00012F099FE0428E0D1204616F035F80021C4
:104CC00011F0DBFED9E711F059F8D6E770B511F015
:104CD0002EFA054616F06EF8044628460CF0B0FD94
:104CE00001462046BDE8704001221AF0EDBD0000EB
:104CF0002DE9F04F0D4687B00446002115F049FF1D
:104D000060B32946204600F061FA2946204600F0AB
:104D10006FF80021204616F073FE05900021204612
:104D200016F040FF04900021204616F035FD0128C2
:104D300000D0002080460021204617F0CBF807461F
:104D40000021204616F0A6FD42F2D17906464F45D5
:104D50000BD1608C400508D4012707E007B0284636
:104D6000BDE8F04F1C2114F0EFBB0027204615F0E2
:104D70008EFFDFF878A0834620460021BAF8022093
:104D800016F080FFD5F810C0AB682968CDF800C0D8
:104D9000CDF80C80CDE90131C2B239465846059BA9
:104DA00009F092FD28834E4504D1608C800501D422
:104DB000012600E00026204615F04FFF074620465A
:104DC0000021BAF8062016F05DFFC2B2686900241F
:104DD0006B68E9688DE81B0031463846049B09F092
:104DE00073FD688307B0BDE8F08F00003C01002030
:104DF0002DE9F34F81B00C46019808F0D1FF06462B
:104E0000019815F044FF8246304600F02FFF2061E4
:104E1000400014F0F1F920602069400014F0ECF932
:104E2000002541F69A79A0603AE036F91510DFF8CE
:104E30002081494533D10027DFF818B11FE03946FA
:104E4000019815F0A6FE5946009017F0B6F8A8B9DB
:104E5000009808F0B7FF012810D1009808F0A8FFCB
:104E6000A8420BD1009817F058F84146404501DAA6
:104E7000084602E0009817F050F880467F1C019821
:104E800015F099FEB842DAD8B8F1000F03DBA1683B
:104E900021F8158003E0A168002021F815006D1CA1
:104EA0002069A842C1D800252F46284641F69B78A4
:104EB0004B4615E036F91010414504DB0D44A5F5CD
:104EC000F8559B3D0BE0994204D1A16831F81010D0
:104ED000394403E0A26822F8101039440FB2401C94
:104EE00021698142E6D80021019816F089FD2169E7
:104EF000C1F1010200FB02A0C01B00B2002800DAD1
:104F0000002000224FF0FF331146C44611E000BFDD
:104F100036F9117067450BDBA7F5F8579B3F3AB29E
:104F200010FB02F3B3FBF5F3A76827F811300B462B
:104F3000491C27698F42EBD8002B07DBA91A414394
:104F4000B1FBF5F1401AA16821F81300BDE8FE8F0E
:104F500001E0FFFF010006002DE9F14F002211469C
:104F6000009818F0BDF90021009816F049FC04469D
:104F70000021009816F02BFE20440FFA80F9002142
:104F8000009816F0E9FC20440FFA80F8009816F01B
:104F9000A9FB00EB090101EB0800DFF898A006B2BD
:104FA0005446009815F007FE074600252AE00098B1
:104FB00021498068006850F82500834616F0FDFFFF
:104FC000F8B9584617F022FB40BB0021584616F0AE
:104FD000AEFB18B3012821D002281FD003281DD012
:104FE0000021584616F092FF58B9BBF81A10BBF8CA
:104FF0001600081A401C00B24844A04200DB0446D8
:1050000024B26D1CBD42D2D3544504D004EB080039
:1050100000B2B04200DC3046BDE8F88F0098BBF922
:105020001A10B0F91600081A411CA142E8DB0C4620
:10503000E6E7000001E0FFFF010004002DE9F84F62
:1050400000228046114618F035F90021404616F03E
:10505000D7FB04460021404616F050FD20440FFACD
:1050600080FA0021404616F0EEFC20440FFA80F949
:10507000404616F045FB00EB090101EB0A00DFF8A2
:1050800044B105B25C46404615F095FD0746002147
:10509000404616F06CFB01284FF0000644D078E043
:1050A000D8F808004849006850F82600009016F02B
:1050B00084FFC0BB009817F0A9FA50B10098B8F966
:1050C0001810B0F91400091A481CA0422ADB4C1C25
:1050D00028E00021009816F02AFB58B1032809D0D7
:1050E000062807D0082805D00021009816F007FFF1
:1050F00058B118E00098B8F91810B0F91400081A5F
:10510000411CA1420EDB0C460CE0009814300090CC
:105110000BF06DFE5044A04204DB00980BF067FEDC
:1051200000EB0A0424B2761CBE42B9D35C453BD0E6
:1051300004EB090033E000BFD8F8080022490068FA
:1051400050F82600009016F038FF08BB009817F0C2
:105150005DFA60BB0021009816F0E9FA38B3012827
:1051600025D0042823D0072821D00021009816F04C
:10517000CDFE68B90098143000900BF038FE48441A
:10518000A04204DB00980BF032FE00EB090424B2CD
:10519000761CBE42D0D35C4506D004EB0A0000B2B8
:1051A000584501D0A84200DC2846BDE8F88F009899
:1051B000B0F91810B8F91400091A481CA042E6DB2F
:1051C0004C1CE4E701E0FFFF010004002DE9F84F6B
:1051D0000C46834609F004FA064600F047FD60617C
:1051E000400014F009F860606069400014F004F8B1
:1051F000002541F69A79E0603AE036F91500DFF8CB
:105200000C81484533D10027DFF804A11FE039465F
:10521000584615F0BEFC5146009016F0CEFEA8B9D7
:10522000009809F063FA012810D1009809F054FAA7
:10523000A8420BD1009815F07CFD4146404501DAAB
:10524000084602E0009815F074FD80467F1C584621
:1052500015F0B1FCB842DAD8B8F1000F03DBE16811
:1052600021F8158003E0E168002021F815006D1C8D
:105270006069A842C1D800273D46384641F69B7870
:105280004A4615E036F91010414504DB0F44A7F5F6
:10529000F8579B3F0BE0914204D1E16831F81010C0
:1052A000294403E0E36823F8101029440DB2401CA0
:1052B00061698142E6D80021584616F073FC8146A8
:1052C000584615F0CAFC01466069C0F1010209FBAD
:1052D0000210401B02B2002A00DA002200204346DE
:1052E0000FE000BF36F91010994209DBA1F5F85123
:1052F0009B3912FB01F1B1FBF7F1E56825F81010BD
:10530000401C61698142EDD8BDE8F88F01E0FFFFE4
:10531000010006001CB50B8804892344ADF8003059
:105320004B8844892344ADF802308B880489234498
:10533000ADF80430C98843891944ADF806104369B3
:10534000694698471CBD0000F8B50D46D0E90C2110
:1053500004468AB112787AB141B100BF1AF0B5FDA6
:105360000D4909688847616B884211D2206B88B16A
:1053700000200A4E009006E061B1EFE7326869460E
:105380009047A84206D0206B0099415C0029F5D1D6
:105390000020F8BD0120F8BD8C020020780200201A
:1053A0002DE9FF4F87B0C878189CC0070D4600282C
:1053B00001D0F14800E0F148069001D0F04800E04B
:1053C000F048049001D1EE4800E0EE484FF0100A9A
:1053D0004FF00C0ECDF814006088A1884FF0000B40
:1053E000A0EB010001B25A465846276912E000BFFF
:1053F00000EB8006E3680AEB860C13F80CC05FEA4A
:10540000CC7C0BD04FF0080C0CEB86069B5BC91ACA
:1054100009B2401C8742EBD8002347E00EEB86061A
:105420009B5B1A4412B2F4E703EB8306E7680AEBCE
:1054300086000190385CC00737D191FBF2F00EEB8B
:10544000860CCDF800C037F80CC00CFB00FC0FFA3E
:105450008CF94FF0060C04200CEB860C00EB860058
:1054600037F90C80385ECC46C84500DCC446604540
:1054700004DC4046CC46C84500DD6046484506D0C1
:10548000DDF804804FF0010CE34647F808C0D4F87B
:105490000CC0082707EB86062CF80600E768009E7C
:1054A000BE5B921B081A12B201B25B1C20699842C3
:1054B000BAD8BBF1000F8FD10021079816F065F91B
:1054C000012826D000270020ADF80800ADF80C0018
:1054D00003A902A8CDE900012089B4F9022003B292
:1054E000287816991CF0F1F8E878384207D0079828
:1054F00015F0CDFBBDF808100844ADF80800099977
:10550000079815F046FB06464FF4FA684FF0640B17
:1055100027E10127D7E79C49304616F04EFD0028C9
:105520007DD10021304616F09DF9E8B34FF0000917
:105530004846216911E000BFE26800EB800352F8A1
:105540002320B24208D100EB8002E168082000EB82
:10555000820031F9009002E0401C8142ECD8E878EA
:10556000C007708C02D040F4806001E040F400700D
:10557000708406F11400049982468847484528D073
:10558000304616F0E1FFB08AADF80000F08AADF8C1
:105590000200308BADF80400708BADF80600069A5F
:1055A00049465046904700E00FE06A4629213046C0
:1055B00010F0C2FD304615F0FDFB3246222110F0FE
:1055C000BBFD304616F0C0FF03E0708C20F4C060D5
:1055D0007084002000906878012810D0022816D12D
:1055E000059906F114008847B4F90010491C21F010
:1055F0000101081A00EBD07040F34F0006E0059956
:1056000006F1140088472188081A00B20090E87853
:1056100038420AD0049906F11400884700E098E067
:10562000BDF80810081AADF808003046002143F212
:105630000C0216F027FB0FFA80F93046002143F2E6
:105640000D0216F01FFB0FFA80FA304616F065FCCB
:105650000190304615F06DFB0146C9F34130012839
:105660000ED129F4C04040450ADCB0F57A7F01DD57
:10567000C0F57A70019A504390FBFBF00FFA80F965
:10568000CAF3413001280DD12AF4C040404509DC5D
:10569000B0F57A7F01DDC0F57A70484390FBFBF0EE
:1056A0000FFA80FAB18A1498F28A411A01EB0900C4
:1056B000159900B28A1A02EB0A01EA7809B2D207F8
:1056C000002A02D0BDF9082000E0009A10440FFA29
:1056D00080FA01D0009801E0BDF9080008440FFAF3
:1056E00080F95AEA09001BD0304616F02DFFB18A26
:1056F00001EB0A00B082318B01EB0A003083F18AA2
:1057000001EB0900F082718B01EB090070833046D8
:1057100016F01AFF01234A465146304616F0C4FFE0
:10572000E87838420CD1049906F11400884717999B
:105730000844BDF80C100844BDF80810084406E001
:10574000BDF80C1017980844BDF80810081AADF8F9
:105750000800E87809AAC0F38001079808F00CFE59
:105760000646002E04D0DDE9090188427FF4D3AE5D
:105770000BB0BDE8F08F0000770E01086D0E010838
:10578000130E0108BB0D0108010006002DE9F04FC2
:1057900091B00E0005463FD02E83286808B113F063
:1057A00089FD06EB4600062101EB400013F0F8FCF2
:1057B000286040B3022101EB46010144E960042165
:1057C00001EB86010144C5E9010101210024012EFC
:1057D0001AD0F000083013F00FFD814600EB860070
:1057E00000F10408B00000B2A346ADF81000C0F10B
:1057F00001028010ADF812B00FFA82FA5C46CDF8C3
:1058000028B00690ABE0FEE7B4220270E86804809E
:10581000E8684180A868048011B0BDE8F08F0027D7
:10582000BDF81220BAF1000F07DC032101EB4201A1
:105830000AEB01000FFA80FA0CE0BDF81010052306
:10584000521A03EB420202EB0A00491E0FFA80FAD9
:10585000ADF81010BDF81200401CADF8120004A8FD
:1058600000F0E9F868B1BDF9100006A9821041F80E
:1058700027200AA900F0030041F827007F1C042F0D
:10588000CEDB042F71D109990698884212D129F8EC
:10589000140028F814B0DDE90A010144DDE90C2008
:1058A0001044084469680855696800010855641C7B
:1058B00024B252E00799884219D029F8140028F838
:1058C00014B06A680A9810556A6800011055641C83
:1058D000069A20B2521E29F8102028F810B0DDE9EF
:1058E0000B120A440D99091D11446A682FE00899AA
:1058F00029F81400884228F814B0DDE90A02594654
:10590000104412D06A6810556A6800011055641C72
:10591000069A20B2521E29F8102028F81010DDE94E
:105920000C12114408316A6811E00C9A10446A683C
:1059300010556A6800011055641C069A20B2521E68
:1059400029F8102028F810100D996A680C311154AC
:105950006A6809011154401C04B20BF1010B04A840
:1059600000F069F800287FF45AAF40F2D32016FB0C
:1059700000F109EB4402881232F9022C824205D16F
:1059800008EB440232F9022C82421AD0A1EB8021AA
:10599000B1F5007F03DC494341F3CF3106E0C1F5A7
:1059A0008061494341F3CF31C1F10F0129F814005F
:1059B00028F8140068680155686809010155641CDD
:1059C00024B2A01E0EE000BF38F8102029F81420E1
:1059D00039F8102028F8142069680A5C0A55641CFC
:1059E00024B2401E0028EFDAEA6800210846118040
:1059F0001BE0EA6822F81100AB6839F8102023F8A0
:105A000011200AE0AE6839F9102036F811309342BF
:105A100000DA1A4626F81120401C38F910208A4274
:105A200001D1A042EEDB491C09B2A042E1DB4846AD
:105A300013F02EFCF0E6B0F90210B0F9000081423C
:105A400001DC012070470020704717B581B0022AA1
:105A500003D8BDF8080004B010BDBDF80830BDF88B
:105A60000400C3F3C401C0F3C40421441F2900D3BC
:105A70001F2161F3C7005907890E01EB533100F074
:105A8000070401EBC40101EB5031ADF804003F29DC
:105A900000D33F21CC0864F3020061F34F30C3F31D
:105AA0000421C0F304231944ADF804001F2900D3D6
:105AB0001F2161F30C20ADF80400FF2A07D0DDE9B7
:105AC00001010CF078FF0090BDF80000C3E780B240
:105AD000C1E717B581B0022A03D8BDF8080004B0A9
:105AE00010BDBDF80400BDF80810C0F3C403C1F335
:105AF000C40413FB04F35B0963F3C700C0F304237E
:105B0000C1F3042413FB04F35B0963F30C20430784
:105B10009B0E4C07A40E03EB503304EB513113FBE7
:105B200001F35B0A63F3020043079B0E03EB503360
:105B300013FB01F1890961F34F30ADF80400FF2A2E
:105B400007D0DDE901010CF036FF0090BDF8000040
:105B5000C5E780B2C3E717B581B0022A03D8BDF804
:105B6000080004B010BDBDF80830BDF80400C3F350
:105B7000C401C0F3C404091B002900DC002161F347
:105B8000C7005907890E01EB533100F0070401EB00
:105B9000C40101EB5031ADF80400002900DC002104
:105BA000CC0864F3020061F34F30C3F30421C0F367
:105BB0000423C91AADF80400002900DC002161F3B8
:105BC0000C20ADF80400FF2A07D0DDE901010CF03C
:105BD000F2FE0090BDF80000C3E780B2C1E700000C
:105BE000F8B5044610F0A3FA0646204610F061FA14
:105BF0000546304615F0DEF804462B2D2AD00A2D36
:105C000027D16946304615F03BF9304615F03FF88C
:105C100005460021204615F0C6FD0128BDF900000B
:105C200005EBD5711CD000EB610000BF90FBF5F0D7
:105C300001B2002900DA0021608D4FF00102884294
:105C4000204610D019F040FE00221C21204610F002
:105C500073FAF8BD618DBDE8F840002219F034BE3A
:105C6000C0EB6100E2E719F02FFEF8BD014600200D
:105C700041F6FF7200E0401C31F910309342FAD136
:105C800070471CB5044690F8500000F001008842AF
:105C90002DD094F8500011B140F0010001E020F047
:105CA000010084F8500004F1440168460BF076F8D6
:105CB000606ABDF80010828A1144ADF80010BDF88A
:105CC0000210C08A0844ADF80200606ABDF80410F2
:105CD000808A0844ADF80400606ABDF80610C08AE6
:105CE0000844ADF806006946204616F061FC1CBD6C
:105CF00008B5084611460CF07EFC0090BDF8000087
:105D000008BD2DE9F04F0646C87A89B015460F4602
:105D1000022803D8012009B0BDE8F08F18463A697F
:105D2000B968FDF787FA041EF5D0207D00F01F004A
:105D300010F0DCFF08B1062008E0207D00F01F0015
:105D400010F0C4FF08B1052000E00420226A81465B
:105D500022B1294630461DF0ECF8B7E0A069E8B35F
:105D6000294602A80AF0DBFF388818B97888B0F510
:105D7000807F2AD0A88829886A88401A401C01B2EE
:105D8000E8883B1D801A401C02B27888CDE90003E8
:105D9000B7F9003002A8FCF7C5FEBDF80800298855
:105DA0000844ADF80800BDF80A0069880844ADF859
:105DB0000A00BDF80C0029880844ADF80C00BDF8B5
:105DC0000E0069880844ADF80E0002AA04A8B16864
:105DD000FCF75EFC002879D004A800E00DE0D6F8BE
:105DE0000880B060CDF800902A4639463046A36955
:105DF0000DF056FEC6F8088068E02A4604A8B1688F
:105E0000FCF746FC002861D0BDF81400BDF8101066
:105E1000401A401C0FFA80FB0BEB4B0013F0ECF91F
:105E2000039004A901A8D6F808A00AF078FF012180
:105E300001A80BF01BF8BDF91000B5F90010BDF971
:105E40001280401A0690B5F90200A8EB000534E074
:105E500001AA514607A8FCF71BFC60B30398009009
:105E600006985B4601B22AB2204611F01FFB0128BA
:105E70000CD0204611F06FFA039813F009FA20466F
:105E800011F069FA0020C6F808A044E707A8B0603E
:105E9000CDF8009001AA39463046039B0DF000FE74
:105EA000BDF80600401CADF80600BDF80A00401C15
:105EB000ADF80A006D1C08F10108BDF91600404557
:105EC000C6DAC6F808A0039813F0E2F9204611F0EC
:105ED00042FA1FE77047000010B50420FBF76AFB89
:105EE00006484FF47A710078B1FBF0F00449096874
:105EF000BDE81040B1FBF0F0FBF768BB2C000020C0
:105F00003800002070B5054600244FF47A7603E08F
:105F1000304600F004F8641CAC42F9D370BD70B593
:105F20004FF0E0240022656964214843A169A36918
:105F30008B42FCD002D2A1EB030102E0A5EB0306E9
:105F400031440A4419468242F1D370BD38B5054642
:105F500000924C88CB888A8808882146FBF768FE27
:105F60002846BDE838400DF0ABBA70B5054611F0D3
:105F7000F9FC0646286B1AF07BF93168898B884258
:105F800023D295F83C006C6A10F0030105D0642020
:105F9000012906D0022909D106E0002060F30F0490
:105FA00004E060F3174401E060F31F64304611F031
:105FB00023FE214628460DF061F930B100221C2154
:105FC000284610F0B9F8012803D11AF057F92863D0
:105FD000012070BD2DE9F04FA1B0074614468A4656
:105FE00004A80DF043FB4FF4A021384615F0A9FB9F
:105FF0009DF81D1060F382018DF81D10A188208886
:10600000091A491C09B201EBD1714E103044ADF8A8
:106010007000608800213044ADF87200384615F0F9
:1060200078FC8146514608A814F0F2FB04A81090B1
:106030004FF4003015902D48099000200A9007F188
:1060400030008346FDF78EFB4AE02079032843D1D8
:10605000208BADF81000208AADF812006079FD2881
:1060600001D9484602E010FB09F0000A8DF81C0037
:106070002568B5F92030E88B18440090D5E9051261
:10608000A06813F07BF88046B5F92030E88B1844FF
:106090000090D5E90512E06813F070F80546608BB2
:1060A00008AA3044ADF85C001CA811901A2119947C
:1060B000384610F041F8A9B21FFA88F0CDE9000186
:1060C000BDF85C301CAA04A950460DF0BFFA08AA1E
:1060D0001B21384610F030F821465846FDF73FFBAB
:1060E0000400B2D121B0BDE8F08F000018710208A1
:1060F0002DE9F74FC878A0B00C4602287DD911468B
:1061000001A80AF01EFEB4F92000012829DD94F848
:106110002200FD2825D3208818B394F82300BDF869
:1061200004104008C0F380021144ADF80410BDF81B
:106130000610C0F340000844ADF8060094F82310A0
:10614000BDF808004908C1F3C001401AADF80800C5
:1061500094F82310BDF80A00C1F34001401AADF8CD
:106160000A00209801A9826805A8FCF791FA002886
:1061700043D0E07B10F0070619D0E088ADF80000AE
:10618000BDF800006189884200D1002601A80EF008
:106190007FF907461C210EA8FAF7C6F8A0788DF8FB
:1061A0005100BDF80000ADF840001FB105E0606887
:1061B0000090E5E7208800B9EEB3E078FD2800D331
:1061C000FF208346BDF80800BDF80410401A401CAB
:1061D0000FFA80FABDF80A00BDF80610401A401CFC
:1061E00001B289465046CA4500DB0846B4F9005062
:1061F000B5EB600F00DB451000E043E0BDF8181080
:10620000BDF81400081A401C0FFA80F84FF0FF3058
:106210001D9000200790002D00DC87B1404612F051
:10622000EBFF079000232A4601A916A80EF09CFB5D
:10623000002116A800E01CE00DF04AFF1D90BDF8FB
:106240001400ADF80C00BDF81800ADF81000079868
:10625000119003A80E901390FF208DF850004A462D
:106260005146A01D10F054FA040018D0022E0CD094
:1062700015E001A80E90E0788DF850000EA9209846
:106280000EF02EFE23B0BDE8F08FBDF91410A0680B
:1062900000EB4100BDF90410A0EB41000F90002F6E
:1062A0007DD0BDF9165027E02FB2ADF80E70ADF8D5
:1062B000127042465946079813F014F9BDF91410AC
:1062C00043463A4607980EF0A5F88DF84800012895
:1062D00002D102208DF84800012E08D1BDF9061028
:1062E000A068691A00EB41000088ADF840000EA9D3
:1062F00020980EF0F5FD6D1CBDF91A00A842D3DA06
:10630000B7E000BFBDF80600BDF9161038440FFA1B
:1063100080F9BDF80A00C01B0FFA80FA494503DD79
:10632000BDF91A10514544DB42465946079813F00F
:10633000D9F8BDF90C1043464A4607980EF06AF8A2
:106340008DF84800012802D102208DF84800BDF9DF
:106350001610494513DCADF80E90ADF81290012EE1
:1063600009D1BDF90620A168A9EB020001EB4000AC
:106370000088ADF840000EA920980EF0B1FDBDF9DF
:106380001A10514515DBADF80EA0ADF812A0012E84
:106390000BD1BDF90600A268AAEB000000E009E0FD
:1063A00002EB40000088ADF840000EA920980EF0E6
:1063B00097FD7F1CAF42A5DBBDF80400ADF8780067
:1063C000BDF80800ADF87C00BDF806002844ADF823
:1063D0007A00BDF80A00401BADF87E001EA80EF042
:1063E00057F8074630430CD001208DF84800BDF91E
:1063F0000A008DF850B0A0EB0509BDF90600054470
:1064000035E0BDF806008DF850B02844ADF80E0018
:10641000BDF80A000EA9401BADF812000020119033
:1064200020980EF05DFD24E06FB142465946079872
:1064300013F058F8BDF9141043462AB207980DF02E
:10644000E9FF8DF84800ADF80E50ADF81250012E5E
:1064500008D1BDF90600A168281A01EB40000088A8
:10646000ADF840000EA920980EF03AFD6D1C4D4588
:10647000DADD079808B112F00BFF1D98401C05D01B
:106480001D980EF01DFB16A80DF0E6FF002C3FF442
:10649000F9AE204610F035F9F4E6F0B50746086984
:1064A0008FB015460C46002871D0A17E02296ED906
:1064B00011F00FFA022820D06946206910F06CFF15
:1064C000012864D105A80DF0F3FAA0788DF820001A
:1064D000208BADF81C00E07E8DF81E00A07E8DF8AC
:1064E0001F00207F4FF0FF36E0B300996888ADF8B9
:1064F000060006EB51510844A8E0002641F6FF7063
:10650000CDE900600296D4E9041233460DA81AF0D2
:10651000EBF928460AF077FC01462A88BDF93400D9
:1065200001EBD17102EB610200EBD071A2EB6101D2
:106530000844401EADF81000ADF80C1028460AF0D3
:1065400036FC01466A88BDF9360001EBD17102EBD9
:10655000610100EBD072A1EB62010844ADF80E10AE
:10656000401E00E015E0ADF8120005A80DF056FD44
:1065700060690590208BADF82000A07E8DF82E007C
:10658000009603AA05A9384623690DF0ABFA0FB0AF
:10659000F0BD28460AF037FC298800EBD07001EBEB
:1065A00060000099C1F38A21A0EB5100ADF804000E
:1065B00028460AF0FCFB698800EBD07001EB600113
:1065C0000098A1EB9051C0F38A22ADF80610BDF8F7
:1065D0000430521E1A4406EB5050ADF8082008440F
:1065E000ADF80A0001AA05A9384623690DF038FA6A
:1065F000CDE700992888C1F38A21ADF80400491E2F
:10660000084410E001AA05A9384623690DF028FACC
:106610000098BDF80410C0F38A200144ADF80410BE
:10662000BDF808100844ADF80800BDF90400B5F93C
:1066300004108842E6DDBDF80610009801EB5051C9
:10664000ADF80610BDF80A1001EB5050ADF80A0085
:10665000BDF90600B5F906108842CADD97E7F0B526
:10666000074691F8220087B016460C4602286BD9DF
:10667000208C002868D094F8230010F03E0F63D0DF
:10668000C00761D1B08831887288401A401C01B2BD
:10669000F088B4F90050801A401C00B2814200DA40
:1066A0000846B5EB600F00DD4510314604A80AF03E
:1066B00048FB94F82300BDF91020C0F344014807BB
:1066C000B4F9200001D4284440421044ADF8100031
:1066D0000807BDF91420B4F9200001D42844404231
:1066E000101AADF8140094F82300BDF912104008F8
:1066F0008007B4F9200001D4284440420844ADF892
:10670000120094F82300BDF916104008C007B4F930
:10671000200001D128444042081AADF81600208C10
:10672000281A00B2002800DA0020A27894F822107B
:10673000CDE90212E18BADF8041000902B4604AABB
:106740003146384600F002F807B0F0BD2DE9FF4FA2
:10675000A9B01D46DDE93879DDF8D88016460C462B
:10676000FF2F00D3FF2708460DF092FE2690284306
:1067700050EA080074D029982146826808A8FBF7DF
:1067800087FF002873D0BDF82400BDF82010401A00
:10679000401C00B204901C210AA812F0D5FE0498F7
:1067A00012F02AFD0D904FF0FF302490002D0ADDED
:1067B00000232A46214615A80EF0D6F8002115A878
:1067C0000DF086FC24900123424631461BA80EF0B2
:1067D000CBF800211BA80DF07BFC259001A80A90A6
:1067E0000F90BDF8DC008DF84070ADF830008DF8EA
:1067F0004190B4F900002290B6F900C043196345F6
:1068000000DC6346B4F904000FFA83F92190B6F96D
:106810000430401B984200DB18460FFA80F8B4F9A8
:1068200002E0B6F902000EEB05018246514500DC9C
:1068300001460FB2B4F906B0B6F90610ABEB05028B
:106840008A4200DB0A4610B20590A8EB0900401C02
:1068500000B22790D6450DDC01200CE000E006E0F8
:10686000009732462146379B299800F0B8F92DB0A1
:10687000BDE8F08F002082468B4501DB012000E05F
:10688000002083462698D8B3BDF82000ADF8040058
:10689000BDF82400ADF80800BDF9224022E000BF99
:1068A000BAF1000F01D1A7421BDCBBF1000F02D1EE
:1068B0000598A0421ADB25B2ADF80650ADF80A5093
:1068C00004990D9812F06EFEBDF920102A46049B23
:1068D0000D980DF09FFD8DF838000AA929980EF04B
:1068E000FFFA641CBDF92600A042D9DA1BA80DF0FE
:1068F000B3FD25980EF0E4F82498401C07D000E082
:1069000009E015A80DF0A8FD24980EF0D9F80D980F
:1069100012F0BEFCABE72298604501DC012000E0EC
:10692000002013902198984201DB012100E0002112
:106930000120009013981291084000EA0A0010EA22
:106940000B0F04D02798322801DA00200090012094
:1069500000998DF838001AEA010F0ED0ADF80490B6
:10696000ADF808806088ADF8060070880AA9401E5E
:10697000ADF80A0029980EF0B3FA00991BEA010F4E
:106980000ED0ADF80490ADF80880F0880AA9401C3C
:10699000ADF80600E088ADF80A0029980EF0A0FADC
:1069A000139878B12088ADF804003088ADF80670EF
:1069B000401EADF808000598ADF80A000AA929980C
:1069C0000EF08EFA129878B1B0880AA9401CADF882
:1069D0000400A088ADF808000598ADF80670ADF881
:1069E0000A0029980EF07CFA0098C0B1BDF9240085
:1069F000BDF92010A9F10102ADF80410904200DBAE
:106A00001046ADF80800401A401C05B2002D70DD9C
:106A1000139850EA0A0066D0BDF9224061E0BDF843
:106A20002000ADF80400BDF82400ADF80800B4F96A
:106A30000200B6F90210401AA84200DB05460FFA20
:106A400085F8002533E06088284406B2E088401BC2
:106A500007B2BDF92200B04203DDBDF92600B842FD
:106A600024DB04990D9812F09DFDBDF90410324607
:106A7000049B0D980DF0CEFC8DF83800BDF9220076
:106A8000B04207DCADF80660ADF80A600AA92998A3
:106A90000EF026FABDF92600B84207DBADF8067005
:106AA000ADF80A700AA929980EF01AFA6D1C45452E
:106AB000C9DB8DE026B2ADF80660ADF80A60294664
:106AC0000D9812F06FFDBDF904102B4632460D985B
:106AD0000DF0A0FC8DF838000AA929980EF000FAF4
:106AE000641CA742E6DC139850EA0B001DD0059CFD
:106AF00016E01AE026B2ADF80660ADF80A60294645
:106B00000D9812F04FFDBDF904102B4632460D983A
:106B10000DF080FC8DF838000AA929980EF0E0F9F4
:106B2000BDF92600641CA042E4DABDF9200008F19A
:106B30000101884200DC0846BDF82410ADF80400CD
:106B4000081A401C05B2ADF80810002D40DD12985F
:106B500050EA0A001BD0BDF9224016E026B2ADF87B
:106B60000660ADF80A6029460D9812F01BFDBDF9CC
:106B700004102B4632460D980DF04CFC8DF8380071
:106B80000AA929980EF0ACF9641CA742E6DC129819
:106B900050EA0B001CD0059C15E026B2ADF806604B
:106BA000ADF80A6029460D9812F0FCFCBDF90410FE
:106BB0002B4632460D980DF02DFC8DF838000AA9B1
:106BC00029980EF08DF9BDF92600641CA042E4DA84
:106BD0001BA80DF041FC25980DF072FF8FE62DE902
:106BE000FF478EB00C46824615461C2102A81A9E0D
:106BF00012F0AAFCCDF808D0BDF84400ADF81000A2
:106C00008DF82060B4F90200B5F90210884201DC69
:106C1000012700E00027B4F90600B5F90610884204
:106C200001DB012600E00026B4F90000B5F90010F0
:106C3000884201DC012100E000218946B4F90410FA
:106C4000B5F90420914201DB012100E00021ADF8FB
:106C50000000A088ADF804006088ADF802006888E4
:106C60008846401EADF806001FB102A950460EF03E
:106C700037F9E888401CADF80200E088ADF806005E
:106C80001EB102A950460EF02BF92088ADF8000085
:106C90002888401EADF8040017B1B5F9020001E0E4
:106CA000B4F90200ADF8020016B1B5F9060001E032
:106CB000B4F90600ADF80600B9F1000F03D002A93F
:106CC00050460EF00DF9A888401CADF80000A088D1
:106CD000ADF80400B8F1000F03D002A950460EF041
:106CE000FFF812B0BDE8F0872DE9F04F8B46A2F512
:106CF0007F4195B091460646FF3944D0746A208C96
:106D00008046984204D02384608C40F00400608464
:106D10004FF4802A5146204615F051F80746514657
:106D2000204615F07CF80546B7F90870304607F0A4
:106D30004CFAB0F916107A1909FB021105EBD5705F
:106D4000A1EB6000ADF8060038446D1E2844ADF894
:106D50000A00706A818AADF80410008BADF8080053
:106D600006A80DF0D1FE06AA5146204615F091FA6C
:106D700001AA06A958460DF0B3FEA4F82080608C45
:106D800020F00400608415B0BDE8F08F2DE9F043D9
:106D90000E46A2F57F4191B090460546FF3956D088
:106DA0006C6A278C9F4204D02384608C40F00400DE
:106DB000608406A80DF032F94FF4802906AA4946EE
:106DC000204615F0C3F94946204615F028F8ADF8DD
:106DD0002A00284607F0F9F9050038D00698B5F9D9
:106DE0001620B0F90810BDF92A0000EB010C08FBD1
:106DF0000C2200EBD073A2EB63021044491EADF8E5
:106E00000A200844ADF80E00A08AADF80800208BD7
:106E1000ADF80C0002AA0EA8B168FBF739FC88B1E6
:106E20000EA8D6F80880B060284611F063FB034630
:106E30000020009005F1140206A930460CF052FE25
:106E4000C6F808802784608C20F00400608411B0AC
:106E5000BDE8F0832DE9F041274E074670680CF03D
:106E600049FB04463868856BE96A09B128468847BA
:106E7000206850B1606828B907E070680068816ACE
:106E800001B1884720690028F7D10120206171688D
:106E90000968C9688A69D20702D08969890700D45C
:106EA00000206061606908B1012600E000263868B2
:106EB000416971B1016911F0300F06D0490704D55D
:106EC000D5E9001000F01AF803E0D5E90021FEF73B
:106ED00021FA206800280BD06168002908D03A68A0
:106EE000127CB243D20703D1A268824202D1A160D0
:106EF000BDE8F081A060FBE7F00000202DE9F34F32
:106F000005468A4893B041680E683069820701D50A
:106F100042076ED4C0F3011002281ED0012801D010
:106F2000032866D100200F9008460CF0E3FA834650
:106F3000A988B5F90000EA88091A491C0CB2B5F90C
:106F40000210521A521C17B24FF4A052B2FBF4F3C3
:106F5000BB420FDAB2FBF4F20DE029463046149A38
:106F600000F0F0F8149A15B029463046BDE8F04F0D
:106F7000FEF7D0B93A460C920791317CC1F301116A
:106F8000012905D06880611E0844E8800020BDE02A
:106F90007188081A401EE880001B401C6880F5E7D5
:106FA0000C99A7EB0A00884200DD084600B2019068
:106FB0000120CBF81000BAF1000F20D1A7421EDB50
:106FC0000194307CC0F30110032810D0002021462A
:106FD000149A00F0EAF8307CC0F30110012809D0BF
:106FE00031880798081A401EA880001B56E001202F
:106FF000EDE797E0079828800798204466E00F980F
:1070000020B94FF4205012F0F7F80F90307CC0F305
:10701000011003281BD000208646DDF850C00199DE
:107020000F980A9014FB01F0401E0D90601E48431B
:107030000E9000208146884222DA0E9ABEF1000F9F
:1070400002EB090001D00D9A101A002212E0012073
:10705000E2E70A9BBEF1000F03EB400863460CF128
:10706000020C1B88A8F8003001D0084400E0401A48
:10707000521C12B2A242ECDB09F1010000B2D9E7C6
:10708000307CC0F3011001281BD031880798091A01
:10709000A1EB0A00401EA8800199401A401C2880DC
:1070A00001990AEB0108B84513DBDBF81800C007AB
:1070B0000FD0DBF8180080070BD50120CBF81400A7
:1070C0000AE007985044288001990844401EA8808F
:1070D000E6E70021CBF814100F9828B102462946A4
:1070E0003046FEF717F905E0149AF8E7B16A09B1DE
:1070F00030468847DBF810000028F7D10198149932
:10710000604301EB400014900FFA88F08246B842C9
:10711000FFF646AF0F98002804D015B0BDE8F04F39
:1071200012F0B6B815B0BDE8F08F0000F0000020F6
:1071300030B504880D880580108808801888108074
:107140001C8030BDF8B58B880C884D881B1BCC8803
:107150005B1C641B641C13FB04F300245B1E0DE02A
:1071600002EB430602EB44073588ADF80050B7F850
:1071700000C0A6F800C05B1E3D80641CA342EFD88F
:1071800043884C88CA881B1B5B1ECB8043889A1A95
:10719000521E4A8003880C888A881B1B5B1E8B80CA
:1071A0000088801A401E0880F8BD2DE9F0470C4683
:1071B00017468246002601EBD47931E00025601C99
:1071C00000EBD07827E0A01B401E01B2601B401EE0
:1071D00000B2BAF1000F0AD015FB041207EB42030C
:1071E00011FB040107EB410210FB046009E010FBF6
:1071F000046207EB420311FB040007EB400215FB9E
:10720000041007EB400116FB045007EB4000FFF7AA
:107210008FFF6D1C2DB2B5EB680FD4DB761C36B238
:10722000B6EB690FCADBBDE8F08700002DE9F04737
:10723000A2B005460EF07BFF044628460EF03FFF45
:107240008246606A11F056F9054694F85000C0076E
:1072500078D004A80DF058FC4FF4E02904AA494660
:10726000204615F016F804F1440101A809F096FD36
:10727000606ABDF80410828A1144ADF80410BDF8AC
:107280000610C08A01AA0844ADF80600606ABDF87D
:107290000810808A0844ADF80800606ABDF80A103A
:1072A000C08A0844ADF80A0004A950460DF018FC45
:1072B0004946204614F0C7FA06464946204614F0CF
:1072C0000FFC87194946204614F0D5FC4FF0000802
:1072D0001E490644CDF87480CDF87880E06C0968CA
:1072E000284488470246E06C41191DA812F04EF868
:1072F000BDF8040040F257423844ADF80400BDF830
:10730000060041463044ADF80600606A14F0BAFC4D
:10731000054612A80CF082FE12AA4946204614F037
:1073200015FF9DF81300022804D8BDF85400A9B237
:10733000884207D01DAB01AA12A95046CDF80080A3
:107340000CF0D0FB22B0BDE8F087000074020020F2
:107350002DE9F04FC3B0054630300E461890FCF7CB
:1073600049FA00287DD105F1140240A8B168FBF765
:107370008FF9002875D040A8D6F808A0B0603CA8C6
:107380000CF084FE4FF4E0243CAA2146284614F079
:107390002CFF2CA80DF0B8FB9DF8F8008DF8B30079
:1073A00047F6FF70ADF8B0002146284614F099FD6D
:1073B00000EBD07047102146284614F092FD00EBF8
:1073C000D0704FEA600B314601A813F021FA29A8CA
:1073D000079019A805905F48029005200E9403902D
:1073E0001898FCF7BFF9ADE00A223CA929A811F0D2
:1073F000CDFF38222CA919A811F0C8FFE088ADF8FC
:10740000A400E088ADF8680014A80A903FA80B908B
:10741000607BC00704D0B4F90000B4F902100DE09D
:10742000A288A2F5FE40FF386FD03AAB2846A1688B
:107430000AF0CAFDBDF9E800BDF9EA10AA8A1044B5
:107440000FFA80F8E88A08440FFA80F9B7B1BBF167
:10745000000F13D0A8EB0700ADF89C0008EB070065
:1074600000E074E0ADF8A000A9EB0B00ADF89E00C1
:1074700009EB0B00ADF8A20027A800E00020049063
:10748000207B81072AD0C00702D0B5F9140000E0A4
:107490004046ADF85000ADF85290217B4846890730
:1074A00002D5B5F9181000E04146ADF8FC10ADF872
:1074B000FE0001AA1A2128460EF03EFE3FAB14AA98
:1074C00029A930460CF0D5FD27AA19A930460DF0A0
:1074D00007FB01AA1B2128460EF02EFE217B11F08E
:1074E0000C0F2BD04046ADF85080490702D5B5F9B6
:1074F000161000E04946ADF85210ADF8FC00207BB4
:10750000000703D5B5F91A0001E017E04846ADF8C9
:10751000FE0001AA1A2128460EF00EFE3FAB14AA67
:1075200029A930460CF0A5FD27AA19A930460DF06F
:10753000D7FA01AA1B2128460EF0FEFD2146189815
:10754000FCF70DF904007FF44FAFC6F808A043B074
:10755000BDE8F08FE06B02082DE9F04F9FB00546C3
:107560000EF0E5FD044628460EF0A9FD1C902046CD
:1075700014F0D3FC0546204613F0DBFB0146A08A3D
:1075800005EBD57200EB62000FFA80FBE08A01EB9D
:10759000D17100EB61000FFA80FA4FEA620806A889
:1075A0000CF074FD06AA0021204614F01EFE4FF4D4
:1075B0001D7018FB00F042F2341190FBF1F0801CBA
:1075C000ADF81A0000263146204614F0C2F80546F0
:1075D00047F6FF7900234A4604F114010AA80DF08A
:1075E000C3F900210AA80CF073FD1B90A78AE28A58
:1075F000ADF80E20218BADF81010638B7819ADF823
:107600000C00481BADF810005019ADF80E00581BC7
:10761000ADF8120001234A4603A910A80DF0A4F901
:10762000002110A80CF054FD1D90BDF91A20A8EB04
:1076300005000027A0EB0209904439462046FDF7DB
:1076400051F80990BDF82400ADF81800300A00B2D6
:10765000054619F085F800FB08F00BEBE030ADF8BB
:107660005800284619F074F800FB08F00AEBE030E7
:10767000ADF85A00284619F073F800FB09F00BEB3F
:10768000E030ADF85C00284619F062F800FB09F024
:107690000AEBE030ADF85E0017AB16AA06A91C98FD
:1076A0000CF0E7FCFF1CBFB206F58766B7F5807FDC
:1076B000C3D90AA80CF0D0FE10A80CF0CDFE1B9880
:1076C0000DF0FEF91D980DF0FBF91FB0BDE8F08F2D
:1076D0002DE9F04F88468A68A7B0044600F11401EE
:1076E00024A8FAF7D5FF00287ED0D8F808001F900C
:1076F00024A9C8F808100021204614F08FF8054688
:107700000021204614F0ADF9284400B22090002159
:10771000204614F06AFA284405B2204613F0B7FA5E
:10772000B4F88410484340F30F201B90204613F018
:1077300094FAB4F88610484340F30F201D9018A81F
:107740000CF0A4FC18AA0021204614F04EFD41467E
:10775000684613F05DF8002618A80690701E0E907B
:10776000DFF8CCA10D96CDE901A609966A461A214B
:1077700020460A960EF0E0FC20463122314614F0F5
:1077800081FA00F0FF090021204614F047F88346F3
:1077900020463322314614F075FAC6B2204613F063
:1077A0008FFB2390204613F057FCB4F87E10E9B30A
:1077B000E18A2944081A00B21E90A08AADF84C0054
:1077C000208BADF85C000025B4F97E70B9F1020F92
:1077D00040D9BBF1000F3DDDB00707D500212046A1
:1077E00014F003FA10B900E09FE00125F00731D052
:1077F0000021204614F0BEF860BB7F1E3FB229E096
:107800001D9810FB05F1B4F87E006A46401E91FBFE
:10781000F0F01E990844ADF84E00ADF85E0001206E
:10782000CDE901A013A8099017A800E014E00A9080
:107830001A210E9520460EF07FFC17AB13AA18A94B
:1078400040460CF016FC6A461B2120460EF074FCE4
:107850006D1C2DB2BD42D3DBB4F88000F0B3A18A19
:107860002098002701442398081A00B21C90E08A4F
:10787000ADF84E00608BADF85E00B4F98050B9F100
:10788000020F13D9BBF1000F10DD700705D50021E1
:10789000204614F0E6F800B90127300706D500218C
:1078A000204614F039F908B96D1E2DB256460DF177
:1078B0004C0B0DF15C094FF0020A26E01B9810FBFF
:1078C00007F1B4F880006A46401E91FBF0F01C9965
:1078D0000844ADF84C00ADF85C0000E017E00E97EE
:1078E000CDE9016ACDE909B91A2120460EF024FC40
:1078F00017AB13AA18A940460CF0BBFB6A461B2124
:1079000020460EF019FC7F1C3FB2AF42D6DB4FF091
:10791000FF300E90002009900A906A461B212046F5
:107920000EF00AFC1F98C8F8080027B0BDE8F08FD9
:10793000E06B02082DE9F14F9CB01C980EF0B9FBEA
:1079400006461C980EF0F3FB0446122E7ED0152E30
:1079500001D0182E7BD1002114F0A7FAE18E41430B
:107960000F120021204614F07DFA218E01EB000A4F
:10797000204614F0D2FA0490204613F0DAF903906E
:107980002046002141F2320214F07CF905462046DF
:10799000002141F6120214F075F928440FFA80F91B
:1079A0002046002141F6130214F06CF9284400B27D
:1079B0000D902046002141F6100214F063F928448E
:1079C0000FFA80F82046002141F6110214F05AF90E
:1079D0002844618E0FFA80FB01EB0900ADF86000CE
:1079E000A18E01EB0800ADF8620094F8390000F0B8
:1079F000030001287DD018A9B8B2CDE90001DDE966
:107A000003210FFA8AF305A8FBF78CF8BDF81410D0
:107A1000A08A0844ADF81400BDF81610E08A0844A6
:107A2000ADF81600BDF81810A08A0844ADF818008B
:107A3000BDF81A10E08A0844ADF81A0004F11401E8
:107A40000D461AA80C9109F097F901E06BE067E088
:107A500005A9284609F090F9CF481C9913F083F83E
:107A600001285DD11AA90C9809F086F9152E57D175
:107A7000E08D002854D0A08D002851D0002F4FD089
:107A80001C980EF01CFB064603A80C9909F074F92B
:107A900020460FF045FE054694F8390000F003003B
:107AA00001287DD0BDF81800BDF81410401ABDF8AB
:107AB0000C100844ADF81000BDF81A00BDF81610FF
:107AC000401ABDF80E100844BDF80C10ADF81200B5
:107AD00001EB0900ADF80C00BDF80E1001EB080039
:107AE000ADF80E00BDF810100D98081AADF8100092
:107AF00000E089E0BDF81210A1EB0B00ADF8120018
:107B000094F8380000F00301012977D0800775D080
:107B1000022974D00023194630460C9A0BF0A0FFBE
:107B20001DB0BDE8F08F1C980EF0FFFA05460078F6
:107B30000228F5D094F838004FF00106C1438907B8
:107B40005AD000F00301022956D0C0F38400042863
:107B500001D0012850D120460021462214F092F88D
:107B6000C0B2FF2848D10021204614F07BF9218EB5
:107B7000C14241D10021204614F097F9E18E4143E2
:107B80000F121C980EF0D1FA8046B7F5807F37D0DF
:107B9000204613F0CEF88146204614F0BEF900E0EE
:107BA00037E0014604F13202B8B2CDE90002002309
:107BB0004A4603A8FAF7B6FFBDF80C00A18A0022D6
:107BC0000844ADF80C00BDF80E00E18A0844ADF899
:107BD0000E00BDF81000A18A0844ADF81000BDF8F1
:107BE0001200E18A0844ADF8120003A94FEA080028
:107BF000FAF776FD002893D12E7091E734E0BAE0D1
:107C0000002204F11401F3E705A9204613F059F806
:107C100014E7B4F92C0029B2401ABDF80C10401C2E
:107C200000EBD070A1EB6001ADF80C10BDF81010A6
:107C3000BDF80E20A1EB6000ADF81000B4F92E00E5
:107C40002914401A401C00EBD070A2EB6000ADF884
:107C50000E00B4F92E00401ABDF81210401C00EBC3
:107C6000D070A1EB60002FE70FA80BF021FF0FAA47
:107C70000021204614F021FAADF83E70ADF83CA08A
:107C8000608EADF84000A08EADF8420094F8380048
:107C900015AAC0098DF85000BDF8141001EB0900B9
:107CA000BDF81610ADF8540001EB0800ADF8560011
:107CB000BDF818100D98081ABDF81A10ADF8580044
:107CC000A1EB0B00ADF85A00B16810460F46FAF769
:107CD000DFFC002891D015A8B060BDF90E10608DB2
:107CE000084400B2ADF80200884203DDE18D401A7D
:107CF000ADF80200E18D80B20844401E31E000BFC3
:107D0000BDF90C10208D084400B2ADF80000884287
:107D100003DDA18D401AADF80000A18D80B20844AA
:107D2000401E0DE06A460FA93046636A0BF098FECC
:107D3000BDF800002844ADF80000BDF80400284458
:107D4000ADF80400BDF90000BDF910108842E9DB70
:107D5000BDF8021028140144ADF80210BDF8061059
:107D60000844ADF80600BDF90200BDF912108842C2
:107D7000C6DBB760D4E60DA80CF050F90DAA0021BF
:107D8000204614F0E3F900200090636A0DA9304604
:107D90000C9A0BF0A7FEC3E66CAA02082DE9F04F7F
:107DA000D3B005460EF0C3F9044628460EF087F915
:107DB0004F9010A9204612F084FF002140F60A02DD
:107DC000204613F05FFF0546002140F60B022046D7
:107DD00013F058FFBDF84010BDF84420491BADF822
:107DE00040102A44BDF84230ADF844201B1ABDF8BB
:107DF0004650511A2844ADF84600C01A401C0FFAEC
:107E000080FAADF84230D4E90A02491C0FFA81FB2E
:107E1000A2EB0008D34501DB012100E000218946E7
:107E200000213E9194F85C1001F00301012908D172
:107E3000002806DA002A04DD216B814201D10120ED
:107E40003E900021204613F021FE21900021204683
:107E500013F077FE36900021204613F0DBFE2090D1
:107E60000021204613F09BFD359004F1340010A949
:107E7000139008F06FFFA18E21980844A086218FEF
:107E80003698081A2087E18E20980144E186618F98
:107E90003598081A00B26087B9F1000F11D0E18E51
:107EA000401A401C00B204281DDAE18A0AEBDA729B
:107EB0006FF0010000EB62000844E086001D60875F
:107EC00011E0218FA08E081A401C00B204280ADAA3
:107ED000A18A0BEBDB726FF0010000EB620008443B
:107EE000A086001D2087218FA08E081A401C00B29A
:107EF0001890618FE08E081A401C00B22290B9F1F0
:107F0000000F05D004F13805DC48189F139E04E0EB
:107F100004F13606DA48229F351D3A90A36D581CAD
:107F200014D0216DA06A626D091A101A7943784342
:107F300091FBF8F190FBF8F009B200B2401A5843F7
:107F4000C21700EB126001EB202005E0216BA06A54
:107F5000081A784390FBF8F000B21690A26C501CFF
:107F600014D0216CA06A636C091A181A79437843FB
:107F700091FBF8F190FBF8F009B200B2401A5043BF
:107F8000C21700EB126001EB202005E0D4E90910D4
:107F9000081A784390FBF8F000B23F902046002189
:107FA00041F26A4213F06EFEC0B2B9F1000F28D060
:107FB00001280AD130462E4605463F98404200B27D
:107FC0003F901698404200B2169031883F9808447E
:107FD000288031881698084430803E9888B3A06A7B
:107FE0004042784390FBF8F000B2B9F1000F15D091
:107FF00031880844B5F9001000B281420BDD3080B1
:1080000039E029883F98081A401C30802988169842
:10801000081A2880E1E7318028802CE02988081A96
:10802000401CB6F9001000B2814201DD288001E059
:1080300029803080B5F90010B6F900008142EADBF2
:1080400019E0FFE73A9913988847012813DC35A80F
:108050004F9912F0DDFB4FF4003042908948369082
:10806000002037901398389035AA1A2120460EF038
:1080700063F835AAFBE050A8139908F06BFE684638
:108080000CF042FD4FF400356A462946204614F0B4
:1080900000F923A84F9912F0BBFB4FF00008794874
:1080A000CDE924083095CDF89CD01398269045460C
:1080B00023AA1A2120460EF03FF8204660222946C6
:1080C00013F0E0FD05B258465146D34500DB0846A3
:1080D000B5EB600F00DD4510229A1899BDF900003C
:1080E000914200DB1146B0EB610F00DD4810B9F1A1
:1080F000000F02D0228FA18E01E0628FE18E511A13
:10810000491C09B2B1EB400F18DD9DF82200129016
:108110009DF803709DF81A608DF803808DF81A8021
:108120008DF822806946139A4F980CF0D9FC12986A
:108130008DF803708DF81A608DF82200A18A2198BD
:1081400000230844ADF83401218B36982A46081ADA
:10815000ADF83801E18A20980844ADF83601618B0A
:108160003598081AADF83A014DA947A80CF0FCFB68
:10817000002147A80BF0ACFF17909DF822608DF806
:10818000228045468DF8368010A90EA808F0E2FD41
:10819000BDF838102198084400B2ADF83800BDF899
:1081A0003A20209911440BB2ADF83A30BDF83C208A
:1081B0003699511A0AB2ADF83C20BDF83E70359997
:1081C000791A09B2ADF83E10B9F1000F12D0C81AF1
:1081D000401C00B204281FDAE18A0AEBDA726FF061
:1081E000010000EB62000844ADF83A00001DADF854
:1081F0003E0011E0101A401C00B204280CDAA18ADB
:108200000BEBDB726FF0010000EB62000844ADF88D
:108210003800001DADF83C00BDF90020002319A86E
:1082200013990CF0A1FB002119A80BF051FF074690
:108230000EAA69464F980CF053FC8DF822608DF819
:1082400003508DF81A508DF836506946139A4F989E
:108250000CF046FC19A80CF0FFF847A80CF0FCF84D
:1082600038460CF02DFC17980CF02AFC23AA1B2191
:1082700020460DF061FF53B0BDE8F08F1F0E0108DE
:10828000C70D0108C4A902082DE9F047B8B005469A
:108290000DF04DFF044628460DF011FF82460021E7
:1082A000204613F087FA0646204613F036FE0546B0
:1082B000204612F03EFD854201DB012701E0002748
:1082C000284694F85C108046002001F00301012943
:1082D00006D1A16A002903DAE16A002900DD012044
:1082E0008FB110B1606A00280ADB012E03D100BFF4
:1082F000B4F9340001E0B4F93800ADF800000BE047
:10830000012EF8D0F4E710B1606A002801DBE08E9E
:1083100000E0608FADF8020017A80CF0F5FB4FF4F9
:10832000403517AA2946204613F0B3FF3B46424684
:108330006946204619F007FA04F16800694681464B
:1083400008F023FD514605A812F062FA2F48069066
:108350000020CDE9125017ADCDE9089507902046D1
:1083600016F0CAFA022806D005AA1A2120460DF0F6
:10837000E3FE4A463DE0382217A926A811F006F888
:1083800005AA1A2120460DF0D7FE4A4617A95046E5
:108390000CF0A6FB05AA1B2120460DF0CDFE4FB127
:1083A000012E02D0B4F9340001E0B4F93800ADF880
:1083B000000002E0608FADF802003B46424669468D
:1083C000204619F0C0F904F160006946064608F03D
:1083D000DCFC382226A917A810F0D8FF0120099547
:1083E000CDE90706139005AA1A2120460DF0A4FE38
:1083F000324617A950460CF073FB05AA1B212046F4
:108400000DF09AFE38B0BDE8F0870000F8AA020827
:108410002DE9F0438FB004460DF089FE054612F0B9
:10842000C9FC074603A80BF0F9FD03AA0021384652
:1084300013F08CFE20460DF042FE816804460E4685
:1084400007F114020DA8FAF723F9002850D00DA85F
:10845000A0600BA9384606F053F9A88AADF80400CD
:10846000E88AADF80600288BADF80800BDF82E00AC
:10847000ADF80A0001AA1046A168FAF709F94FF011
:1084800000090DF1040878B1A7682846C4F80880EF
:1084900010F030F8034605F1140203A92046CDF888
:1084A00000900BF01FFBA760A88AADF80400BDF890
:1084B0003200ADF80600288BADF80800688BADF8E7
:1084C0000A0001AA1046A168FAF7E2F878B1A76895
:1084D0002846C4F8088010F00DF8034605F1140290
:1084E00003A92046CDF800900BF0FCFAA760A66027
:1084F0000FB0BDE8F08300002DE9FF4F9FB0987BDF
:108500008A7E00F00F04DDF8B0E00E46032C18D090
:10851000012C1DD0022C21D0042C13D0082C7DD18D
:10852000A24D4FF0FF0A6101FD2A2FD2A04F3878EB
:10853000904202D17868A04225D00020DFF87482F2
:108540001FE00424994D4FF0F00A103D1021EBE795
:10855000964D4FF0800A163D0221E5E7934D4FF00E
:10856000C00A143D0421DFE715F800C0BCF1FF0F7D
:108570001DD01CFB02FC4FEA1C2C00BF08F800C0F9
:10858000401C8842F0D38B4D3A707C601F9AB3F840
:108590000680188907902199926808FB04F0B1F9C8
:1085A0000010B2F90030994203DB002302E0944648
:1085B000E4E75B1A9B46B2F9043001EB08079F42DF
:1085C00001DC414601E0591A491C89462199B2F95A
:1085D0000230B1F90210994201DB002300E05B1A7E
:1085E0001193079BB2F906200B44934201DC0799D3
:1085F00001E0511A491C0A91119941430BFB0410E7
:108600000EEBD00100F007072C911C2115A810F0EB
:108610009BFFB089ADF85C00B07E00E0C2E08DF851
:108620006C00B07FC0F3C2008DF86D00FBF7ECFA70
:108630000AF064FF079A08FB02F1814200DC084659
:108640001C9010F0D9FD0790189021980026018801
:1086500001EB0B02ADF80C200188A9F101000144E7
:108660002198ADF810104388119818448B1AADF872
:108670001200ADF80E00ADF83810ADF834200A99AC
:10868000ADF836005B1C08441BB2ADF83A000B9302
:108690000DA80BF0FDFE1D9003A815901A90C4F1D3
:1086A000080008EB0B010F90A1EB0900604312904A
:1086B000119860E033462AFA07F059464FF0000C53
:1086C0001FE02C9ADDF83C801278A8EB07080240E6
:1086D00032FA08F205D015F80280079A02F80680EF
:1086E00002E0079A02F806C00F9A974202D2274486
:1086F000E04004E02C9A0027521C50462C92491C62
:10870000761C4945DDDB1D9880B10798BDF9122024
:108710001844BDF90C1080460B9B0BF07BFE8DF8C6
:10872000640018B940460B9910F00EFFA9EB0B003E
:1087300081191C98814205D2BDF81200401CADF889
:1087400012000EE002208DF8640015A91F980CF0AD
:10875000C7FBBDF81200401CADF80E00ADF81200CA
:10876000002612982C99384401EBD00100F007073D
:1087700001982C91401C0A99019088429ADBBDF91E
:108780000E10BDF91200814209D0401EADF8120052
:1087900002208DF8640015A91F980CF0A1FB079822
:1087A00010F076FD23B0BDE8F08F00004A6A0208A1
:1087B0000401002054B600202DE9F04F8346B1F9A2
:1087C00002000C46401E411000F001004618B2F9AC
:1087D0000050B3F9000089B0854200DA2846ADF8B0
:1087E0000000B2F90000B3F90030984200DC1846EE
:1087F000401EADF804005088801BADF80200508880
:108800000844ADF8060069460846DBF80820F9F789
:108810003FFF00281FD0E08818B1A08808B10127C9
:1088200000E00027012568460BF032FE00B907B1D1
:1088300000251C2102A810F087FECDF808D0208862
:10884000ADF81000207A6E468DF8200035B102A9EF
:1088500058460CF045FB09B0BDE8F08FBDF8041098
:10886000BDF90000BDF90680091A491C0DB2BDF81A
:108870000210ADF806104FF0000A47B1B4F9061027
:10888000B4F90420114490FBF1F201FB120A2846CE
:1088900010F0B2FC079605908146BDF902603EE0FB
:1088A0002946484610F07EFEBDF900102B4632B234
:1088B00048460BF0AFFD8DF818000FB300B3002150
:1088C00050460B4617E000BFB4F90420824205DB96
:1088D000121A1144104409B200B208E0B4F906C0FB
:1088E0006244824201DC002001E009F80130491CA9
:1088F000401C09B200B2A942E6DB02208DF8180044
:1089000002A958460CF0ECFABDF80200401CADF884
:108910000200BDF80600401CADF80600761C464576
:10892000BEDD484610F0B4FC95E700002DE9FF4F8E
:10893000B2F90240B3F90250C5B0AC4208DA12886D
:1089400064F31F4062F30F0065F31F411A8807E0CC
:108950001B8865F31F40128864F31F4163F30F0007
:1089600062F30F010FFA81F904B20514A9EB0406B2
:108970004FEA214AAAEB05070391002E01DD31469B
:1089800000E07142002F01DD384600E0784281426C
:1089900001DD012000E0002015904698B0F902109A
:1089A000159858B1002F01DD384600E078424201A9
:1089B000002E01DD30460CE070420AE0002E01DDA1
:1089C000304600E070424201002F01DD384600E0F1
:1089D000784292FBF0F0AB4A105C10FB01F03F30A4
:1089E000C0114FEA600800F0010202EB080B494693
:1089F0004C4500DA2146A1EB0001ADF8581001DD2D
:108A0000214600E049460144ADF85C105146554509
:108A100000DA2946A1EB0001ADF85A1001DD294624
:108A200000E051460844ADF85E00459816A98268FA
:108A30000846F9F72DFE00287ED015980021002861
:108A40007BD0002E16DDAAEB080000B2CDE90001B4
:108A5000A5EB080002B24B46214620A80BF0BCFD56
:108A60000AEB0B00012100B2CDE900014B4605EBFA
:108A70000B0015E00AEB0B0000B2CDE9000105EB9D
:108A80000B0002B24B46214620A80BF0A5FDAAEB35
:108A90000800012100B2CDE900014B46A5EB08001A
:108AA00002B221460AA80BF097FD002120A80BF086
:108AB0000FFB189000210AA80BF00AFB15904698AE
:108AC0004FF0FF39C846407AC00623D4A8190321C5
:108AD00000B2CDE90001E01B03B22A4621462BA8D3
:108AE0000BF07AFD039902200A14911909B2CDE91D
:108AF0000010039801B2C81B03B236A80BF06CFD3E
:108B000000212BA80BF0E4FA8146002136A80BF0D7
:108B1000DFFA8046BDF85C00BDF85810401A401CD2
:108B200004B2FBF771F80AF0E9FC054616A808F054
:108B300050F9A84206D201E0A1E027E016A808F00B
:108B400048F90546AA46284610F056FB8346BDF96B
:108B50005E70BDF85A00ADF85E00002551465846DB
:108B600010F020FD1C2119A810F0EEFC16A9199197
:108B700046980088ADF86C004698BDF95A60007AB6
:108B80008DF87C00CDF870B01E9145E009EB0B002C
:108B9000CDE900A103B204EB0B0001B22A4620A8E4
:108BA0000BF01AFD0121A9EB0800CDE900A103B2E9
:108BB000A4EB080001B22A4674E700BFBDF95810C3
:108BC0000BEB0500234632B207900BF023FC8DF827
:108BD000740018B92146079810F0B6FC25442919ED
:108BE000514505D2BDF85E00401CADF85E0012E0B4
:108BF00002208DF8740019A945980CF071F9BDF8A0
:108C00005E000025401CADF85A00ADF85E005146EC
:108C1000584610F0C7FC761CBE42CFDDBDF95A1095
:108C2000BDF95E00814209D0401EADF85E00022011
:108C30008DF8740019A945980CF052F9584610F0B7
:108C400027FB20A80BF008FC0AA80BF005FCB9F1E3
:108C5000FF3F02D02BA80BF0FFFBB8F1FF3F02D083
:108C600036A80BF0F9FB18980BF02AFF15980BF0BB
:108C700027FF48460BF024FF40460BF021FF49B088
:108C8000BDE8F08F4A6B02082DE9F04F8346B1F939
:108C900002000C46401E411000F00100158889B00A
:108CA0000844281AADF8000010880844ADF8040004
:108CB000B2F90210B3F90200814200DA0846ADF8B9
:108CC0000200B2F90200B3F90210884200DC084643
:108CD000401EADF8060069460846DBF80820F9F7A3
:108CE000D7FC00281FD0E08818B1A08808B1012661
:108CF00000E00026012768460BF0CAFB00B906B168
:108D000000271C2102A810F01FFCCDF808D02088F5
:108D1000ADF81000207A6D468DF8200037B102A919
:108D200058460CF0DDF809B0BDE8F08FBDF804003E
:108D3000BDF80010BDF90670401A401C0FFA80F90A
:108D4000BDF80200ADF80600484610F055FA82461C
:108D500005900795002056B1B4F90600B4F9041047
:108D60000844BDF9021091FBF0F200FB121080469E
:108D7000BDF9025031E04946504610F013FCBDF9F0
:108D800000104B462AB250460BF044FB8DF81800F9
:108D9000A6B178B1B4F90410414502DA00208DF88B
:108DA0001800B4F90600B4F904100144414501DC8F
:108DB0004FF0000808F101000FFA80F802A95846A8
:108DC0000CF08EF8BDF80200401CADF80200BDF8B2
:108DD0000600401CADF806006D1CBD42CBDD5046C0
:108DE00010F056FA9FE77CB505460DF0A0F9446AED
:108DF00028460DF064F9626A0546816868461432B7
:108E0000F9F746FC002835D0AE68C5F808D094F8CC
:108E10003C00800621D5628FE08E824208D121235A
:108E200029462046FDF760FF2046628F21231DE082
:108E3000202329462046FDF757FF2046628F202336
:108E40002946FDF7A3FF2046E28E01232946FDF7C0
:108E50004BFF2046E28E012308E02046628F20234C
:108E60002946FDF741FF628F204620232946FDF762
:108E70008DFFAE607CBD00002DE9F04FD5B00546FA
:108E80000DF055F90446008E00287DD028460DF0DF
:108E900016F94F90608C49A940F004006084204688
:108EA00011F00FFF0025278C2584608CA94640F027
:108EB00004012E46C846618433A80BF025FE41A864
:108EC0000BF0ACF84FF4A02A33AA5146204613F019
:108ED000E0F941AA5146204613F038F9608C002190
:108EE00020F0040060842046278412F09AFE5390FC
:108EF0000021204612F05AFD52900021204612F027
:108F0000CCFD51900021204612F022FE509020A866
:108F10004F9911F07DFCB548CDF8B4A0CDE92108FA
:108F200012A824900AA8259054E1761CB6B2606A73
:108F3000AFA150F82600F7F709FA0028F5D0E06A4B
:108F400030F81500C0F3C001002974D18846C0F381
:108F5000C01109B14FF00108C0F3401010B148F042
:108F6000800014E0A08EA84212D1B80601D548F0C6
:108F70002008B80701D548F00208780701D548F065
:108F80000408380704D500E02CE148F008008046CA
:108F9000A06A00EBC50103A807F0E5FEBDF80C10C0
:108FA000BDF82401B8F1000F0144ADF80C10BDF874
:108FB0000E20BDF826110A44ADF80E20BDF8102091
:108FC0001044ADF81000BDF812000844ADF81200CE
:108FD00026D0A4F82080608C40F00401618412A89F
:108FE0000BF092FD0AA80BF019F812AA5146204680
:108FF00013F04FF90AAA5146204613F0A7F8278428
:10900000608C20F004016184E06A30F81500C0F340
:10901000003000289DF845000ED040F001000DE022
:10902000382233A912A810F0B1F9202241A90AA8C8
:1090300010F0ACF9E8E7C9E020F001008DF8450038
:1090400003A8239020AA1A212E9520460DF074F82B
:109050009DF86B004108C9063CD520F03E001E304B
:109060008DF86B00B4F914305199BDF90C201944F6
:109070008A4203D120F008008DF86B00B4F9182063
:109080005098BDF91010101A814205D19DF86B005F
:1090900020F010008DF86B00B4F916205398BDF93C
:1090A0000E101044814205D19DF86B0020F00400A1
:1090B0008DF86B00B4F91A205298BDF91210101AED
:1090C000814207D19DF86B008108490061F345009A
:1090D0008DF86B00BDF81210BDF90E00091A491C7D
:1090E0000FFA81FB5FEA886108D5E16A31F8151053
:1090F000890503D5A0EB0B00ADF80E0003AA12A959
:109100004F980BF0EDFC606ABDF93C30BDF93A10A8
:1091100050F826000890BDF82801BDF824C10A9A2D
:10912000A0EB0C00401C00B2CDE900109DF845C03A
:10913000CDF808C054A8089917F0D6FBBDF8101058
:10914000BDF80C00BDF95031091A491C09B2C91A01
:1091500001EBD17100EB6100ADF80C00BDF812100D
:10916000BDF80EC0BDF95221A1EB0C01491C09B29A
:10917000891A01EBD1710CEB610109B21844ADF809
:109180001000881802B2ADF80E10ADF812205FEA98
:1091900088600ED5E06A30F81500800509D50BEB24
:1091A000DB70A1EB6001A2EB6000ADF80E10ADF832
:1091B0001200CDF8009003AA0AA9089B4F980AF064
:1091C00091FC20AA1B2120460CF0B6FF6D1C761CDA
:1091D000ADB2B6B2208EA8423FF6A9AE608C20F0A8
:1091E0000400608455B0BDE8F08F0000FCA90208BF
:1091F0000A0000002DE9F04FA7B005460CF097FFDC
:10920000044628460CF05BFF22900021204612F015
:109210000CFB0546002141F61202204612F032FDF9
:1092200028440FFA80FB002141F61302204612F079
:1092300029FD28440FFA80FA0021204612F0FFFC95
:1092400028440FFA80F918A80AF0E8FE18AA4FF48B
:109250000031204612F07AFFA06A08B1179009E0A9
:1092600080200FF0C9FF05460146802220460CF001
:10927000F9FC179594F83C00002700F00F00012836
:1092800000D101272046002141F26A4212F0FAFC87
:10929000C0B2012800D10127E06A002869D00EF091
:1092A00018FB804602280DD002A9E06A0EF074F87F
:1092B00001281BD04FF0FF363546E7B1A18A01EBFC
:1092C0000B001CE0BDF972009DF87D2041F6FF7196
:1092D0008DE80700BDF97430189A15A8E16A17F0F7
:1092E00003FBBDF95460BDF95650E6E70298C0F3A0
:1092F0008A26450DE1E7218BA1EB0A00801B711E38
:10930000ADF814000844ADF81800B8F1020F5ED0B3
:10931000204611F00EFD401BE18A00EBD07001EBFE
:109320006000ADF81600691E0844ADF81A0011A8D7
:109330000AF0BEFB4FF4003811AA4146204612F055
:10934000BCFE06EBD6704010ADF8480005EBD570BA
:109350004010ADF84A00204643F60F02414612F095
:1093600091FCADF8440005AA11A9E36A22980AF01D
:1093700077FB09A80AF052FE09AA0021204612F044
:10938000E5FEBDF936009DF8412041F6FF718DE8FC
:109390000700BDF9383007A8099A179917F0A4FA01
:1093A000E18A01EB0900BDF81E10ADF80E0008447B
:1093B000ADF81200E06AE0B13FB3218BA1EB0A00E7
:1093C000BDF81C10B0EB0100ADF80C0024E0E18A00
:1093D0006D1E01EB0900ADF816002844ADF81A0027
:1093E0000020009005AA18A9E36A22980AF07AFBE7
:1093F000BFE7204612F091FDBDF91C10A28A401A69
:1094000000EBD07002EB6000DEE7A18A01EB0B00FD
:10941000BDF81C10ADF80C000844ADF81000002099
:10942000009003AA09A9179B22980AF05BFBA06A87
:10943000002802D117980FF02BFF27B0BDE8F08F5E
:109440002DE9F04798B005460CF071FE0446284619
:109450000CF035FE06460FA9204611F0D0FB94F81B
:1094600048000025C10600D50125800601D545F03C
:1094700002050021204612F03BFDA0F51C51D13918
:1094800004D1608C400501D445F0040507A80AF01A
:10949000C5FDB4F84400ADF83200B4F84600ADF8AC
:1094A00034008DF8395007AA0021204612F04EFEF4
:1094B0009DF83800012708B98DF83870E06B0890E6
:1094C000206C099008994FF6FF70814219D00999D4
:1094D000814216D04FF48028204644F2574241463C
:1094E00012F0D0FB0090BDF80000ADF82A00204635
:1094F0002022414612F0C6FB0090BDF80000ADF8F6
:109500002C0094F8480041F6FF7A00F0070002288A
:1095100001D003281ED19DF83800022801D003286D
:1095200018D1BDF92E100295CDE9001ABDF93030E1
:10953000079A16A8616A17F0D7F9BDF84000BDF880
:109540003C10401A401CBDF9581000B2884201DAA4
:109550008DF8387094F8480004F1300700F00700E7
:10956000032809D0BDF84200BDF83E10401A401C47
:1095700000B2B0F5806F00DA00270FA914A8B26816
:10958000F9F786F800287DD094F8480040070BD101
:10959000204611F061FD404202B200210FA807F001
:1095A00051FC608BADF8420094F848000DF1500971
:1095B00000F00700022813D0032811D000970FAA4B
:1095C00007A93046636A0AF08DFAB068C6F80890B9
:1095D000804694F8480000F0070003280FD05FE0B1
:1095E000D6F80880C6F8089000970FAA07A9304659
:1095F000636A0AF077FA4046C6F80880E6E7BDF9E4
:109600002E100295CDE9001ABDF93030079A06A850
:10961000616A17F069F9BDF84000BDF83C10401AC6
:10962000401CBDF9181000B2884219DA20221146F8
:1096300007980CF05CFEB4F84410BDF8182000EB5D
:10964000400011440844ADF83200B4F84600ADF8CB
:10965000340000970FAA07A93046636A0AF042FA5D
:10966000BDF84200BDF83E10401A401C01B2BDF9E1
:109670001A00814214DAB4F84410ADF83210079998
:10968000098900E00EE0B4F8462000971044084431
:10969000ADF834000FAA07A93046636A0AF022FA2F
:1096A000C6F8088018B0BDE8F0872DE9F04397B000
:1096B00007460CF0FEFC054638460CF038FD044623
:1096C0004FF48026152D7DD0182D7CD138460CF016
:1096D000F6FC054607A80AF0A1FC07AA3146204679
:1096E00012F034FD13A9204605F00AF813AA15A8B4
:1096F000A968F8F7CDFF002865D0204604F06CFD7E
:109700008146204612F009FC064648460EF0F2FE5D
:10971000BDF92E10CDE90016022202920146BDF9D4
:10972000303005A8079A17F0DFF8204611F001FB4A
:10973000B4F9161000EBD076B9F9160001EB66010A
:10974000471A484611F0F5FAB90391FBF0F70021EA
:10975000204612F03CFB0799B0F90800B1F9081057
:10976000081A00EBD070BDF816104010091A09B2A3
:10977000ADF81610E28A794302EB660202EBA131E2
:109780000F1A0021204612F057F88046204600218B
:1097900041F6120212F076FA06462046002141F602
:1097A000130212F06FFAA28A06EB08011144ADF819
:1097B0004010ADF84270218B081AA0EB0800ADF8FC
:1097C000440001E01DE019E0BDF816003844ADF892
:1097D00046009DF8390040F002008DF8390015A8C8
:1097E000AC68A86048460EF085FE03460020009055
:1097F00010AA07A928460AF075F9AC6017B0BDE8B1
:10980000F08338460CF05BFC054610A9204604F0B6
:1098100077FF68460BF078F96A463146204612F029
:1098200038FD10AA694628460BF05AF9E6E72DE9FB
:10983000F043ABB005460CF07AFC044628460CF029
:109840003EFC81460021204612F03CF907460021EB
:10985000204612F092F906460021204612F0FDF94A
:1098600005460021204612F0B6F8A18AE28AADF83A
:109870008A20238BADF88C30B4F81AC03944ADF887
:109880008810991BADF88C10ACEB00005119ADF8A5
:109890008E00ADF88A1006A80BF036F906AA4FF430
:1098A0000031204612F0F5FC22AA06A948460BF02A
:1098B00017F9204611F03DFA0546208BA18A411A7E
:1098C000491C481B06B2606A411C06D07043C11790
:1098D00000EB116040F30F2708E0204611F01EFF57
:1098E00010F0010F01D0374600E00027204600218C
:1098F00041F26A4212F0C6F9C0B2012801D1F01B50
:1099000007B2A08A3844ADF800002844ADF804003E
:10991000E08AADF80200608BADF806004FF44037E6
:109920003946204612F0CEF806463946204612F057
:1099300024F980463946204612F08FF9054639460B
:10994000204612F048F8BDF80010BDF80420891B2D
:10995000ADF8001002EB0801ADF80410BDF80210DC
:10996000491BADF80210BDF806100844ADF806001A
:1099700014A80BF0C9F814AA3946204612F089FC45
:109980006A4614A948460BF0ABF82BB0BDE8F0834B
:109990002DE9F04FE5B005460CF0C9FB044628461A
:1099A0000CF08DFB8346826804F1140116A8F8F7C9
:1099B0006FFE00287ED0DBF80800089016A9CBF8CF
:1099C00008102046002141F2320212F05BF900B289
:1099D0005B900021204612F047F95F90002120465D
:1099E00012F000F861900021204612F072F85E90AB
:1099F0000021204612F0C8F84FF4A0255D902946BA
:109A0000204612F066F80D902946204612F0BCF868
:109A10000A902946204612F027F91590294620463B
:109A200011F0E0FF1490208C00260E902684608CAC
:109A300040F00401618428A80BF066F828AA2946A2
:109A4000204612F026FC18A80AF0E8FA18AA2946BF
:109A5000204612F07BFB0E982084608C002720F0BB
:109A600004006084204611F005FBE28A5F991144EE
:109A7000091A5B980844401EADF81600204611F004
:109A8000F2FA5C900021204611F09BFE012800D0E4
:109A900000205A90594637A810F0BAFE4FF4A02083
:109AA0004490E04838900020399049A83B9020A885
:109AB0003C9000E093E0002089E0E16ABDF81600E8
:109AC00031F919105791401C00B2491E0144ADF8FC
:109AD0001610BDF95E10ADF8120088427CDC5A9871
:109AE00050B1218B5D98091A5C98091A5B98081A85
:109AF000401EADF8100009E0A18A5E9801445C9810
:109B0000091A5B980844401EADF81400002558E07F
:109B1000A06A4FF0000A50F8270008B190F800A0A2
:109B20005A9860B1BDF81000401EADF81400216BCA
:109B300031F81510401A401CADF810000BE0BDF8CC
:109B40001400401CADF81000216B31F815100844CA
:109B5000401EADF81400002621E0A16AB81951F8A2
:109B6000200008B390F800A05FEACA701CD05A9891
:109B7000216B002805EB06024FF0020000EB4200CB
:109B8000085A05D0BDF81010081AADF8100004E00E
:109B9000BDF814100844ADF81400761CB6B2A08CC1
:109BA0007119401E8142D8DBBDF91600BDF95A106B
:109BB000884217DAB819401C87B2A81980B2401C35
:109BC00085B2A08CA842A3D809F1010080B2E18C33
:109BD000814649453FF671AF0898CBF8080065B05B
:109BE000BDE8F08FBDF91020ADF83C20BDF9121092
:109BF000ADF83E10BDF91480ADF84080ADF84200DC
:109C000086469DF8C300C0F3440043070DD5B4F960
:109C100014C05E9B63449A4207DDBDF9C03003EB7C
:109C2000D373A2EB6302ADF83C2082070DD5B4F9E3
:109C300016305F9A1A44914207DDBDF9C02002EB4D
:109C4000D272A1EB6201ADF83E10010711D5B4F953
:109C500018205D99511A491E88450ADABDF9C010CD
:109C600001F0010201EBD17102EB61014144ADF859
:109C70004010C00712D0B4F91A206198101A401E83
:109C800086450BDABDF9C00000F0010100EBD07091
:109C900001EB600101EB0E00ADF84200E28E002105
:109CA0004A4569D1A08EA84266D1208C420602D4D2
:109CB000820600D52021820701D541F0020142072A
:109CC00001D541F00401000701D541F00801E9B3D5
:109CD0002184608C40F00401618449A80AF014FFDB
:109CE00020A80AF09BF94FF4A02849AA4146204633
:109CF00012F0CFFA20AA4146204612F027FA0E9819
:109D00002084608C20F0040161840FA83A90A18C1B
:109D100037AA09FB015045901A2120460CF00CFA95
:109D20000FAA49A958460AF0DBFEA06A50F827009E
:109D3000F0B3BDF810100D98084403B2BDF814102C
:109D40000A98ADF84430081A02B200E014E0BDF8F9
:109D500012101598ADF848200844ADF84600BDF83B
:109D600016101498081AADF84A00CAF340005FEACA
:109D700000080CD002210BE0382228A949A80FF0D6
:109D800005FB202218A920A80FF000FBBDE7002149
:109D9000D01A401CBDF9922000B20092CDE9010119
:109DA000A06ABDF9943050F8271060A8491C00E063
:109DB00031E0189A16F098FDB8F1000F14D15798B9
:109DC000BDF98221BDF8121000EBD07301EB6300E6
:109DD00002EBD272A0EB6200ADF84600581000EB27
:109DE00062000844ADF84A0004AA16A962A8F8F770
:109DF0004FFC80B162A90020CBF808100090A06A47
:109E000011AA20A950F8273058465B1C09F06AFEB9
:109E100016A9CBF8081037AA1B2120460CF08CF9A4
:109E2000C8E6000030AB02082DE9F04F8B4607462C
:109E300090881188A9B0401A401C00B200EBD07085
:109E400046108819ADF8780050883044ADF87A0093
:109E500020A80AF01BF94FF4A02420AA2146384676
:109E600012F0C3F918A809F023FE18AA21463846B3
:109E700012F023F90021384611F04BFD8246594675
:109E800002A810F0C5FC604803901EA80B9007F1D3
:109E900030002490F9F766FCAFE025681394207930
:109EA000012801D0A0B3A4E0B5F92030E88B184414
:109EB0000090D5E90512E0680FF060F9A98B628A7D
:109EC00000B211448D19804616F04AFC10FB05F1D2
:109ED00047F6FF7991FBF9F0BDF87A100844ADF828
:109EE0009A00404616F038FC10FB05F191FBF9F0A2
:109EF000BDF878100844ADF89800A08AADF880004D
:109F0000208AADF882006079FD2802D9504603E02E
:109F100016E010FB0AF0000A8DF88800012010906E
:109F200020A8089026A80C9002AA1A2138460CF006
:109F300003F926AB1EAA20A958460AF09AF853E066
:109F40002069E0B3B5F92030E88B18440090D5E9DA
:109F50000512E0680FF012F9054625A920690DF0F9
:109F60001BFABDF87800A18A411AADF85810BDF867
:109F70007A00E28A801AADF85A00259AC2F38A2341
:109F80005B1E1944ADF85C104FF0FF3101EB5251EC
:109F90000844ADF85E006079FD2801D9504602E022
:109FA00010FB0AF0000A8DF86B00A08AADF864007F
:109FB000E08AADF8660005EB8500400000E018E09F
:109FC000B0F5616F01DDA0F56160ADF8600018A823
:109FD000099002AA1A2138460CF0AEF816AA18A960
:109FE0005846236909F03CFD02AA1B2138460CF0B3
:109FF000A3F821462498F9F7B2FB04007FF44DAF93
:10A0000029B0BDE8F08F00001871020830B5054690
:10A0100091F82A0089B00C4602285FD9E08C00280C
:10A020005CD0114604A806F08CFE208DBDF81010FF
:10A03000401E091AADF81010BDF81210091AADF83B
:10A040001210BDF814100144ADF81410BDF816102C
:10A050000844ADF8160004A906A806F072FEBDF883
:10A060001810E08CBDF81220091AADF81810BDF8D0
:10A070001C100844ADF81C00BDF81A00E18C401A11
:10A08000ADF81A00BDF81E00E18C0844ADF81E00C2
:10A09000BDF81400BDF81010401ABDF81610401C91
:10A0A000891A491C00B209B2B4F90020884200DACA
:10A0B0000146B2EB610F00DD4A10E08CA17810443C
:10A0C00003B294F82A00CDE90201A08CADF8040097
:10A0D000009204AA06A92846FCF738FB09B030BD57
:10A0E000F8B504460CF023F8064620460CF01DF89F
:10A0F0000446406BB0F5A02F51D1A06B0025072876
:10A1000005D22069C570206980F8225012E081B222
:10A110002022304607F096FB60B12069C5702069A7
:10A1200080F82250122013F03BFC00906069BDF8CB
:10A1300000108181208F4FF4004281B2304607F039
:10A1400081FB98B121696620C870304616F078F816
:10A1500000902069BDF800108180304607F070FB48
:10A16000A16B884202D12169B220C870208F4FF4C0
:10A17000804281B2304607F065FB00280FD021698C
:10A18000FF2081F82200304616F05AF8009020692E
:10A19000BDF80010C1832169088C401C0884F8BDFB
:10A1A0002DE9F0418CB005460BF0C1FF044628466E
:10A1B0000BF085FF8046606A0EF09CF9007800285D
:10A1C0003BD1A06A002838D00078002835D001A8FB
:10A1D00009F024FF01AA4FF40021204611F0B6FF38
:10A1E00094F85C00000705D59DF8210040F00200BE
:10A1F0008DF821000021204611F072FC0746002155
:10A20000204611F038FD06460021204611F01BFBC8
:10A21000054604F1140109A806F0C0FD701902B248
:10A22000781901B209A806F00DFE0020009009AAD5
:10A2300001A94046A36A09F055FC0CB0BDE8F081C5
:10A240007CB50446806961896D468668A08961B1E4
:10A25000002865D0814203D12289E3889A427CD3C9
:10A2600002297BD003297AD0AFE010BBE088218996
:10A2700088421ED2B4F9060016F072FAB4F904103E
:10A28000B4F90E20891A48432168498801EBE0306F
:10A29000ADF80200E0885A3000B216F061FAA188E9
:10A2A00010FB01F02168098801EBE030ADF80400F3
:10A2B00040E020680088ADF800002068A188408850
:10A2C0000844ADF80600B4F9060016F049FAB4F9EE
:10A2D0000410B4F90E20891A48432168498801EB1B
:10A2E000E030ADF80200E0885A3000B216F038FADB
:10A2F000A18810FB01F021683246098801EBE030AB
:10A30000ADF8040069460846F8F7C2F930B1A06913
:10A310006A4685602169A0690AF0E2FBA08970BBEA
:10A320002068A18800880844ADF8040020684088AF
:10A33000ADF80200B4F9080016F012FAA18810FB7B
:10A3400001F02168498801EBE030ADF80600208972
:10A350005A3000B216F004FA02E015E012E00FE005
:10A36000B4F90410B4F90E20891A48432168324622
:10A37000098801EBE030ADF8000069461AE024E0FE
:10A38000022801D0012820D1206832460088ADF88B
:10A39000000020684088ADF802002068A18800888D
:10A3A0000844ADF804002068A18840880844ADF84E
:10A3B000060029460846F8F76BF930B1A0696A46ED
:10A3C00085602169A0690AF08BFBA06986607CBD6D
:10A3D0007CB50446806961896D468668A08901293B
:10A3E0000CD0012867D0814203D12289E3889A42A8
:10A3F0007ED300297DD003297CD0B5E0012822D16D
:10A40000E088218988421ED2B4F9060016F0A8F926
:10A41000A18810FB01F02168498801EBE030ADF81C
:10A420000600E0885A3000B216F09AF9B4F9041028
:10A43000B4F90E20891A48432168098801EBE030FD
:10A44000ADF8040042E02068A1880088401AADF809
:10A45000000020684088ADF80200B4F9060016F04C
:10A460007FF9A18810FB01F02168498801EBE030F9
:10A47000ADF80600E0885A3000B216F071F9B4F970
:10A480000410B4F90E20891A48432168324609881D
:10A4900001EBE030ADF8040069460846F8F7F8F83B
:10A4A00030B1A0696A4685602169A0690AF018FB8D
:10A4B000A089012858D120680088401EADF804000A
:10A4C0002068A18840880844ADF80600B4F9080067
:10A4D00016F046F9B4F90410B4F90E20891A48436D
:10A4E0002168498801EBE030ADF80200208902E0E4
:10A4F00018E010E014E05A3000B216F031F9A188EB
:10A5000010FB01F021683246098801EBE030ADF81C
:10A51000000069461DE0022804D0032802D023E091
:10A52000022821D12068A18832460088401AADF85F
:10A53000000020684088ADF8020020680088401EB6
:10A54000ADF804002068A18840880844ADF80600F2
:10A5500029460846F8F79CF830B1A0696A4685603C
:10A560002169A0690AF0BCFAA06986607CBD7CB54F
:10A570000446806961896D468668A08902290CD0ED
:10A5800002287ED0814203D12289E3889A4279D37E
:10A59000002978D0012977D0D4E002283FD1E08883
:10A5A000218988423BD25A3000B216F0D9F8A188EE
:10A5B00010FB01F02168098801EBE030ADF80000E4
:10A5C000B4F9060016F0CCF8B4F90410B4F90E2072
:10A5D000891A48432168498801EBE030ADF806004C
:10A5E000B4F9080016F0BCF8A18810FB01F021684E
:10A5F000498801EBE030ADF8020020895A3000B202
:10A6000016F0AEF8B4F90410B4F90E20891A4843D4
:10A610002168098801EBE030ADF8040066E02068AD
:10A620000088401EADF804002068A1884088401AC8
:10A63000ADF80200E0885A3000B216F091F8A18817
:10A6400010FB01F02168098801EBE030ADF8000053
:10A65000B4F9060016F084F8B4F90410B4F90E2029
:10A66000891A484321683246498801EBE030ADF849
:10A67000060069460846F8F70BF858B1A0698560EE
:10A6800003E00AE03BE034E036E06A462169A06975
:10A690000AF026FAA089022854D12068A1880088EF
:10A6A000401AADF8000020684088401EADF8060052
:10A6B00020895A3000B216F053F8B4F90410B4F9F6
:10A6C0000E20891A48432168098801EBE030ADF873
:10A6D0000400B4F9080016F043F8A18810FB01F05B
:10A6E0002168498801EBE030ADF802003246694646
:10A6F0001DE0032803D025E0032800D010BB20680C
:10A70000A18832460088401AADF800002068A18870
:10A710004088401AADF80200206829460088401E93
:10A72000ADF8040020684088401EADF806000846D9
:10A73000F7F7AEFF30B1A0696A4685602169A0696C
:10A740000AF0CEF9A06986607CBD7CB504468069BC
:10A7500061896D468668A08903290ED0032867D0D9
:10A76000814203D12289E3889A427ED302297DD097
:10A7700001297CD002297BD0B1E003281FD1E088D9
:10A78000218988421BD25A3000B215F0E9FFB4F992
:10A790000410B4F90E20891A48432168098801EB96
:10A7A000E030ADF80000B4F9060015F0D9FFA1883B
:10A7B00010FB01F02168498801EBE03040E020689F
:10A7C000A18800880844ADF8040020684088401E35
:10A7D000ADF80600E0885A3000B215F0C1FFB4F9B8
:10A7E0000410B4F90E20891A48432168098801EB46
:10A7F000E030ADF80000B4F9060015F0B1FFA18813
:10A8000010FB01F021683246498801EBE030ADF8D9
:10A81000020069460846F7F73BFF30B1A0696A4677
:10A8200085602169A0690AF05BF9A089032856D1E7
:10A8300020680088ADF800002068A1884088401A90
:10A84000ADF8020020895A3000B215F089FFA188C6
:10A8500010FB01F02168098801EBE030ADF804003D
:10A86000B4F9080015F07CFF03E016E010E013E0F7
:10A870000FE0B4F90410B4F90E20891A4843216896
:10A880003246498801EBE030ADF8060069461BE02E
:10A8900018B1012801D022E008BB206832460088A8
:10A8A000ADF800002068A1884088401AADF8020089
:10A8B0002068A18800880844ADF804002068294673
:10A8C0004088401EADF806000846F7F7E1FE30B1BB
:10A8D000A0696A4685602169A0690AF001F9A0694A
:10A8E00086607CBD70B5A4B00C46054620AA22A99E
:10A8F00010F0C8FB22A806F06CFA20B920A806F0D8
:10A9000068FA00283ED012A9284618F02DF901282F
:10A9100038D1214668460FF07BFF1B48019002208A
:10A92000029012A804904FF480300D9022A806F0F7
:10A9300050FA80B122A803906A461A2128460BF0EB
:10A94000FBFB22AA12A920460AF0CAF86A461B217C
:10A9500028460BF0F1FB20A806F03BFA002811D0A6
:10A9600020AE6A461A21284603960BF0E5FB20AA82
:10A9700012A9204603960AF0B3F86A461B2128461E
:10A980000BF0DAFB24B070BD106A02082DE9F04F1D
:10A990000F468A68B5B0044600F1140115A8F7F710
:10A9A00077FE002874D0B8682F9015A8B8600021F1
:10A9B000204611F056F806460021204611F015F900
:10A9C0008246204610F063F9B4F88410484340F3FF
:10A9D0000F29204610F041F9B4F88610484340F39F
:10A9E0000F20189004F124001790F8F7A6FE0546F2
:10A9F0000021204611F00BF8B4F8841048434FEAC8
:10AA00002028B4F88200C0F1010303FB089191FBF8
:10AA1000F0F001B2B1FBF5F000B24FF4A0252D909B
:10AA20002946204610F0F3FFB4F884104843001282
:10AA30003290204610F044FA301A0FFA80FB20467C
:10AA400010F00AFBAAEB000000B231901AA80AF03D
:10AA50005BF81AAA2946204611F01BFC9DF87700E6
:10AA600020F007008DF87700FF208DF86B00608BD9
:10AA7000BDF868100844ADF8AE00394601A80FF0E3
:10AA8000C7FE4848029004200E95002603907FE000
:10AA900085E000BF09EB0801714391FBF0F101EB88
:10AAA0000B00A18A0F9608440FFA80FA1798F8F75E
:10AAB00059FE69E0287BC00762D194F8880000073E
:10AAC00001D4688900E000202D9A329B524401B2E3
:10AAD000D31A5046ADF8A8A05B1E0FFA82FA1BB23B
:10AAE000BDF95420ADF8AC30934249DBBDF9582094
:10AAF00090424BDC2889ADF86C00B4F882003144F8
:10AB000091FBF0F200FB12102A7B6968C2F300137C
:10AB100004EB430200B232F96C3F31F91010B2F984
:10AB20000420C91ADDF860C0D21A01FB0CF191FBB8
:10AB3000F2F2319BE18AACEB02021A441144ADF807
:10AB4000AA10696831F91010A1F5FE42FF3A17D03A
:10AB50002AA904911AA912950591696801AA31F9E7
:10AB6000100011901A2120460BF0E6FA2AAA1AA921
:10AB7000384609F0B5FF01AA1B2120460BF0DCFA8C
:10AB800029461798F8F7EBFD050093D1761CB6B26D
:10AB9000B4F88200B0423FF67DAF2F98B86035B070
:10ABA000BDE8F08FE06B02082DE9F04F89468A6816
:10ABB00000F11401C1B005460F463CA8F7F768FD47
:10ABC00000287CD03CA9D9F808A0C9F80810B5F82D
:10ABD0008200022873D30021284610F01FFE04468D
:10ABE0000021284610F03DFF06190021284610F0EC
:10ABF000FCFF0444284610F04AF8B5F88410484396
:10AC000040F30F200F90284610F027F8B5F8861073
:10AC1000484340F30F200990284610F051F9A98AC3
:10AC20003144081A00B23990284610F015FAE98A22
:10AC30002144081A00B23A9039463EA8D9F80820B3
:10AC4000F7F726FD00283AD027A809F01FFA27AA0F
:10AC50004FF4A021284611F0C8FA2AA809F054FFA1
:10AC60004FF400342AAA2146284611F012FB21464F
:10AC7000284611F036F900EBD070471021462846DF
:10AC800010F00FFE00EBD07041108B46BDF99E0016
:10AC90005F4500DA394600EBD072B1EB620F05DD9B
:10ACA0009DF8A51041F010018DF8A510012805D1DF
:10ACB0009DF8A50040F010008DF8A50000E087E1A8
:10ACC000B5F882100F98814201DB012000E00020DE
:10ACD0003B9005F124003890F8F744FD73E1207BA8
:10ACE000C0077CD12089ADF89C002089ADF8AC006C
:10ACF00095F88800000701D4608900E0002000B2C8
:10AD00000C903998ADF81800ADF808000C98059033
:10AD100013906168099B31F91000217BC1F3001287
:10AD200005EB420131F96C2FB1F90410801A584338
:10AD3000891A90FBF1F0191A3A980844ADF80A0004
:10AD4000494614A80FF064FDA348159003201690FF
:10AD50004FF4A020219027A81A902AA82594189093
:10AD6000BDF90A00039000260790E9E0BDF908103C
:10AD7000ADF81810BDF80A00ADF81A00BAF90420B1
:10AD8000781C104481427BDC0F98B5F88220704318
:10AD9000531E90FBF3F33998184400B2ADF8080045
:10ADA0000C9B334493FBF2FC02FB1C3212B2059263
:10ADB0006368DDF824C033F91220237BC3F300134A
:10ADC00005EB4303B3F96C80B3F97030A2EB0802D2
:10ADD00002FB0CF2A3EB080392FBF3F200E0EEE0BF
:10ADE000ACEB02033A9A1A4412B2ADF80A2090462C
:10ADF000BAF90020D21B521E90423FDB002E3DD0FC
:10AE00003B9AE2B36368139A33F912C047F6FF72B4
:10AE1000944533D0DDF814C033F91C3093422DD063
:10AE2000079B984501DA1A4600E04246039B0792C9
:10AE3000984501DD1A4600E04246039281427BD0EC
:10AE4000401EADF81800ADF808000798ADF81A20BC
:10AE5000ADF80A00824202D1401CADF80A0002ABF4
:10AE600006AA27A9484609F004F9BDF80800CDF85C
:10AE70000C80401CADF80800CDF81C805CE000E0C0
:10AE800063E0BDF81800C11B3844ADF83800BDF8C8
:10AE90001A00ADF83410A0EB0B015844ADF83A009D
:10AEA000701E2290ADF836106168139831F91010B9
:10AEB00047F6FF70814201D006A900E000211D91F4
:10AEC00062680599804632F91110414501D002A807
:10AED00000E000201E900DA817906168139814AA36
:10AEE00031F9100024901A2128460BF025F96068EA
:10AEF000139930F9112042450AD0059930F9111003
:10AF0000414505D002AB06AA27A9484609F0B1F889
:10AF10006FB1BBF1000F0AD06168139831F91010BE
:10AF2000414504D00DAA2AA9484609F0D9FD14AA22
:10AF30001B2128460BF000F90598761CB6B2139039
:10AF4000B5F88200B0423FF611AF3B98B8BBB5F8F8
:10AF50008200B04233D16168059831F91010A1F533
:10AF6000FE40FF382BD0BDF80800761EC11B3844C8
:10AF7000ADF83010ADF83400BDF80A0014AAA0EB0B
:10AF80000B015844ADF8360000201D901E900CA80F
:10AF90001790ADF8321022966168059831F91000CB
:10AFA00024901A2128460BF0C7F80CAA2AA9484673
:10AFB00009F096FD14AA1B2128460BF0BDF8214686
:10AFC0003898F8F7CCFB04007FF489AEC9F808A0E4
:10AFD00041B0BDE8F08F0000E06B02082DE9F04FB2
:10AFE0008A468A68B9B0054600F1140137A8F7F718
:10AFF0004FFB00287DD0DAF80800349037A9CAF852
:10B0000008100021284610F009FC044600212846BB
:10B0100010F027FD06460021284610F0E6FD074601
:10B0200028460FF034FEB5F88410484340F30F2053
:10B03000339028460FF011FE0146B5F886004143D3
:10B0400041F30F20249028460FF03AFF0146AA8AC8
:10B0500030191044401A00B2259028460FF0FCFF2A
:10B060000146EA8A38191044401A00B228902CA8E8
:10B0700009F00CF82CAA4FF4A021284611F0B5F8DD
:10B0800016A809F041FD4FF4003416AA21462846BF
:10B0900011F0FFF82146284610F023FF00EBD07096
:10B0A0004FEA60092146284610F0FBFB00EBD07008
:10B0B00042109046BDF9B2004946C14500DB114639
:10B0C00000EBD072B1EB620F05DD9DF8B91041F0D5
:10B0D00010018DF8B910012805D19DF8B90040F094
:10B0E00010008DF8B90005F124002A90F8F73AFB1A
:10B0F00041E146E1207BC0077ED12089ADF8B00058
:10B100002089ADF85C0095F88800000701D46089BB
:10B1100000E0002006B22598ADF8D8002996ADF8D9
:10B120009C006068B34630F816000A282CD033988B
:10B1300000902068002330F91670207BC0F3C00116
:10B1400005EB4100B0F97820B0F9741038460EF0E4
:10B1500015F8259900230844ADF89C002498009028
:10B16000606830F91670207BC0F3001105EB4100D8
:10B17000B0F97020B0F96C1038460DF0FFFF24993B
:10B18000081A2899084402E07F48ADF89C00ADF801
:10B190009E00514602A80FF03BFB4FF4A0200F90F9
:10B1A0007A480390032004902CA8089016A8002742
:10B1B000139406909FE000BFBDF89C00ADF8D80046
:10B1C000BDF89E00ADF8DA002998B5F88220C119C3
:10B1D00091FBF2F002FB101006B2606830F9160025
:10B1E000A0F5FE41FF3968D024990091217BC1F37D
:10B1F000001105EB410100E0B9E0B1F97020B1F9AF
:10B200006C1000230DF0BAFF24990023081A289926
:10B210000844ADF89E0033980090217B2068C1F36C
:10B22000C00105EB410130F91600B1F97820B1F900
:10B2300074100DF0A3FF25990844ADF89C00E7B306
:10B24000BDF8D800A0EB09014844ADF8C000BDF836
:10B25000DA00ADF8BC10A0EB08014044ADF8C20024
:10B26000781EADF8BE101090616831F91B10A1F581
:10B27000FE40FF3801D036A900E000210B91616843
:10B2800031F91610A1F5FE40FF3801D027A800E0E3
:10B2900000200C902FA80590616802AA31F91B00CC
:10B2A00012901A2128460AF047FF616847F6FF709E
:10B2B00031F91B20824216D000E019E031F9161056
:10B2C000814210D027AB36AA2CA9504608F0D1FEF7
:10B2D000B9F1000F07D0B8F1000F04D02FAA16A9BA
:10B2E000504609F0FDFB02AA1B2128460AF024FF64
:10B2F0007F1CB346BFB2B5F88200B8423FF65CAFE0
:10B30000B5F88200B84232D1606830F91610A1F564
:10B31000FE40FF382BD0BDF89C007F1EA0EB09013A
:10B320004844ADF8C000BDF89E00ADF8BC10A0EBDD
:10B3300008014044ADF8C2000020ADF8BE100B90EB
:10B340000C902FA810970590606802AA1A2130F976
:10B350001600129028460AF0EFFE2FAA16A95046B2
:10B3600009F0BEFB02AA1B2128460AF0E5FE214691
:10B370002A98F8F7F4F904007FF4BCAE3499CAF8BF
:10B38000081039B0BDE8F08F01E0FFFFE06B020864
:10B390002DE9F74FB1F92E00AAB014460E46002849
:10B3A00072D096F8361002296ED9012808D1B6F964
:10B3B0003400002804DC308E10B9708E0028EFD0E5
:10B3C0002088318E4218B08E151AADF82850A28808
:10B3D00011440B18ADF82C306088718E0844B18E82
:10B3E000421AADF82A20E088718E0844B18E0144DB
:10B3F000ADF82E10B6F92E0000EBD070A5EB60056D
:10B400006D1EADF84C50012505EB60001844ADF8F9
:10B410005000B6F92E0000EBD070A2EB6000401E89
:10B42000ADF84E00B6F92E0000EBD07005EB6000D1
:10B430000844ADF8520096F836002990FD2801D94D
:10B44000FF2029902A9813A9826827A8F7F720F9E6
:10B450000028A5D021461DA805F073FC4FF0FF3849
:10B46000414642461DA805F0E0FCB6F900901DA833
:10B4700005F0C9FC04461DA805F099FC84421DA8EE
:10B4800003DA05F0C0FC02E0FEE305F090FCB9EB46
:10B49000600F01DD4FEA6009B6F900400AA805F027
:10B4A000B2FC05460AA805F082FC85420AA802DA29
:10B4B00005F0A9FC01E005F07AFCB4EB600F00DDBB
:10B4C0004410B6F92E00051905FB05F040000DF0FB
:10B4D00093FE10900146B6F92E2023460AA817F0D5
:10B4E00069FC13A808F0D4FF012720B9F078FF28E1
:10B4F00001D3B07860B1002701234A461DA920A8D6
:10B5000009F032FA002120A808F0E2FD269001E0BF
:10B51000CDF8988013A805F076FC0DF06DFE8346FB
:10B520001C2115A80EF010F8CDF854D0CDF860B05D
:10B53000CDF868D0B08DADF85C0096F836008DF887
:10B540006C00B0788DF86D00BDF85000BDF84C204F
:10B55000ADF80400811A491C09B201EBD17102EB6C
:10B5600061010FFA81FABDF85220BDF84E10401B60
:10B57000521A521C12B202EBD27201EB6202401C50
:10B5800014B200B26A1EADF80000ADF8021011440A
:10B5900009B20992ADF806105246504500DC10463B
:10B5A000ADF80000A14200DB21462A98ADF8061054
:10B5B0006946826806A8F7F76BF8D0B34A461DA91A
:10B5C00006A8F7F78DF8A0BBBDF81C00BDF9181050
:10B5D000BDF91A20401A401C00B20890BDF94E3047
:10B5E0001098D21A02FB0500BDF95020521B891A8F
:10B5F0000844401E059047B14A461DA906A8F7F722
:10B60000DFF810B101200F9000E00F970898002894
:10B6100027DDBDF81800ADF80000BDF81C00ADF83E
:10B6200004000220CDF860B08DF86400BDF91A80E6
:10B6300013E016E0ADF802800F98ADF8068070B305
:10B640000598189015A92A9809F04AFC05982844ED
:10B65000059008F101000FFA80F8BDF91E10414570
:10B66000E8DABDF85000ADF80400401B401C00B201
:10B67000ADF80000BDF85220ADF80620511B491C62
:10B6800009B2ADF802105246504500DC1046ADF844
:10B690000000601C1190814216DD084615E0FFE7AE
:10B6A0002A46584605990DF071FEBDF9181042461C
:10B6B0005846089B08F0AEFE8DF864000128C1D101
:10B6C00002208DF86400BDE7601CADF802002A98E6
:10B6D0006946826806A8F6F7DBFFD0B34A461DA983
:10B6E00006A8F6F7FDFFA0BBBDF81C00BDF91810B9
:10B6F000BDF90620401A401C00B20890BDF91E306A
:10B700001098D21A02FB0500BDF95020521B891A6D
:10B710000844401E059047B14A461DA906A8F7F700
:10B720004FF810B101200F9000E00F970898002803
:10B7300027DDBDF81800ADF80000BDF81C00ADF81D
:10B7400004000220CDF860B08DF86400BDF91E80C1
:10B7500013E016E0ADF802800F98ADF80680B0B3A4
:10B760000598189015A92A9809F0BAFB059828445D
:10B770000590A8F101000FFA80F8BDF91A104145B3
:10B78000E8DDBDF84C0009992844ADF80000BDF88B
:10B790005000401BADF80400BDF84E00ADF80200AB
:10B7A000084400B2ADF80600A04200DB2046ADF828
:10B7B00006002A986946826806A8F6F769FFB0B3C2
:10B7C0004A461DA906A8F6F78BFFA8B17CE0FFE763
:10B7D0002A46584605990DF0D9FDBDF91810424684
:10B7E0005846089B08F016FE8DF864000128B9D170
:10B7F00002208DF86400B5E7BDF81C00BDF81810F4
:10B80000BDF90220401A401C00B20890BDF91A1080
:10B810001098891A01FB050005904FB14A461DA9F1
:10B8200006A8F6F7CDFF18B101200F9001E04BE01C
:10B830000F970898002847DD0F9860B100201890F6
:10B84000BDF81800ADF80000BDF81C00ADF804000C
:10B85000BDF91A0033E0CDF860B0F1E7ADF8028031
:10B860000F98ADF8068060B12998FF2805980078F8
:10B8700004D096F8361010FB01F0000A8DF86C0029
:10B8800013E00598089A017858460DF02BFEBDF993
:10B89000181042465846089B08F0BCFD8DF864001D
:10B8A000012802D102208DF8640015A92A9809F018
:10B8B00017FB05982844059008F1010000B2BDF976
:10B8C0001E1080464145C9DA96F836008DF86C00A6
:10B8D000BDF84C002844ADF80000BDF85000BDF89C
:10B8E0005210401BADF80400481B401CADF8061078
:10B8F00000B21199ADF80200884200DC601CADF87E
:10B9000002002A986946826806A8F6F7C1FE78B355
:10B910004A461DA906A8F6F7E3FE48BBBDF81C0081
:10B92000BDF81810BDF91E20401A401C00B2089046
:10B93000BDF906101098891A01FB050005900898BA
:10B94000002851DD3FB14A461DA906A8F6F738FF89
:10B950000020189001E0CDF860B0BDF81800ADF8F7
:10B960000000BDF81C00ADF80400BDF91E0036E073
:10B970003AE000BFADF80280ADF806808FB14A46CC
:10B980001DA906A8F6F71CFF2998FF28059800783E
:10B9900004D096F8361010FB01F0000A8DF86C0008
:10B9A00013E00598089A017858460DF09BFDBDF903
:10B9B000181042465846089B08F02CFD8DF864008C
:10B9C000012802D102208DF8640015A92A9809F0F7
:10B9D00087FA059828440590A8F1010000B2BDF946
:10B9E0001A1080464145C5DD96F836008DF86C008A
:10B9F000BDF85000ADF80400411BBDF84E00491CD5
:10BA00000AB22844ADF8002000B2ADF80200BDF83B
:10BA10005210119B491B09B2ADF80610984200DB89
:10BA2000601CADF80200A14200DC2146ADF8061012
:10BA30005046524500DC02462A98ADF8002069467F
:10BA4000826806A8F6F724FEB8B34A464E461DA9FA
:10BA500006A8F6F745FE80BBBDF81C00BDF918101E
:10BA6000099A401A401C00B20890109802FB050089
:10BA7000BDF95020521B891A0844401E0590EFB1B1
:10BA800032461DA906A8F6F79BFE10B14FF001083B
:10BA900000E0B846059818900898002836DDBDF8F3
:10BAA0001800ADF80000BDF81C00ADF8040002203D
:10BAB0008DF86400BDF91A6024E027E0B8465846C6
:10BAC000E9E700BFADF80260ADF80660B8F1000F1D
:10BAD00012D15846089A05990DF058FCBDF9181076
:10BAE00032465846089B08F095FC8DF86400012802
:10BAF00002D102208DF8640015A92A9809F0F0F906
:10BB0000761C36B2BDF91E00B042DBDA0022109876
:10BB100017E000BF00EB050EAEF10101002305EBBD
:10BB2000D57608E090F800C091F8008000F8018B0D
:10BB300001F801C95B1CB3EB660FF3DB521C7046C6
:10BB400012B2AA42E6DBBDF84C000999ADF800003C
:10BB5000084401B2BDF84E00119B284400B2ADF874
:10BB60000200BDF85220ADF80410521B12B2ADF81D
:10BB70000620984200DB601CADF80200A24200DC07
:10BB80002246AAF10100ADF806200C90814200DBAC
:10BB900001462A98ADF804106946826806A8F6F7AF
:10BBA00077FDA8B34A464E461DA906A8F6F798FDAC
:10BBB00070BBBDF81C00BDF91810099A401A401C52
:10BBC00000B20890109802FB0500BDF90020891A08
:10BBD00008440590EFB132461DA906A8F6F7F0FD1E
:10BBE00010B14FF0010800E0B84605981890089889
:10BBF000002835DDBDF81800ADF80000BDF81C00C8
:10BC0000ADF8040002208DF86400BDF91A6023E04D
:10BC100026E0B8465846E9E7ADF80260ADF80660A0
:10BC2000B8F1000F12D15846089A05990DF0AEFBF5
:10BC3000BDF9181032465846089B08F0EBFB8DF80A
:10BC40006400012802D102208DF8640015A92A9809
:10BC500009F046F9761C36B2BDF91E00B042DBDAB7
:10BC6000BDF84C000999ADF800000844BDF84E102D
:10BC7000099AADF80210114400B2ADF8040009B2FF
:10BC8000ADF806100C9A00E05AE1904201DBAAF1EF
:10BC90000100ADF80400A14200DB21462A98ADF86E
:10BCA00006106946826806A8F6F7F2FCC0B34A4659
:10BCB0001DA906A8F6F714FD90BBBDF81C00BDF940
:10BCC0001810BDF91A20401A401C00B20890BDF9A6
:10BCD00002301098D21A02FB0500BDF90020891A23
:10BCE00001EB000847B14A461DA906A8F6F768FD12
:10BCF00010B101200F9000E00F970898CDF860B0C8
:10BD0000002822DDBDF81800ADF80000BDF81C00C9
:10BD1000ADF8040002208DF86400BDF91A6010E04F
:10BD200013E000BFADF802600F98ADF80660C8B32D
:10BD3000CDF8608015A92A9809F0D2F8761CA8449D
:10BD400036B2BDF91E00B042ECDABDF84C00ADF8D9
:10BD500000000999BDF85220084401B2501BADF80B
:10BD60000410401CADF8062000B2119AADF8020094
:10BD7000904200DC601CADF802000C98814201DBAF
:10BD8000AAF101012A98ADF804106946826806A854
:10BD9000F6F77EFCC8B34A461DA906A8F6F7A0FC34
:10BDA000A8B15AE0FFE72A46414658460DF0EEFAA0
:10BDB000BDF9181032465846089B08F02BFB8DF849
:10BDC00064000128B6D102208DF86400B2E7BDF806
:10BDD0001C00BDF91810BDF90620401A401C0FFACE
:10BDE00080FABDF91E301098D21A02FB0500BDF989
:10BDF0000020891A0E184FB14A461DA906A8F6F769
:10BE0000DFFC18B14FF0010801E026E0B846CDF89C
:10BE100060B0BAF1000F20DDBDF81800ADF80000E9
:10BE2000BDF81C00ADF8040002208DF86400BDF9D7
:10BE30001E400EE0ADF80240ADF80640B8F1000F2C
:10BE40002FD0189615A92A9809F04AF8641E2E4496
:10BE500024B2BDF91A00A042ECDDBDF84C006946E1
:10BE60002844ADF80000BDF85000401BADF80400B8
:10BE7000BDF84E00CDF860B02844ADF80200BDF822
:10BE80005200401BADF806002A98826806A8F6F713
:10BE9000FFFBE8B34A461DA906A8F6F721FCA0B1AE
:10BEA00041E02A46314658460DF070FABDF91810A7
:10BEB00053462246584608F0ADFA8DF86400012832
:10BEC000C0D102208DF86400BCE7BDF91C10BDF99B
:10BED00018000A1A521C15B2002D24DDADF804100A
:10BEE000ADF80000BDF91A4019E000BFADF80240FE
:10BEF000ADF80640294658460DF054FBBDF9181020
:10BF00002B462246584608F085FA8DF8640000E07A
:10BF100009E015A92A9808F0E3FF641C24B2BDF9D2
:10BF20001E00A042E2DA2FB920A808F095FA269860
:10BF300008F0C6FD10980DF0ABF958460DF0A8F9C1
:10BF40002DB0BDE8F08F00002DE9F74FD8B058981C
:10BF500049909088B2F90010D4885388401A401C48
:10BF6000E31A00B25B1C1BB200EBD070401003EB75
:10BF7000D373B0EB630F00DB581009900844ADF8A1
:10BF80000C00518809980844ADF80E0040A808F04C
:10BF90007DF84FF4C02440AA2146589810F025F9A6
:10BFA0009DF8090140F010008DF809010CA808F077
:10BFB00035F80CAA2146589810F0C8F814A85999D9
:10BFC0000EF026FCDF4815900320169040A821941F
:10BFD0001A90499824300A90F7F7C4FBACE12594F5
:10BFE000A18B0998BDF80C30084406B2A088BDF8B2
:10BFF0000E20311AA08947F6FF75301A0FFA80FB20
:10C00000581AADF8EC00501AADF8EE005818ADF81B
:10C01000F0005018ADF8F20001232A463BA943A8CE
:10C0200008F0A2FCBDF80C10BDF80E20A1EB0B002F
:10C03000ADF82801A2EB0B00ADF82A01ABF101002D
:10C040000144ADF82C111044ADF82E0101232A460D
:10C050004AA92DA808F088FCBDF80C20BDF80E10E8
:10C06000901BADF83001881BADF83201701E024400
:10C07000ADF834210844ADF8360100232A464CA916
:10C0800027A808F071FC002127A808F021F83D90AE
:10C09000608908B1401E01E04FF6FF70804600271E
:10C0A00036E100BF618908F101084FF0000A4145FF
:10C0B00002D1D0464FF0010AA069009062880021A9
:10C0C0003846521E63690DF059F881462490BAF142
:10C0D000000F04D0A06834905090E08903E02068FD
:10C0E00034905090E08800B251900B9049983030D5
:10C0F0000290F7F737FB2FE02879022828D1A968AA
:10C10000494525DCEA684A4522DB2B8A0B9818440E
:10C1100000B20B90688AAB8A984203D1688AADF866
:10C12000D00015E0A87D4FF00003C0074FF0FF00DE
:10C130000090484601D1D4E905120DF01FF8C2B2B3
:10C14000688AADF81C000799686906F00FFD349005
:10C1500029460298F7F703FB0500CDD1E08B784321
:10C1600001026088401E91FBF0F108120790401C0C
:10C17000C9B235900091218C0798084400B214F0A0
:10C18000EFFA0546218C3598084400B214F0E8FA1D
:10C1900000990246C1F5807313FB05F012FB010004
:10C1A00005120693218C0798084400B214F0D4FAC3
:10C1B0000790218C3598084400B214F0CDFADDE9DF
:10C1C000061311FB03F2009910FB01200112BDF8C8
:10C1D000D000ADF800010B98ADF802010091304499
:10C1E0004143BDF80C207F3102EBE131ADF848113D
:10C1F0006843BDF80E107F3001EBE030ADF84A0126
:10C2000003A822971D900CA81990BAF1000F5BD0DB
:10C210003D9808F055FCB4F91010BDF80C20ABEBBC
:10C2200001000099454341437F3102EBE132BDF803
:10C230000E107F353D9201EBE53A20220CA933A880
:10C240000DF0A4F833A819904B463FA2102154A832
:10C2500012F05CFB54A81F9014AA1A21589809F0F8
:10C260006BFFBDF94200002541F6FF718DE8230008
:10C27000BDF9443053A80C9A1F9914F035FBBDF951
:10C280004C113D9A01EBD170A2EB6003BDF94E2138
:10C29000ADF8183002EBD27CAAEB6C00ADF81A00B6
:10C2A0001944ADF81C101044ADF81E00009506AA04
:10C2B0001F9B1999599807F015FC002127A807F032
:10C2C00007FF3D902DA808E0002019901F9014AAA8
:10C2D0001A21589809F030FF43A8002107F0F8FE12
:10C2E000054603AB52AA40A9599807F0C2FE28465A
:10C2F00008F0E6FB14AA1621589809F01DFFBDF8B6
:10C300004001ADF8000151987F1CADF80201FFB269
:10C310006088B8423FF6C6AE43A808F09DF82DA845
:10C3200008F09AF827A808F097F83D9808F0C8FB9D
:10C3300021460A98F7F713FA04007FF450AE5BB079
:10C34000BDE8F08F18710208256400002DE9F74F51
:10C35000B4B090460546114602F033FA04468068B0
:10C36000C0F30E01012976D9000404D4208810B945
:10C37000608800286FD0002128460FF072FB064627
:10C38000002128460FF04AFA064428460EF07FFCAA
:10C39000B5F88410484340F30F2723A807F03EFE6A
:10C3A0004FF4C02A23AA514628460FF0CFFE284654
:10C3B0000EF086FDA98A3144081A0FFA80F9208907
:10C3C000B8F1020F4FEA004006D0002844DA514687
:10C3D00028460FF00AFC40E0002804DA51462846BF
:10C3E0000FF0C8FA00E0002083463598B5F91A60CE
:10C3F0008068B0F90610B1422DDB2399B4F9002012
:10C40000B0F90200B1F908100A4406EB0B0111441F
:10C41000814220DB1DA807F039FE1DAA514628469F
:10C420000FF0E3FE0020ADF87A00ADF8780003A825
:10C4300035990EF0EDF98F48049006200590022002
:10C44000CDE910A023A808901DA80990B8F1020F0B
:10C4500007D0012006E00AE100208346B5F9166006
:10C46000D8E70020219095F8880000F00700022806
:10C4700016D1002128460FF0CAFAB5F884104843B7
:10C480000012B5F882103A1892FBF1F109B2081ABD
:10C4900000EBD07209EB6201381A0FFA81F907B28A
:10C4A000ADF85A6020896168C0F30E00401EC1F3E8
:10C4B0000E4100FB01F80026D6E000BF60684FF097
:10C4C000000AC0F30E40B6FBF0F100FB116008B9A2
:10C4D0004FF0010ABDF97600381A7043B0FBF8F14D
:10C4E00001EB0900ADF85800ADF85400BDF95A1041
:10C4F000219848B1BAF1000F02D0B4F9000001E070
:10C50000B4F90200081A08E0BAF1000F02D0B4F939
:10C51000000001E0B4F902000844ADF8560016A886
:10C520000C9015A80D9095F8880000F007000328DE
:10C5300048D06068C0F30E40B6FBF0F31393BAF135
:10C54000000F68D02089000465D54BA2102130A8C7
:10C5500012F0DCF923A8089030A80E9010200F905C
:10C5600003AA1A21284609F0E7FDBDF99E004FF005
:10C57000000A41F6FF728DE80504BDF9A0301CA841
:10C58000239A0E9914F0B0F9BDF97010BDF854005B
:10C5900001EBD171A0EB610200EB610000B2ADF8DC
:10C5A000680012B2BDF856302199ADF86420C1B1CF
:10C5B000A3EB0B01BDF87230ADF86A10C91AADF8E3
:10C5C000661017E02198424605EB4001B1F978006A
:10C5D0000090B1F97430002130460CF0CFFD0346D5
:10C5E000ACE703EB0B01BDF87230ADF866101944EF
:10C5F000ADF86A10B5F91410884215DBB5F91800CA
:10C60000824211DCCDF800A019AA23A90E9B35980F
:10C6100007F068FA08E0002008900E900F9003AA37
:10C620001A21284609F088FDBDF97600BDF9581099
:10C6300000EBD07001EB6002B5F914108A420DDBFB
:10C64000BDF95410A1EB6001B5F91800814205DC79
:10C6500015AB16AA1DA9359807F00BFD03AA1B21DF
:10C66000284609F069FD761C46457FF627AF37B0AE
:10C67000BDE8F08FE06B0208256400002DE9F74F5C
:10C68000B8B090460446114602F09BF80546806813
:10C69000C0F30E01012973D9000404D4288810B90D
:10C6A000688800286CD05FEA080000D0012029903B
:10C6B000002120460FF0B2F80746002120460FF077
:10C6C00094FA064620460EF0C8FAB4F8861048439D
:10C6D00040F30F202B9020460EF0BEFC0146E28A6C
:10C6E000F0191044401A00B24FF4C0263290B8F14D
:10C6F000000F314620460DD00FF00EFA2690B4F907
:10C700001800B5F900A0B5F902908346B8F1010F01
:10C7100006D00DE00FF0A5F92690B4F91400F0E76B
:10C72000CAF100000FFA80FAC9F100000FFA80F98F
:10C7300021A807F0ABFC21AA314620460FF055FD99
:10C7400018A807F06BFC18AA314620460FF0FEFC33
:10C7500003A839990EF05CF87648049006200590FD
:10C7600021A80990CDE9106818A808902889C0F37D
:10C770000E0768687F1EC0F30E4047430026D3E0D3
:10C78000D5E000BFBDF986102B98401A7043B0FB6E
:10C79000F7F13298B8F1000F0844ADF85600ADF843
:10C7A0005E005846ADF854B069D0401CADF8540056
:10C7B000002002906868C0F30E40B6FBF0F100FB69
:10C7C0001160002874D0BDF85410A1EB090000BF1F
:10C7D000ADF85C0015A80C9017A80D9029983A4662
:10C7E00004EB4000B0F970100091B0F96C30B81B48
:10C7F00000210CF0C3FC034613900298F0B3288983
:10C80000000468D54CA2102133A812F07FF818A8B4
:10C81000089033A80E9010200F9003AA1A212046EA
:10C8200009F08AFCBDF97200002241F6FF718DE823
:10C830000700BDF974302CA8189A0E9914F054F81A
:10C84000BDF9B200BDF85E1000EBD070A1EB600244
:10C8500012B201EB6000ADF8922001B22998ADF858
:10C8600096100028BDF85C0029D0269B0344ADF843
:10C870009030BDF8B0300344269801E02BE015E07D
:10C8800000EB0300ADF89400B4F9160081422BDBF5
:10C89000B4F91A00824227DC0020009024AA18A9CB
:10C8A0000E9B399807F01EF91EE001E0401E7DE75F
:10C8B0000120BDF854100290A1EB0A0088E7BDF8F2
:10C8C000B030A0EB030C269BACEB0303ADF890302B
:10C8D000269BC01AD6E7002008900E900F9003AA5E
:10C8E0001A21204609F028FCBDF98600BDF9561032
:10C8F00000EBD070B4F9162001EB600191420DDB22
:10C90000BDF95E10A1EB6001B4F91A00814205DCAB
:10C9100017AB15AA21A9399807F0ABFB03AA1B2175
:10C92000204609F009FC761CBE427FF62BAF3BB0D7
:10C93000BDE8F08FE06B0208256400002DE9FF5F81
:10C940000C46934680462021DDF838A00FF02EFBE0
:10C95000002878D0BAF1030F40461DD00EF075FBC9
:10C9600081460BF00FF8002705463E46BAF1030F4B
:10C970003946404613D00FF023F982460021404645
:10C980000EF0E3FF4946B9F1010F5DD0022963D0F3
:10C99000B9F1030F66D13BE00EF050FBE0E70FF07A
:10C9A0004BF88246002140460FF0A1F84946B9F104
:10C9B000010F1ED0022924D0B9F1030F52D1B8F8CB
:10C9C0001820B8F81410521A521C13B2A3EB0A0222
:10C9D000101A00EBD0720AEB6200084407B2298BF0
:10C9E000A88A091A491C09B201EBD17100EB610058
:10C9F00027E0B8F81410B5F9146001EB0A0007B28B
:10CA000030E0B8F81810B5F91860081A07B229E034
:10CA1000B8F81A20B8F81610521A521C13B2A3EB29
:10CA20000A02101A00EBD0720AEB6200084407B247
:10CA3000688BE98A401A401C00B200EBD07001EB11
:10CA4000600006B20EE02FE0B8F81610B5F91660D7
:10CA500001EB0A0007B205E0B8F81A10B5F91A6040
:10CA6000081A07B2A01E039900B2002910DAB9F122
:10CA7000000F15D0BE4221DC12E0002C01DDA41C09
:10CA800024B2E01704EB9070801004B0BDE8F09F72
:10CA9000BBF1000F12DAB9F1000F01D0BE420DDB7D
:10CAA000002CEADA0446E8E70398E04202D503984E
:10CAB000404204B2BBEB040000D55C462046E4E7EC
:10CAC00070B504460AF04EFF48B1006882680AB1AA
:10CAD000217A9047207E810743D4C0077CD101266C
:10CAE000002160680EF012F900251AE0016899B182
:10CAF000017ACA0910D0802904D0227A21F080015D
:10CB0000914209D14168E160016820468847207E52
:10CB1000810726D4C0075FD16D1C294660680EF0DE
:10CB2000F5F808B1002EE1D1214600200EF01BF8E7
:10CB3000050053D0002160680EF0E8F8002619E0E7
:10CB4000016891B1017A0A060FD411B1227A91429B
:10CB50000BD14168E160016820468847207E81074B
:10CB600001D5012070BDC00736D1761C3146606802
:10CB70000EF0CCF810B1012DE2D02FE0012D2DD117
:10CB80006068416851B3217E490727D4217A23295F
:10CB900019D0242917D0A9030FF008FAF0B1207A90
:10CBA00011381C280FD2DFE800F0191919191919CA
:10CBB00019191919190E0E190E0E191919190E0E27
:10CBC0000E0E19190E196068406860602046FFF764
:10CBD00077FF0546012801D0002070BD284670BDB2
:10CBE000F0B5DDE9054539B3060AB70702D51F469A
:10CBF0002B463D46770702D527462C463D4616F084
:10CC0000060F4FEAC6771BD017B11F4623463C4696
:10CC10002270CC43E4B212FB04F4240A2C70C0B29C
:10CC2000F40710D011FB00F06FEA1020C0B212FB25
:10CC300000F0000A1870F0BD2A7022701A70F0BD62
:10CC4000002FE2D0E4E720B14042C0B210FB01F077
:10CC5000EAE70802E8E700002DE9FF4F8A880B8821
:10CC600089B0D21A521C17B2CA8849880446511A90
:10CC7000DDE916B8491C19980FFA81F9012813D07B
:10CC8000022813D0032843D1434E00BF5FEA0800B7
:10CC90000ED0002006902088ADF8140098F800000F
:10CCA000FD2838D35A4639E03C4EEFE73C4EEDE7DD
:10CCB0002088ADF80000ADF808005A4600990C989D
:10CCC000B0470590002020E0002517E0BDF80800DF
:10CCD00034F8151088420BD004EB45005A46008802
:10CCE000ADF81400ADF8080005990C98B047059010
:10CCF00004EB4500BDF8141001806D1CBD42E5DB5E
:10CD00000B9804EB400408F1010080464845DBDB4A
:10CD10000DB0BDE8F08F00FB0BF0020A05990C98EE
:10CD2000B0470890002033E0002528E018F80500FF
:10CD300020B30699884205D1BDF8141034F81520A7
:10CD4000914216D0FD2801D35A4602E000FB0BF0B9
:10CD5000020A04EB45000088ADF8180006990C980B
:10CD6000B047089018F80500069034F81500ADF8A3
:10CD7000140004EB4500BDF8201001806D1CBD427D
:10CD8000D4DB0B98189904EB400488440AF10100A5
:10CD900082464845C8DBBBE7D35A00084B5A000817
:10CDA000575B00082DE9FF4F89B00F46DDE9169566
:10CDB0000446F6F729FFB8883988401A401C06B2A5
:10CDC000F9887888081A401C0FFA80F875B1BDF808
:10CDD0003000B9F1FD0F00EB0040059072D3A6F1D1
:10CDE00004094FF0000BBDF830A00AE1B9F1FD0FC6
:10CDF0000FD3002508E0324620460C9905F008FCC8
:10CE00000B986D1C04EB40044545F4DB0DB0BDE808
:10CE1000F08FBDF80010002060F3020189B260F3CA
:10CE2000C70189B260F30C2189B260F34F31ADF8CC
:10CE3000001088B20090BDF80000039001464A46F9
:10CE40000C9805F0B8FD0C99059089B24846C1F3DD
:10CE5000C4024243ADF81C204A07920E02EB513245
:10CE6000C1F3042102FB09F201FB09F1ADF81E2018
:10CE7000ADF82010C9F1FF09002720E0002518E0D7
:10CE8000BDF80C0034F8151088420CD004EB4500B6
:10CE90004A460088ADF81400ADF80C0007A80599C3
:10CEA00005F0F6FE059004EB4500BDF81410018076
:10CEB0006D1CB542E4DB0B987F1C04EB4004474536
:10CEC000DCDBA3E7A4E0002710E02A78FF2A12D0D9
:10CED0002088ADF8180006990C9805F06CFD0690B6
:10CEE000BDF818002080A41C6D1C7F1CB7425DDAC1
:10CEF000A807EAD15AE0A4F800A0F4E72968481C82
:10CF000043D0E9B32A78FF2A53D02088ADF81C001B
:10CF100007990C9805F04FFD0690BDF81800208089
:10CF200015F8012FA41CFF2A46D02088ADF8180060
:10CF300006990C9805F03FFD0690BDF8180020807A
:10CF400015F8012FA41CFF2A39D02088ADF81C0049
:10CF500007990C9805F02FFD0690BDF81800208069
:10CF600015F8012FA41CFF2A2CD02088ADF818003A
:10CF700006990C9805F01FFD0690BDF8180000E01A
:10CF800011E02080A41C6D1C0FE0A00707D0A4F8BE
:10CF900000A0022005990151A4F806A003E005981D
:10CFA00020600598606008342D1D3F1D4F45A5DDAC
:10CFB0001CE0A4F800A0B3E7A4F800A0C0E7A4F820
:10CFC00000A0CDE7A4F800A0DCE72A78FF2A1CD057
:10CFD0002088ADF8180006990C9805F0ECFC069036
:10CFE000BDF818002080A41C6D1C7F1CB742ECDB30
:10CFF0000B980BF1010B801B04EB40041898801B6D
:10D000000544C345FFF65FAF00E7A4F800A0EAE7D8
:10D0100000222188ADF820109346104633E0002707
:10D0200027E0287818B3904205D0FF282FD000FBC6
:10D0300009F31B0A9B46904203D134F81700814242
:10D0400010D0BBF1FF0F24D004EB47005A460088F4
:10D05000ADF80C0003990C9805F0ADFC08902A7807
:10D0600034F8171004EB4700BDF8203003806D1C26
:10D070007F1CB742D5DB0B9804EB40041898801B4B
:10D0800005440AF1010082464045C8DBBEE64B4636
:10D09000D0E70C98E2E700002DE9FF4F83B00C4683
:10D0A000DDF84480F6F7B0FDBDF818A08146B8F170
:10D0B000000F0CD0A0882188401A401C07B2E088DD
:10D0C0006188401A401C0FFA80FB002641E0B4F949
:10D0D000026017E0B4F900500FFA86F80DE01098DE
:10D0E0000290ADF804A0CDF80080D9F800002BB272
:10D0F000059AC7690399B8476D1CB4F90400A842A2
:10D10000EDDA761CB4F90600B042E3DA07B0BDE808
:10D11000F08F002518E000BF18F8050098B11099AD
:10D12000ADF804A04843000A029060880399304497
:10D1300000B200902088059A284403B2D9F8000074
:10D14000D0F81CC0E0476D1CBD42E5DB1298761C90
:10D1500080445E45DDDBD9E700680968884201D17B
:10D16000012070470020704740680A6820F0404066
:10D17000904200D20860002070472DE9F04F002750
:10D1800087B00446BA460AF0EDFB00680025B4F902
:10D19000141090F81890266AA846002900DC49422D
:10D1A000B4F91600002800DC4042814201DD01256F
:10D1B000ADE04FF00108AAE0102130460EF0F6FE77
:10D1C00000287ED0CDE90058AB46CDF80880304627
:10D1D0000DF04EFEC10700D18B46810701D400211E
:10D1E0000091410701D400210291000701D40020E1
:10D1F000019030460DF030FF059030460DF0E6FD11
:10D20000049030460DF05CFE039030460DF0B8FE01
:10D210000599002902DC0499002910DD029919B151
:10D22000B4F916204A4507DA019941B1B4F916203C
:10D23000C9F100018A4202DC37464FF00C0A03991B
:10D24000002901DC002811DDBBF1000F03D0B4F987
:10D2500014204A4507DA009941B1B4F91420C9F104
:10D2600000018A4202DC37464FF0030A0599002983
:10D2700001DC002102910499002901DC00210191C7
:10D280000399002901DC4FF0000B002801DC00208D
:10D290000090BBF1000F03D0B4F91410494517DA20
:10D2A000009828B1B4F91410C9F1000081420FDDD3
:10D2B000029818B1B4F91610494509DA019800B17D
:10D2C00000E010E0B4F91610C9F1000081420ADC58
:10D2D0000DB1032000E00C2094F83C1060F3030132
:10D2E00084F83C1016E04FF4807130460EF05EFE7C
:10D2F00035EA00000ED14FF4007130460EF056FEB4
:10D3000038EA000006D130460DF054FD0646002EE6
:10D310007FF452AF4FB194F83C1000206AF3030140
:10D3200084F83C10A762A082E08207B03846BDE8CE
:10D33000F08F00002DE9FF4F83B08B4682460DF041
:10D340007DFE060012D041F6FF784446002150468B
:10D350000EF072FB0090002150460EF0C8FB0190C9
:10D3600050460DF028FC074600255FE0002007B07E
:10D37000BDE8F08FDAF808003149006850F8250060
:10D3800081460EF01AFEE8BB4FF4805148460EF07D
:10D390000DFEB8B3012E04D0022E08D0032E44D1C6
:10D3A0001AE0B9F91400BAF81420009932E0BAF87A
:10D3B00018200199B9F91800511A069A09B21044B7
:10D3C00000B2584531DB059A90422EDC401A00B27B
:10D3D000002821DD014620E0B9F81820B9F8141022
:10D3E000BAF81830501A401C00B200EBD070BAF8EE
:10D3F000142001EB6000991A491C0BB2009900B28D
:10D400005B1A00E011E00199591A01EBD173009900
:10D4100001EB63011144D0E74142002C01DD2246BB
:10D4200000E06242914200DA04466D1CBD42A1D385
:10D43000444501D1002000E0604200B297E70000BF
:10D44000010004002DE9FF4F83B08B4682460DF0AA
:10D45000FCFD060012D041F6FF78444600215046FC
:10D460000EF0AEFB0090002150460EF06EFA0190D7
:10D4700050460DF0A0FB074600255FE0002007B0F6
:10D48000BDE8F08FDAF808003149006850F825004F
:10D4900081460EF092FDE8BB4FF4805148460EF0F5
:10D4A00085FDB8B3012E04D0022E08D0032E44D13E
:10D4B0001AE0B9F91600BAF81620009932E0BAF865
:10D4C0001A200199B9F91A00511A069A09B21044A2
:10D4D00000B2584531DB059A90422EDC401A00B26A
:10D4E000002821DD014620E0B9F81A20B9F816100D
:10D4F000BAF81A30501A401C00B200EBD070BAF8DB
:10D50000162001EB6000991A491C0BB2009900B279
:10D510005B1A00E011E00199591A01EBD1730099EF
:10D5200001EB63011144D0E74142002C01DD2246AA
:10D5300000E06242914200DA04466D1CBD42A1D374
:10D54000444501D1002000E0604200B297E70000AE
:10D55000010004002DE9FF4F83B00E46DDE910B451
:10D560001746002103980EF0AEFC054600210398F3
:10D570000EF089F90146F07882070BD5C30742F215
:10D58000D17202D0954202D006E0914206D120F03D
:10D590000200F070C00701D07D4800E07D48814660
:10D5A000F078C00712D07B484FF0000AA4F802A020
:10D5B000A4F804A0C4F810A0A4F800A0C4F808A01F
:10D5C000C4F80CA0804639460197ADE07048EBE7FF
:10D5D0000198B84206D04FF4000128460EF0E6FC50
:10D5E000002873D16C4928460EF0E7FC00286ED164
:10D5F000002128460EF036F9029070B32069401CD5
:10D600002061A28802EB0B01A180217DC90771D0A6
:10D6100000EB800080000BF0EFFD0090F0B1E168BE
:10D6200051B12069401E00EB8000820000980BF091
:10D63000ADFEE0680BF02CFE206900EB8001009845
:10D6400000EB81004FF0000140F8145CF078C00757
:10D65000284604D041F2020203E039E0FEE741F23D
:10D6600005020EF00FFB216900B201EB8102009967
:10D6700001EB820121F8100CF0784FF00001C00797
:10D68000284602D041F2030201E041F206020EF008
:10D69000F9FA216900B201EB8102009901EB8201E4
:10D6A00021F80E0C2069029900EB8002009800EB33
:10D6B000820040F8081C206900EB8002009800EB13
:10D6C000820040F804AC0098E06013E032E020E013
:10D6D0002846494688470146F078800705D5B4F9C1
:10D6E000040042180698824224DCA28801EB0B0059
:10D6F0001044A0802846414688470146B4F90000FE
:10D70000814202DD2846414688472080A068401CAF
:10D71000A060F078400702D54FF0FF3000E0012014
:10D7200001994118019105D403980DF032FA051EB4
:10D730007FF44EAFB4F90400002802DDA0EB0B002B
:10D74000A080206908B1069801E0B4F90400608067
:10D75000CDB10198B84216D1039901AA8968096828
:10D7600051F82050F078C0F38001039800F004FED7
:10D770004DB128464146884720802846494688477B
:10D7800060800120A060019807B0BDE8F08F000024
:10D790001BBF010833AD0108010006002DE9F04F61
:10D7A000B24D93B0044600212A880EF06BFA9DF822
:10D7B0001710421C62F30001820862F34101C008A5
:10D7C00060F382018DF81710204600216A880EF060
:10D7D00059FA8DF8140020460021AA880EF052FA5A
:10D7E0008DF8150020460021EA880EF04BFA8DF8DE
:10D7F0001600002120460DF0C8FF012800D00020AF
:10D8000081469DF817004FF00001C00720460CD05C
:10D810000EF0C1F982469DF817004FF00001C007D5
:10D82000204605D00EF0E5F804E00EF0E2F8F1E74E
:10D830000EF0B1F907909DF81700C007204602D0FE
:10D840000DF025FA01E00DF008FA069020460021BF
:10D8500041F232020EF016FA05462046002141F64A
:10D8600010020EF00FFAE18A2844461820460DF007
:10D8700001FC301AADF820002046002141F61202CA
:10D880000EF000FAA18A2844451820460DF0EBFB63
:10D89000281AADF840009DF817009DF81660C007E3
:10D8A00001D008AD00E010AD002120460EF00BFBCA
:10D8B0001190002120460DF0E6FF83469DF81700E9
:10D8C000C10708D0ABF51C52D13A02D1618C890551
:10D8D00009D5C10708D1119AA2F51C51D13903D13C
:10D8E000618C490500D40026B9F1000F08D0C007AB
:10D8F00006D116B1012E02D002E0012600E000267A
:10D900000027ADF83C70B8468EB39DF8170040076D
:10D9100003D5A0684268521E15E0002213E00020E3
:10D920000E9009A90798CDE9000105A92046069B9C
:10D93000FFF710FE0246BDF8241007EB0A0008446A
:10D9400007B208F10108A0684068904201DD002A92
:10D95000E5DAB8F1000F02D0A7EB0A0007B29DF894
:10D960001700C007204603D00DF077F902E00BE066
:10D970000DF08DF90FA9CDE9005101460FFA88F39A
:10D980003A46304613F0A1FE9DF81700410703D533
:10D99000A1684E68761E00E00026B9F1000F04D0A1
:10D9A000C00702D128883844288009AFA0684068A1
:10D9B000B04249DD002E47DB01200E900798CDE9EB
:10D9C0000007324605A92046069BFFF7C3FD8046A7
:10D9D000B9F1000F08D09DF81700C00704D12888BE
:10D9E000BDF82410401A2880DDE90601BDF9202089
:10D9F00002AB019283E88300BDF9400000904346EA
:10DA0000324605A92046F7F7CBFC46460C980BF0AA
:10DA10003FFC00200C90B9F1000F03D09DF81700D7
:10DA2000C0070AD02888BDF82410BDF83C20014466
:10DA300002EB0A0008442880B8E7BDF83C2029889A
:10DA400002EB0A00081AF6E7119942F2D1708142FE
:10DA500001D0834502D120460FF051F800222B213E
:10DA6000204608F069FB13B0BDE8F08F2C010020C0
:10DA70002DE9F05F0546007E92468B46C0076BD1CC
:10DA80004FF00108EC680026C1467CB9287EC0F33F
:10DA9000C000401E30425FD1B9F1000F5CD0284673
:10DAA000594688474FF000080446C1460EB9261E65
:10DAB00052D0B8F1000F06D0214628465246904772
:10DAC0000446B04248D04FF00108002CDED0206858
:10DAD0000DF024FE0006D8D427683AE0012138462C
:10DAE0000EF064FA80B32FB1012138460EF05EFAD1
:10DAF0000028CAD1E868A0422ED070B1284600F0B4
:10DB000045FA0246E8680F21006808F015FB012875
:10DB100022D1E86800680EF017FD2846EC6000F09E
:10DB200035FA0246E8680E21006808F005FB012876
:10DB300012D1E86800680EF007FD296900290BD0B2
:10DB40002846BDE8F05F0847FFE738460DF032F998
:10DB50000746002FC2D1CDE7BDE8F09F2DE9F34F76
:10DB60008FB0054669460DF0ACF828460EF0D5F9A1
:10DB70000B9028460DF0DDF80A90002128460DF0A4
:10DB80008CFF0790002128460DF0E2FF0746002198
:10DB900028460EF046F80446002128460DF006FF00
:10DBA0008346002128460EF004F806460021284648
:10DBB0000DF034FF06F0010106EBD67201EB6201B5
:10DBC00000F0010200EBD07002EB6000491C401C29
:10DBD00009B200B20D2900DB0D218A460D2800DBB9
:10DBE0000D2081460D2F00DB0D27B8460D2C00DBE4
:10DBF0000D2426465846BBF10D0F01DA074600E01A
:10DC00000D2700246BE0A86A00EBC40108A803F00C
:10DC1000AAF8BDF920000799884213DCBDF900205D
:10DC20000D2900DB0D21511A00EB0100ADF8200099
:10DC3000BDF92200B04233DCBDF902100D2E07DA27
:10DC4000324606E0BDF80020A2EB09010844EDE7EA
:10DC50000D22891A00EB01000B99ADF82200BDF9E5
:10DC60002400A1EB0801891E424688421EDBBDF953
:10DC70000010B8F10D0F0144104600DB0D200844E0
:10DC80000A99ADF82400BDF92600C91B891E8842F7
:10DC90001DDBBDF902100D2F08440DDA39460CE0EA
:10DCA000BDF80220A2EB0A010844D5E7BDF8001038
:10DCB000014401EB0900E3E70D210844ADF826001B
:10DCC000002208A81099F4F7CBFD58B905E0BDF87B
:10DCD0000210014401EB0A00F0E7641CA4B2288E94
:10DCE000A04290D8288EA04201D14FF6FF7411B007
:10DCF0002046BDE8F08F10F0070000D101207047EA
:10DD0000B0F90C00032101EB400020F003001030BB
:10DD100070472DE9F05F89469346824600210DF059
:10DD2000AEFE0546002150460DF004FF804600215E
:10DD300050460DF068FF0446002150460DF028FEC5
:10DD4000064650460EF0E9F8411BA1EB0807504685
:10DD50000CF0EFFF001B801B8742504605DA0EF0E7
:10DD6000DCF8411BA1EB080003E00CF0E2FF001B14
:10DD7000801B00EBD07040F34F00BAF8141042192A
:10DD80001144A9F80010BAF8161002191144A9F8A4
:10DD90000210BBF1000F01D0ABF80000BDE8F09F0E
:10DDA000024A002112880DF06DBF00003C010020E6
:10DDB000034A10B5002112890DF064FFC0B210BDF6
:10DDC0003C010020034A10B5002152890DF05AFF92
:10DDD000C0B210BD3C010020032901D2012300E0A4
:10DDE0000023C01A03EB430301EB8301891EC1EB3F
:10DDF00041110C23B1FBF3F111446422B0FBF2F2A8
:10DE0000014401EB9001891A4FF4C872B0FBF2F0A3
:10DE100008440721B0FBF1F201FB1200C0B27047C9
:10DE20002DE9FC470F0023D0046962692AB110680C
:10DE3000B84202D15068BDE8FC87608A00214FF0EB
:10DE4000040CC0F308030CE0A66801EB810556F84A
:10DE500025000CEB8505755B381A85420AD2491CF2
:10DE600089B28B42F0D81AB117606169002048600E
:10DE70000020E0E701EB81051221A26801EB85019A
:10DE80000026515C4FF0060802290BD04FF00C0A17
:10DE900061B1DFF8ACC01022082303290FD001299B
:10DEA00027D045E008EB8501515A40E00AEB850197
:10DEB00008EB85035158D25A085C161838E0ADF8C3
:10DEC0000400CDF800C0A06802EB850103EB8509D2
:10DED000425A50F80910022301A8F5F7C9FF38B3D8
:10DEE000A16851F80920801A08EB85024010895A70
:10DEF0001DE0ADF80400CDF800C0A06802EB85017C
:10DF000003EB8509425A50F80910022301A8F5F7DE
:10DF1000AFFF68B1A16808EB850351F80920801AAA
:10DF20000AEB850240108A58C95A32F810000E18C0
:10DF3000606910B107606069466030467BE70000A9
:10DF4000A95702082DE9F0410D46044600F03DF9BD
:10DF5000071E19D0F88A00212D1A38460DF02FFF20
:10DF60000689002138460DF05AFF00EBD07105EB11
:10DF70006101304409B200B291FBF0F0A18E80B291
:10DF8000814201D8491E88B2BDE8F0812DE9F041F7
:10DF9000002607463546304610E000BF09F023FD55
:10DFA000216DB94209D1022802D0042803D003E030
:10DFB0002046BDE8F08126462546204609F0D8FCDB
:10DFC0000400EBD10EB13046F3E70DB12846F0E77F
:10DFD000BDE8F041002009F0CBBC00007CB503692E
:10DFE000006900255B8AC4689E04A3682BD4980F3F
:10DFF00017D00120B0EB937F31D101EB02402668AE
:10E00000019018480090A068042320F04042314657
:10E0100001A8F5F72DFF10B3801B801061680D5625
:10E020001DE001EB02202668ADF804000E4823F045
:10E03000404200900223314601A8F5F719FF70B164
:10E04000801B4010EAE76068405C995C38B131B1F0
:10E05000637B2268401E10FB0320491E455628465C
:10E060007CBD0000D3FD0008E7FD00082DE9F84F56
:10E070000C460646002120460DF06BFB00EBD070ED
:10E0800045084FF44037394620460DF0F1FC8246F2
:10E09000394620460DF047FD0090394620460DF0E8
:10E0A000ABFD8346394620460DF06BFC0146A08A45
:10E0B000228D0244531BA3EB0A0060F30F08E08A91
:10E0C000638D034400985C1B201A60F31F4805EB26
:10E0D0000B00104460F30F096818184460F31F49DF
:10E0E000C6F80080C6F80490BDE8F88F2DE9FC5F03
:10E0F00088461F461446824605464FF400310DF00F
:10E100002FFB00EBD0704610A01B0FFA80F9A88EF1
:10E11000AC8C10F0060F06D0C0F34100022804D0EA
:10E12000012845D004E0288D00E0E88C204484B22A
:10E1300004F15A0000B212F013FB10FB09F0C513F2
:10E1400020B212F00DFB10FB09F0C4134FF440395C
:10E15000494650460DF093FC8346494650460DF023
:10E16000E9FC0190494650460DF04DFD00904946AE
:10E1700050460DF00DFCB8F8001030444A19A2EBDF
:10E180000B01891B3980B8F800104A1901993144F4
:10E190001144B980B8F802100A190099511A891B64
:10E1A0007980B8F8021021440844F880BDE8FC9F4B
:10E1B000B5F93000B5F93210084400EBD070B5F96C
:10E1C0002E1040108142B0DBADE7406A002802D03B
:10E1D00000210CF0DEBC704700210CF0DABC00001E
:10E1E0002DE9F04105460F46698C00200426C1F355
:10E1F000C503EA680FE000BF06EBC00414595FEAEC
:10E20000C41C07D524F07F44BC4203D152F830002F
:10E21000BDE8F081401C8342EED84FF0806000EBF7
:10E2200071204FEAF0506884C0F3C500C100104669
:10E230000BF084F8E860C0B3688CC0F3C504641EBA
:10E2400016D06FF003025300E86802EBC401415896
:10E250005FEAC11C0CD489010AD403EBC40C00EBA7
:10E26000C4018444641EDCE9000CC1E9000CEBD15C
:10E27000E868082100EBC4000BF066F908200AF0FA
:10E280008FFFE96841F8340010F085FDEA6806EB7D
:10E29000C400115841F080711150EA6867F317010A
:10E2A0001150E86850F83400B2E7FFE7FEE70000DD
:10E2B0002DE9FC410068C068C068B0FBF1F49442ED
:10E2C00000DD1446154F78680068806920B300208F
:10E2D000ADF80000ADF80400ADF8020025B2681EEC
:10E2E00006B2ADF8066078686946006882699047B2
:10E2F000BDF80600BDF80210401A401C00B2A04252
:10E3000002DD351EEBDC01E0002D02DC0020BDE863
:10E31000FC81BDF90640641C2046F8E7F0000020AF
:10E32000491E01D5401E0C310C2901DB401C0C3963
:10E3300001290DD0072091FBF0F200FB121000EB39
:10E34000D07121F00101401AC0F11F00C0B2704726
:10E3500081070CD16421B0FBF1F201FB120149B934
:10E360004FF4C871B0FBF1F201FB120010B10020B4
:10E370001C30EBE70120FBE7136821B15B1E136043
:10E380000BD4806805E05B1C1360806841688B4299
:10E3900003DA006850F823007047002070472DE929
:10E3A000F84315460E46044609F0DCFA09F01BFB5B
:10E3B00001280AD0032808D04FF6FF7005B1288045
:10E3C00006B130800020BDE8F88309F0CBFA694639
:10E3D00009F0DEFA4FF0000875B320460CF043FE5A
:10E3E000BDF80010084407B2002120460DF0E9F9FD
:10E3F00001280CD0A08A00213F1A20460DF069FBAD
:10E40000381A02B240460021A5F8008010E0002131
:10E4100020460DF0B9FB218B081AC01BF1E7236BD6
:10E4200033F81030194409B28A4205DB401C2880B9
:10E43000A38C80B29842F2D3FEB120460CF01AFEB3
:10E44000BDF802100844E18A451A002120460DF06B
:10E450000BFC281A02B240460021A6F8008008E012
:10E46000E36A33F81030194409B28A4205DB401CD4
:10E470003080E38C80B29842F2D30120A3E72DE9EB
:10E48000FF4F83B005461F460598F5F7C4FB0121F1
:10E490008140B5F8208001F0FF096FEA080080B2E2
:10E4A000019095F822004FF0FF36C0F3800B002456
:10E4B0004FF0040A22E0E96801EBC40042689201CF
:10E4C00049D5BBF1000F18D10AEBC4028958049A50
:10E4D000C1F30741090491420FD10068817911EA23
:10E4E000090F0AD06A46059910F024FC28B100985B
:10E4F0003860012007B0BDE8F08F641C688CC0F361
:10E50000C500A042D7D826E0E8680AEBC40200EBB9
:10E51000C4018058C0F307421FFA80FB049812041C
:10E52000824217D10868817911EA090F12D0019A45
:10E530001BEA020F0ED1B3450CDD6A46059910F0B7
:10E54000F9FB38B15846C345D1D05E4502DA0646DC
:10E5500000983860641C688CC0F3C500A042D3D812
:10E56000002EC4DA0020C5E72DE9F047814642F3CA
:10E570000006C0F15A001D460F46540800B2761C32
:10E5800012F0EEF8A7EB040800FB08F0C7114846AC
:10E5900012F0E6F800FB08F0C011002F06DD7F3F07
:10E5A00039120A1B32442A80214405E07F37391290
:10E5B0000A1B21442A80891BA980002806DD7F3898
:10E5C0000012011B31446980204405E07F300012B5
:10E5D000011B20446980801BE880BDE8F0870000B3
:10E5E000024A002192880DF04DBB00003C01002042
:10E5F0002DE9FF4F0746808C85B0484384B20798C9
:10E60000A14600250289DDE9151008440490104454
:10E610000FFA80FA57E0BB6A53F8241079B3D7F8A1
:10E6200030C00026401E3CF915B013E0A21953F883
:10E63000222092B11278D2070FD0AA194FF0020807
:10E6400008EB42023CF80280761C08EB0B020FFA42
:10E6500082FBB6B272198242E8DB002001B1087871
:10E6600080070DD507981599B0F908000144169850
:10E6700008445146504500DC08460FFA80FA1EE077
:10E68000DDE913020244ABEB020000B2129ACDE9BD
:10E69000002000230293DDE9072303A8491C12F0A0
:10E6A00023F9BDF90E10049808445146504500DC8A
:10E6B00008460FFA80FAA01984B2A81985B2641C22
:10E6C0006D1CA4B2ADB2B88C00EB0901A142A2D876
:10E6D00009B05046BDE8F08F034A10B50021D28939
:10E6E0000DF0D0FAC0B210BD3C010020034A10B5B5
:10E6F0000021128A0DF0C6FAC0B210BD3C01002004
:10E700002DE9FC410C46064600210DF060FB054654
:10E710004FF4802130460DF05AFBB5F90870B0F97E
:10E720000850002130460DF088FBE91901EBD1714A
:10E7300000EB610005B230460CF0FBFAF18A00EB09
:10E74000D07001EB600005EBD571A0EB610060803B
:10E750002844E080694630460CF0B3FABDF800006A
:10E760002080BDF80400A080BDE8FC812DE9FF41B8
:10E770000646FFF731FD040021D04FF480273946CB
:10E7800030460DF024FB0546304641F25A423946E8
:10E790000DF078FA06B2204609F0ACFE01460020E2
:10E7A00041F6FF72CDE90002029033462A4603A8E3
:10E7B00012F09AF8BDF90C0004B0BDE8F081002019
:10E7C000FAE739B1012909D0022905D0042907D077
:10E7D000002070473C3070474830704754307047D5
:10E7E000603070472DE9F04104460D46668C0020EC
:10E7F0000423C6F3C501E2680BE000BF03EBC007CA
:10E80000D7595FEA871C03D527F07F47AF4202D074
:10E81000401C8142F2D8814203D002EBC000BDE827
:10E82000F0814FF0806000EB76204FEAF05060847A
:10E83000C0F3C500C10010460AF080FDE060608CA6
:10E84000C0F3C500401E0DD06FF00702E16802EB77
:10E85000C00601EBC0030E44401ED6E90016C3E912
:10E860000016F3D10821E0680AF06EFE08200AF0D5
:10E8700097FCE168086010F08EFAE168486840F0A3
:10E8800000704860E16865F317004860E068C6E71B
:10E8900038B50C480D46144690F820004FF00201A0
:10E8A000C0074FF0120002D00FF048F801E00FF05F
:10E8B0005DF82246294604F0C7F80090BDF8000034
:10E8C00038BD00007CB700202DE9F0474FF0000C68
:10E8D000DDE90964089DDDF82CA0E1466F1E09BB47
:10E8E000052A03D0062A01D0042A02D10023012DD3
:10E8F00001D0002109E001225FF000019C4436F8BC
:10E900001180491CC4440FFA8CFCA942F6D3ACEB2D
:10E91000030109B2072A2AD2DFE802F004070B2913
:10E9200021160D00A4F8009021E0411A01EBD171ED
:10E9300012E0411A11E0411A09B23AB291FBF2F128
:10E94000A4F800900BB212E0411A09B22AB291FB6E
:10E95000F2F10BB203EBD3714910218007E0411AA9
:10E960000AB2691C09B292FBF1F10BB223800021BB
:10E970000BE000BF34F8112036F811C0624404EBFC
:10E98000410C1A44ACF80220491CB942F2D304EB02
:10E99000450106EB450231F8021C32F8022C114405
:10E9A0002288891A0AB2BAF1000F0CD0002108E0BF
:10E9B00034F8113036F81170C31ADB1B24F811300B
:10E9C000491CA942F4D31046BDE8F08770B58AB05F
:10E9D0000446FFF7E5F905462046FFF701FE002D46
:10E9E0005FD000285DD069462046F6F781F90C21FA
:10E9F00007A80AF0A9FD2046002141F232020DF0DD
:10EA000041F905462046002141F612020DF03AF97F
:10EA100046192046002141F610020DF033F9054455
:10EA200020460CF020FBA18A3144081AADF82400DE
:10EA300020460CF01FFBE18A2944081AADF8260095
:10EA4000002507E0006807AA694650F8250001F094
:10EA500039F86D1CA0684168A942F3D800980AF003
:10EA600017FC01980AF014FC02980AF011FC0398B4
:10EA70000AF00EFC002120460DF02CFA054600217C
:10EA800020460CF007FF42F2D1718D4201D088423E
:10EA900002D120460EF033F800222B21204607F049
:10EAA0004BFB0AB070BD0021A0F13002092A01D849
:10EAB000D1B216E0612801D32038C0B2413806280F
:10EAC0000FD2DFE800F0030507090B0D0A2108E06B
:10EAD0000B2106E00C2104E00D2102E00E2100E0F4
:10EAE0000F21084670472DE9F0470446406A4FF46D
:10EAF000404102F0BCFB94F92E10A08D0122FFF7DB
:10EB00006BF90546206B18B300264FF002084FF052
:10EB10000309AF1D4FF4004A17E0206BA28D30F8B7
:10EB2000261091420FD108EB8601415694F92E2010
:10EB3000914208D109EB860140565246384481B2D1
:10EB4000606A02F08BFE761CB6B2A08EB042E4D8AA
:10EB5000A08D218D884211D194F92E1094F92A00AC
:10EB600081420BD194F92B00AD1D284481B2606A1B
:10EB7000BDE8F0474FF4804202F070BEBDE8F08778
:10EB80002DE9F0410446406D0D4600282BD0A968C0
:10EB9000022230F9217002EB8101465EA87B012838
:10EBA0000AD1B4F90C00B84203D1B4F90E00B04256
:10EBB00002D0201D00F088FC201D00F0E9FC002898
:10EBC00011D127816681A87B012804F104000CD0B3
:10EBD00000F07AFC201D00F0DBFC002803D1208926
:10EBE000A0816089E081BDE8F08100F07DFBF1E764
:10EBF00070B5254C0546042160680DF0D7F9002852
:10EC000028D0E96A6068814224D00CF08DF806466D
:10EC1000E86A08B10CF088F886421CD11EB1606821
:10EC200007F05AFE0FE0E86A40B10F21A26807F032
:10EC300083FA284600F0ACFC00280BD1D4E901028D
:10EC40000E2107F079FA284600F0A2FC002801D135
:10EC50006068E86270BD78B1EB6A53B1A26888B1B0
:10EC60001021184607F068FA284600F091FC0028A9
:10EC7000F0D1002EE2D0D2E7E86A0028F9D00F21C7
:10EC8000A268EFE70F21ECE7D00000202DE9F04764
:10EC90000D460446897B40794FF0000801292AD0AF
:10ECA000010708D520F0080121F00101C4F84480D3
:10ECB000617184F80880277AA87B20726868E06018
:10ECC000D4F850905FEA09007ED007F061FEB34EA1
:10ECD0000028706078D0A87B08B1A5F80C80484661
:10ECE00007F056FE706000286ED0A97B012905D080
:10ECF00000296AD00AE1000766D4DCE717B1012FCA
:10ED000030D003E111F0BAFA606469680A2909D0C9
:10ED100014291AD013291BD01B291DD0484607F0EF
:10ED2000A1FEF3E070680DF055FC20B91021706869
:10ED30000DF03CF908B1012700E00027484607F034
:10ED400021FE8743D6D1012163E0A889401E01E05E
:10ED5000A889401CA881D9E01B21484607F082FE03
:10ED6000202156E06079C0073DD1606C11F080FA37
:10ED70002168898B8842607933D940F00100607145
:10ED800011F07CFAA06468680A2819D170680DF047
:10ED900021FC20B9102170680DF008F9B0B1484687
:10EDA00007F0FDFD01280BD9484607F0EBFD80F088
:10EDB0000101484607F061FE202170680BF0FAFA65
:10EDC000607940F00100A0E087E02CE0D6E9010284
:10EDD000052107F0B1F9201D00F0DAFB00287CD1F5
:10EDE000EEE7C0071ED0A06C11F042FA2168C98B73
:10EDF000884217D911F042FAA06469680A2907D03D
:10EE00001429A2D01329A3D0484607F02BFE04E012
:10EE10000621D6E9010207F08FF9201D00F0B8FBAA
:10EE200000285AD172E0012F70D169680A2967D190
:10EE30000DF0D0FB20B9102170680DF0B7F880B349
:10EE4000484607F09FFD002860794FEAC07052D015
:10EE500020B1484607F0A3FD012847D8D6E90102B2
:10EE6000082107F069F9201D00F092FB00286AD103
:10EE7000D6E90102042107F05FF9201D00F088FBAC
:10EE8000002860D1D6E90102072107F055F9201DBD
:10EE900000F07EFB002856D10A21484607F0E2FD2B
:10EEA0002EE0FFE7D6E90102082107F045F9201D11
:10EEB00000F06EFB002846D16079C00704D1D6E986
:10EEC0000102042107F038F9201D00F061FB002841
:10EED00039D1D6E90102072100E034E007F02CF92E
:10EEE000201D00F055FB00282DD109E0202170687D
:10EEF0000BF060FA04E018B90121484607F0BDFDA7
:10EF0000C4F84480607920F001006071C6F8048084
:10EF1000A889002817D0484607F034FD0028B5F925
:10EF20000C001FD0002810DA4FF0000406E000BFEC
:10EF30004FF01401484607F095FD641CB5F90C002C
:10EF40004042A042F4DCBDE8F087FCDD002404E090
:10EF50001321484607F086FD641CB5F90C00A04259
:10EF6000F6DCF0E700280CDA4FF0000403E0484636
:10EF700007F0FAFC641CB5F90C004042A042F6DC34
:10EF8000E1E7E0DD002403E0484607F09DFC641C57
:10EF9000B5F90C00A042F7DCD5E70000D000002056
:10EFA00070B50446806A002870D194F83D00C0070F
:10EFB0006CD14FF40046256A03E028460BF0FAFEB8
:10EFC0000546002D62D0314628460CF0EFFF0028A0
:10EFD000F3D1B4F91000002801DD014600E0414200
:10EFE0002B4A926813689B7E994209DAB4F9121091
:10EFF000002900DC4942994202DA00212187618719
:10F00000218F084400B22087618F638A0028194449
:10F0100009B2618701DD034600E043421668F67ECF
:10F02000B34206DC002901DD0B4600E04B42B3424F
:10F030002CDD012384F83D30002801DD034600E08B
:10F040004342002901DD0E4600E04E42B34209DD95
:10F05000002894F83C0020F0F00001DD20300AE0A8
:10F06000103008E094F83C00002920F0F00001DDA9
:10F07000803000E0403084F83C000C21284607F046
:10F080005BF82046BDE8704000F082BA70BD000019
:10F09000D00000202DE9F0410E460446897B4079DE
:10F0A000002701291DD0010704D520F0090067645D
:10F0B00060712772D4F850805FEA08007ED007F0B4
:10F0C00067FC5B4D0028686078D0E2687168E16099
:10F0D000217AB37B2372B37B012B05D0002B7AD02E
:10F0E000A3E000076AD4E5E711B1012930D09CE024
:10F0F00011F0C4F8606471680A2909D01B290DD089
:10F10000092915D00B291BD0404607F0ABFC8CE039
:10F110000A21404607F0A6FC012104E01B214046DD
:10F1200007F0A0FC2021D5E9010207F005F84AE02C
:10F130000021404607F0A1FC404607F0C5FB42E035
:10F140000021404607F099FC404607F00DFC3AE0EC
:10F1500071680A2908D10221AA6806F0EDFF201D76
:10F1600000F016FA002861D16079C00714D1606CF4
:10F1700011F07EF82168898B884260790AD940F0C5
:10F180000100607170680A284FD111F077F80521ED
:10F19000A064C8E7C00748D0A06C11F069F82168E6
:10F1A000C98B884241D911F069F8A06471680A29B5
:10F1B0000FD00929BCD00B29C2D001E036E00AE00B
:10F1C000404607F04FFC201D00F0E2F900282DD149
:10F1D0002BE00621A7E7012927D172600A2A1FD157
:10F1E0000821AA6806F0A8FF201D00F0D1F9002828
:10F1F0001CD16079C00709D1D5E90102042106F0CC
:10F200009BFF201D00F0C4F900280FD1D5E90102B1
:10F21000072106F091FF201D00F0BAF9002805D162
:10F220006764607920F0010060716F60BDE8F08173
:10F23000D000002070B5044600680D4609880069BA
:10F240002182698861820268117CC1F3011102295F
:10F2500001D003290AD111882A88891A491E2980D8
:10F2600001686A884988891A491E69800168097C91
:10F27000C1F30111012901D0032907D169882A8826
:10F280006A8000684088401A401E28802068006913
:10F2900004F034F92068006904F076F9E06C78B184
:10F2A000B4F90C20B5F900108A4205D1B4F90E204A
:10F2B000B5F902309A4203D0B5F902200EF02FF9C9
:10F2C00028882081688860812079012804F1040061
:10F2D00006D000F0F9F82089A0816089E08170BD36
:10F2E00000F002F8F7E700002DE9F041754D044603
:10F2F000006A6860617809077DD4A96800260968FA
:10F300000F6930B1A16A39BB4FF400510CF04EFEC9
:10F3100010BB384604F008F9211D08F03CFC686079
:10F3200070B9384604F008F9211D08F034FC686013
:10F3300030B9384604F012F9211D08F02CFC686041
:10F34000606A48B1268366832046F4F767F8204652
:10F3500000F01EF900284ED1206A696888423CD02E
:10F36000A1882181E188618140B10321AA6806F06A
:10F37000E3FE204600F00CF900283CD168682062CA
:10F38000606250B310F07AFF20646078012120F0B1
:10F3900001006070A682E68294F83C0020F0FF0035
:10F3A00084F83C0084F83D60268766872682668262
:10F3B000D5E9010206F0C0FE204600F0E9F8002879
:10F3C0007DD1A8684179090779D4001DFFF710FCA9
:10F3D000204600F0DDF8002871D1A0882189401A6C
:10F3E00002B22282E0886189401A01B26182B4F9D6
:10F3F0001800431000E062E0B4F91A0003EB620267
:10F400004010228300EB61006083A069E0616868BE
:10F41000002854D00221AA6806F08EFE204600F093
:10F42000B7F800284BD1A8684079000747D4204698
:10F43000F3F768FF204600F0ABF800283FD12046E4
:10F44000FFF7AEFD204600F0A3F8002837D1A06AF0
:10F45000002834D16078C0071DD1206C10F008FF5F
:10F46000AA681168898B88420FD90521686806F05F
:10F4700063FE204600F08CF8002820D1607840F030
:10F480000100607010F0FAFE6064A06A002816D1D6
:10F490006078C00713D0606C10F0EAFEAA681168AB
:10F4A000C98B88420BD90621686806F045FE2046C4
:10F4B00000F06EF8002802D110F0E0FE6064BDE8B4
:10F4C000F0810000D00000202DE9F0410446407892
:10F4D0004FF00006010706D526626662266420F01A
:10F4E0000800666460701A4D206A6860A76A18B3E5
:10F4F0000821AA6806F020FE204600F049F80028FE
:10F5000024D1B7B96078C00709D1D5E90102042137
:10F5100006F012FE204600F03BF8002816D1D5E98F
:10F520000102072106F008FE204600F031F800280D
:10F530000CD1266226646664002F07D02046F3F7BC
:10F540006DFF2046BDE8F04100F022B8BDE8F08133
:10F55000D00000204279910716D5002141628162D6
:10F56000C162416481640183418390F8403022F09C
:10F57000030223F00F0380F840308183C183818729
:10F58000C18742710148416070470000D0000020EF
:10F590004078810702D5034A00215160C0F3400042
:10F5A00070470000D00000202DE9F041044690F89B
:10F5B0002A00C00738D0A08C0721B0FBF1F0E18C05
:10F5C000B1FBF0F200FB121200EB40010A4492B2D0
:10F5D000B2FBF0F300FB13200844E28420850021F5
:10F5E00020460CF0F4FB0546002120460CF025FCDB
:10F5F0000746B5F9085020460BF02FFB064620467B
:10F60000FEF7EAFD0246E18CE819414306EBD670AD
:10F6100005EBD573BDE8F0414010A0EB6300401A44
:10F6200001B210460EF054B9BDE8F0812DE9F8435F
:10F63000856A0446802128460CF0B8FC4D4FFE0C2C
:10F64000C8B128460BF001FD01281DD0022828D0A2
:10F65000032837D06786E68628460BF0EFFC0128A2
:10F6600047D0022850D003285AD02786A686208E5D
:10F67000002872D072E0334639463A4604F1300031
:10F68000009601F0ECFBF2E7E88A0023401C01B28F
:10F6900032462846FDF7D6FE6086E88A401E02B252
:10F6A00009E0B5F91A10002332462846FDF7CAFED4
:10F6B0006086B5F91A20002339462846FDF7C2FEB8
:10F6C000E086C9E7688BE98A0023401A401C00B233
:10F6D00000EBD07001EB600808F1010001B2324686
:10F6E0002846FDF7AFFE6086A8F10100002302B2B4
:10F6F000E2E7B5F91410002332462846FDF71AFE5A
:10F700002086B5F9142009E0B5F918100023324617
:10F710002846FDF70FFE2086B5F91820002315E0D6
:10F72000288BA98A0023401A401C00B200EBD0703D
:10F7300001EB600808F1010001B232462846FDF7EE
:10F74000F9FD2086A8F10100002302B239462846BF
:10F75000FDF7F0FDA0868AE7FFE72786A08E00B9B7
:10F76000A686608E00B96786E08E002800D1E68606
:10F77000BDE8F88301E0FFFF70B50D4C06460020A0
:10F780000D460A4620601D21304606F0D5FC206853
:10F7900058B1017839B12946F0F7D8FD28B1304683
:10F7A000216810F04BF9002070BD012070BD0000F1
:10F7B000AC0200202DE9F04188B01F4614460D46EA
:10F7C00006460CF039FF002842D0A54240D04FF445
:10F7D000B470854202D9A5F5B475ADB2844202D9A0
:10F7E000A4F5B474A4B2B18C4A1995B221448CB278
:10F7F000854202D9A5F5B475ADB2844202D9A4F50B
:10F80000B474A4B207AA06A93046FEF782FA3946B4
:10F8100030460BF0A5FF80463046394651220CF0A9
:10F8200031FA04A908B1012200E00022CDE9022149
:10F83000CDE90048BDF81C00BDF91A1082B2BDF92F
:10F8400018002B4603F034FF04A930460CF0B0FE3C
:10F8500008B0BDE8F0811FB5044603AA02A9FEF76F
:10F8600058FA6B46BDF90C2002A92046FEF73EFC73
:10F87000694620460CF09CFE1FBDF0B50546A1F57B
:10F880007F408BB00E46FF3858D0288EB04255D9F5
:10F89000A86A00EBC601684601F065FA03A928468C
:10F8A0000BF00FFA002128460CF083F907460021DF
:10F8B00028460CF0B3F8044628460BF009FA03F08A
:10F8C0000BFE0A2190FBF1F2BA4201DB90FBF1F74B
:10F8D00090FBF1F33AB2A34201DB90FBF1F4BDF8E7
:10F8E0000C30BDF80000991A0844ADF80000BDF8CE
:10F8F0000E10BDF802000F1B3844BDF8047000B2B2
:10F900003B441A44ADF80420BDF80620ADF80200CF
:10F910001144214409B2ADF80610AA8EB24209D1B1
:10F92000EA6A32F81620920504D5091A491C401AD1
:10F93000ADF80200694628460CF03AFE0BB0F0BD67
:10F940001CB5044601466846FEF790FB6946204612
:10F950000CF02EFE1CBD2DE9FC470446B0F88200D9
:10F960000D46A8427CD920460BF091F9B4F88410DA
:10F97000484340F30F2620460BF0A2FA074694F8BE
:10F980008800010705D500F00700012806D00228ED
:10F990006ED02046BDE8FC470CF0D6BD00212046C5
:10F9A0000BF03CFF8046002120460CF05AF8A28A5A
:10F9B00040441044C01B0FFA80F920464FF4A021A8
:10F9C00040F649020CF05EF90FFA80F84FF400316E
:10F9D00020460CF086FA0746A08AADF80000E28ABD
:10F9E000ADF80220208BADF8040008EB0700618B16
:10F9F000121A0844ADF80220ADF80600B4F88200EF
:10FA0000401EA84217DD06FB05F191FBF0F24A44C7
:10FA1000A2EB0801C91BADF80010691C714391FBF2
:10FA2000F0F1494401EB08003844ADF804006946A0
:10FA300020460CF0BDFD002D41D0681E06FB00F1F4
:10FA4000B4F88200401E91FBF0F24A44A2EB080198
:10FA5000C91BADF800106E4396FBF0F1494401E07C
:10FA60002DE005E001EB08003844ADF8040022E089
:10FA7000002120460BF0CBFFB4F8841048434FEA36
:10FA80002028B4F8820006EB080191FBF0F67543DC
:10FA9000002120460BF0E5FFA18A2844451869465D
:10FAA00020460BF00EF9E81B8119A0EB0800ADF819
:10FAB0000410ADF80000694620460CF079FDBDE861
:10FAC000FC8700002DE9F74F0D4682B00446B1498E
:10FAD0000CF073FA00287DD12046FEF773F98246B8
:10FAE0002046FEF703FE5FEA000973D0BAF1000F6B
:10FAF00070D02046FEF75CF907462046FEF7ECFD85
:10FB0000DFF894B2064620460021BBF80C200CF02A
:10FB1000B9F800F0FF0820460021BBF812200CF0D5
:10FB2000B1F8C0B201902B6807EB0A006FF0010238
:10FB3000D5F808C033F8171002EB40001B5A3CF808
:10FB400000001844401A00B200906B6806EB0900F0
:10FB500002EB400033F816101A5AEB68185A10449A
:10FB6000401A0FFA80FB002120460BF015FE0128F9
:10FB70000AD1B8F1000F03D0B8F1020F02D003E0B0
:10FB8000022000E000208046208BA18A401A401C01
:10FB90000FFA80FA608BE18A401A401C0FFA80F954
:10FBA0004046B8F1010F1BD0022824D02868B8F1D4
:10FBB000030F30F9170028D18046608CDDF800A0D3
:10FBC00040F480606084019801287DD0022879D0BB
:10FBD000032800E0DAE0686830F9167073D119E0A4
:10FBE00029680098A0EB0A0031F8171000EBD070DC
:10FBF00001EB600008E020460CF08FF9296831F82D
:10FC0000172000991144081A00B28046608C20F435
:10FC10008060D7E7608CD94640F40070608420464D
:10FC20000CF07BF9504504D120460BF082F8484592
:10FC300027D0A08AADF80000E08AADF80200208B42
:10FC4000ADF80400608BADF8060020460CF07CFC9B
:10FC500004F114005146054601F00DF949462846C5
:10FC600001F004F920460CF06FFC6A462921204679
:10FC700006F062FA20460BF09DF82246222106F09B
:10FC80005BFA2046002143F20C020BF0FBFF06B2A8
:10FC90002046002143F20D020BF0F4FF05B220468E
:10FCA0000CF03BF9814620460BF043F80146C6F3C1
:10FCB000413064224FF4FA634FF47A7C01281BD060
:10FCC00027E001E00AE013E06968ABEB090000EB14
:10FCD000D07031F8161001EB600008E020460BF000
:10FCE00028F8696831F8162002EB0B01081A07B2F0
:10FCF000608C20F4007091E726F4C040984208DC44
:10FD0000604501DDC0F57A7000FB09F090FBF2F070
:10FD100006B2C5F3413001280BD125F4C04098420A
:10FD200007DC604501DDC0F57A70484390FBF2F0D6
:10FD300005B2049A08EB0600791912891044A28AC8
:10FD4000801A05B2049840890844E18A401A06B234
:10FD500055EA06001AD020460CF0F6FBA08A28448B
:10FD6000A082208B28442083E08A3044E082608B8C
:10FD70003044608320460CF0E7FB05B0324629464C
:10FD80002046BDE8F04F01230CF08EBC05B0BDE865
:10FD9000F08F0000010006003C0100202DE9F04139
:10FDA000064615460F46002005E039462046B04776
:10FDB00001280AD0204611F057FB040002D06068E9
:10FDC0008000F2D10020BDE8F08105B12C60012057
:10FDD000F9E703880A88934201D0981A704740884F
:10FDE0004988401A704703780A78934201D0981ADC
:10FDF000704740784978401A704700002DE9F0417B
:10FE00004268096822F040428A4227D10446FDF741
:10FE100077FFDFF84C800546D8F80820131BA2EBCB
:10FE200005005E1BC8F8080015D027466119324648
:10FE3000384609F0ABFA06E0A068401BA0602046F7
:10FE4000FDF75EFF0444D8F808008442F4D1B819E5
:10FE5000294609F079FB0120BDE8F0810020FBE78D
:10FE6000F800002070B5054606F023F90446284640
:10FE700006F05DF906460AF09DFF05462A2C01D0E2
:10FE8000292C0BD10021304608F006FF284612F03D
:10FE90006BF92846BDE8704013F072B870BD0000E1
:10FEA00070B505460AF087FE0646002406E0A868FD
:10FEB000006850F82400FFF7F3FF641CB442F6D347
:10FEC000688CC1071ED020F00100688428460CF021
:10FED00016FE28460CF033FD002E13D000212846D4
:10FEE0000BF0EDFC00280DD007494968884209D87D
:10FEF0000649096801EBC00050E902212846BDE827
:10FF00007040104770BD0000E40000204002002057
:10FF10002DE9F0478046089D1F46E86900FB01F384
:10FF20009B12002807DD934207DD00BF95F82800EB
:10FF300080070DD48BE09342F8DBCB1943439B122F
:10FF4000002808DD934239DA95F8280080077ED42E
:10FF50000120BDE8F0879342F6DCA869521C5043AB
:10FF600040F395000312C0B2FF22002828D000BF42
:10FF70006E6AC0F1FF0404FB06F4A2EB242600BF66
:10FF8000A3EB0104A14636D0002C15DBBC4213DAEA
:10FF9000C0F1FF00C6F1FF014843A2EB6020C1B2EF
:10FFA00095F82800800701D5C1F1FF0118F8040079
:10FFB00011F030F908F80400641C1CE0A869CEE7D1
:10FFC0004FF0FF06DCE7002C10DBBC420EDAA6EB9C
:10FFD0006000C1B295F82800800701D5C1F1FF018A
:10FFE00018F8040011F016F908F80400686A641C97
:10FFF000361ABC4202DA686AB042E4DBBC4218DA64
:020000040801F1
:10000000002C16DBA869704380127043C0F34721AF
:10001000E869002801DAC1F1FF0195F8280080079E
:1000200001D5C1F1FF0118F8040011F0F3F808F848
:10003000040095F82800800707D54946B94506DC35
:1000400000290DDB404609E001E0641C01D50020D9
:100050007FE7BC4204DC391B08EB040009F074FAAA
:10006000022076E72DE9F05F06460A9F8A461D4684
:10007000B86900FB02F18C12002800DD641C97F8BF
:100080002830544502DA980707D4D5E08C120AEBE1
:10009000050CA44502DA98077ED483E0521C424343
:1000A00041F3950142F395044FEA2129221204F00D
:1000B000FF08C9B2A9EB0A04914505D0002803DA6C
:1000C00011B9FF219146641E914528D1002C0CDB0B
:1000D000AC420ADA01EB08004108980701D5C1F1EA
:1000E000FF01305D11F096F8305597F82800641C38
:1000F000800706D5A9EB0A01A9424DDA8EE0304609
:100100000AE0AC4200DD2C46002C45D006DD00BFE5
:10011000A5EB040106EB040009F016FA89E04FF0A4
:10012000FF0B002844DAF869404248434FEAA02810
:10013000002C0DDBAC420BDA08FB01F0C0F34721C9
:10014000980701D5C1F1FF01305D11F063F830551A
:10015000B969A8F1FF0041438812641E11D4AC4272
:100160000FDAC8F1FF014143ABEB6120C1B297F850
:100170002800800701D5C1F1FF01305D11F04AF878
:10018000305597F82800A41C800709D5A9EB0A016F
:10019000491EA9424DDC00E04EE00029AFDC48E0FA
:1001A000AC4202DD0120BDE8F09F002CB0DA40E057
:1001B000C1F1FF00F96941434FEAA128002C0EDB91
:1001C000AC420CDA00FB08F0ABEB6020C1B2980740
:1001D00001D5C1F1FF01305D11F01CF83055B9694E
:1001E000C8F1FF0041438912641C0ED4AC420CDA02
:1001F0004843C0F3472197F82800800701D5C1F193
:10020000FF01305D11F006F8305597F82800641CA6
:10021000800707D5A9EB0A01A9420DDC0029BFF62A
:100220006EAF06E0AC4200DD2C46002C04D03FF758
:100230006FAF4FF00200B6E74FF00000B3E77CB5B8
:10024000446A07F08FFB054607F0CDFB04280CD16C
:10025000E18E204621870AF067FD064606F092FBF4
:1002600018B10021304606F008FC284607F0BBFB19
:10027000012804D0284607F0B6FB03280AD101A9BB
:10028000284607F085FBBDF906102046FDF75AFE0B
:10029000E0862087204605F0EAFBA06A10B92046D8
:1002A0000CF052F9E08E00906A461C21204605F0C1
:1002B00043FF7CBD2DE9F0410746884600261248E1
:1002C000F3F737FA044619E021460F48F3F743FAEB
:1002D00005462068B84200D07FB96168414502D028
:1002E000B8F1000F09D121460748F3F78CFA2046F0
:1002F00008F0E0FFF4F78EFA01262C46002CE3D13B
:100300003046BDE8F0810000D0B7002070B505464A
:100310000C460948F3F70DFA0BE00168A94204D135
:100320004168A14207D0002C05D001460248F3F7EE
:1003300012FA0028F1D170BDD0B7002010B50446E4
:10034000402109F001F94FF4FA70A0620020E06149
:10035000642060620120A0870448A06194F83E00F8
:1003600040F0010084F83E0010BD0000D7030108F2
:1003700038B504464FF480650095D4E90A2000237F
:10038000194608F0FBFE4FF46E73322200210095EF
:1003900000F016FFE269616A891A414302EBA1206D
:1003A00038BD38B504464FF480650095D4E90A207D
:1003B0000023194608F0E2FE40F2B6334FF46172B2
:1003C0000021009500F0FCFEE269616A891A414350
:1003D00002EBA12038BD38B504464FF48060009090
:1003E000D4E90A200023194608F0C8FEE269616AD0
:1003F000891A414302EBA12038BDD0E90A128A4292
:1004000001DB406A7047C06970478B1A002B00DC23
:10041000531A4FF47A714B43B3FBF0F0002800D12C
:100420000120704770B54168054611B12868FFF793
:1004300041FF1948F3F7DEF9184E10B10FF01EFF17
:1004400070601548F3F79AF9040024D04022294639
:1004500008F09CFF2868A84200D12460717894F8C5
:100460003E0061F3820084F83E00C0070FD021698E
:1004700039B120468847E1690144E161616A084475
:10048000606262681AB1206808B1E1699047F4F7C8
:10049000C1F9204670BDFEE7D0B70020340200202D
:1004A00010B500200C468884872161852D22A28505
:1004B000E18449002185A18E21F00601A1864FF437
:1004C0000041E185A18E2086642041F0080160860C
:1004D00088B220F00100A0861001E0860FF0CEFE69
:1004E000A063208DA0870221204609F065FB4FF410
:1004F0004071204609F024FF2046BDE810400D2140
:100500000CF028BF2DE9F04FAFB0044605F00FFE08
:100510000746204605F0D3FD2A9028AA2CA9384684
:10052000FDF7F7FB06A82A990AF072F9BDF9A000B9
:10053000DFF888810DF1B00A0DF1080B00282DDDE0
:10054000584603F093F802AA002138460BF06EFDDE
:100550000020CDF83CA01390CDE90780BDF8A000A5
:10056000ADF8540006AA1A213846CDF838B005F087
:10057000E3FDB98DB88C7A8D0144104489B280B204
:10058000CDE90001BDF854302CAA02A92A9803F045
:100590005DF806AA1B21384605F0CEFD4FF4003960
:1005A000494638460BF06BFA0646494638460BF08A
:1005B000C1FA0546494638460BF025FB0446494634
:1005C00038460BF0E5F9AE4201DD314600E0294640
:1005D000844201DD224600E00246914205DDAE4242
:1005E00001DD304604E0284602E0844200DD20467A
:1005F000BDF8A010081A04B2002C34DD02A803F0E4
:1006000035F802AA4D46494638460BF00FFD012049
:10061000CDF83CA01395CDE90780ADF8544006AA6B
:100620001A213846CDF838B005F086FDBDF90A101C
:10063000BDF95400814201DDADF80A00398DB88C56
:10064000FA8C0144104489B280B2CDE90001BDF8B2
:1006500054302CAA02A92A9802F0F8FF06AA1B21FE
:10066000384605F069FD2DABBDF9A0202CA9384610
:10067000FDF73CFD18A804F047FA4FF4403418AADF
:10068000214638460BF005FE02201394CDE9078081
:100690002DA8099018A80A9006AA1A21384605F034
:1006A0004BFD2DAA18A92A9804F01AFA06AA1B21B4
:1006B000384605F041FD2FB0BDE8F08FA8A902082B
:1006C0002DE9F04786B08A46F7480AF04CFA01282F
:1006D0007ED1504605F0EDFC0646504605F027FD5C
:1006E0000546504605F023FD0446022E11D0082E83
:1006F0006FD0032EFCD00D2E6CD0112E6BD0132E8C
:100700006AD0152E64D106B05046BDE8F047FFF719
:10071000F9BE07F027F906005AD007F064F901285E
:1007200056D101A9304607F033F903AA02A9284699
:10073000FDF7EFFABDF80400BDF80810401AADF857
:100740000400BDF80600BDF80A10401AADF8060016
:1007500094F83400C00744D14FF4003128460AF021
:10076000FFFF0646BDF80C004FF48031801BADF84A
:100770000C0028460BF01AFC10B1BDF80C0008E084
:10078000BDF90C00C11700EB9171B6EBA10F00DAB7
:100790008E10801BADF80C0000B2012802DA012097
:1007A000ADF80C00BDF8040010FB00F1BDF8060028
:1007B00010FB0010BDF80C1011FB01F1884206DDA2
:1007C000A08E40F00100A0860FF058FDA06304E069
:1007D00086E099E0B2E0D5E015E194F83400C00776
:1007E0007ED0BDF9041019B9BDF80600002877D0F5
:1007F000B4F92C60628DB0B2904202D200F5B470B0
:1008000006B2BDF9060000F03BFBA18C628D401AD8
:10081000801A00B2002802DA00F5B47000B2B11AF2
:10082000A38F09B29A1A0FFA82F8A0EB080212B24B
:1008300002F58C72B2F50C7F07D994F834000007EA
:1008400001D500200DE008460BE001EBD171B0EBC3
:10085000610FA18E02DA41F0080101E021F00801E8
:10086000A186A0EB080007B2A06B0FF001FDE18E9E
:1008700041434FF47A70B1FBF0F000B2874201DDE2
:10088000074603E04042874200DA07B2618DB4F9BF
:100890003220B4F9303008EB0700A6EB010CD71A70
:1008A0004FEACC0C9CFBF7F73F1D00EB2710B4F987
:1008B0002E700844009200B2324608F05FFC06B287
:1008C000B5F92E00B04211D00FF0D8FCA06331462C
:1008D000284600F0F5F9BE4208D000221C2100E0B5
:1008E0000FE0284605F028FC01280AD1B4F93000B1
:1008F000B04203D0B4F93200B04202D10FF0BEFCD6
:10090000A06306B0BDE8F087A08E20F00100A086AD
:1009100028460AF009FA054606F034F8044607F0BE
:1009200021F807F060F80428EBD1002CE9D006B0DC
:100930002846BDE8F047002106F09FB8504605F074
:10094000F4FB0078B4F92E60132806D0112804D0E7
:10095000142805D0122803D008E0E88D401C01E0DF
:10096000E88D401E01B2284600F0AAF9B4F92E0025
:10097000B042C6D006B02846BDE8F04700221C2190
:1009800005F0DABB504605F0D0FB044604AA03A9E3
:100990002846FDF7BEF9A868002608B1B0F9146032
:1009A000002128460AF0DCFE0546BDF81010304450
:1009B000081ABDF80E20ADF81000111809B2009108
:1009C000BDF80C10121A0B18081A01B21BB212B2A1
:1009D00001A800F044FA47F6FF773A4601A82168DB
:1009E000F1F73EFF08B100200BE005EB460002B234
:1009F000114601A800F019FA3A4601A82168F1F75A
:100A00002FFF20717DE7002128460BF038F80746BC
:100A1000002128460BF08EF80646002128460BF0F0
:100A2000F2F80446002128460AF0B2FFB74201DD81
:100A3000394600E03146844201DD224600E00246AC
:100A4000914205DDB74201DD384604E0304602E060
:100A5000844200DD204680464FF44039494628460E
:100A60000BF00DF80446494628460BF063F807469C
:100A7000494628460BF0C7F80646494628460AF07C
:100A800087FFBC4201DD214600E03946864201DD98
:100A9000324600E00246914208DDBC4201DD2046BC
:100AA00007E0384605E00000A8A90208864200DDFC
:100AB0003046801C04B2504605F037FBB0F90010F8
:100AC000A4EB0802914200DC1146018019E770B5E1
:100AD0000C460546114600F07EF821462846BDE842
:100AE000704000F0B4B870B50C460546114600F0F1
:100AF00006F821462846BDE8704000F036B870B5CB
:100B00004FF4B47305460C46994202D9A1F5B4746A
:100B1000A4B2A88D698D421A611A12B209B2002AD4
:100B200002DA02F5B47212B2002902DA01F5B471E8
:100B300009B28E1AB4369E4203D928460BF004FD42
:100B40000DE0914203DA00230246214604E08A4286
:100B500005DA0023224601462846FEF72BFE2846EA
:100B6000AC85BDE8704015F08BB970B54FF4B47327
:100B700005460C46994202D9A1F5B474A4B2A98DD8
:100B8000688D0A1A091B12B209B2002A02DA02F5AC
:100B9000B47212B2002902DA01F5B47109B28E1AE8
:100BA000B4369E4203D928460BF0CEFC0DE09142AC
:100BB00003DA00232246014604E08A4205DA0023D4
:100BC000024621462846FEF7F5FD28466C85BDE81D
:100BD000704015F055B970B54FF4B47305460C4626
:100BE000994202D9A1F5B474A4B2288DE98C421AB5
:100BF000611A12B209B2002A02DA02F5B47212B214
:100C0000002902DA01F5B47109B28E1AB4369E4297
:100C100003D928460BF098FC0DE04FF400339142C5
:100C200002DA0246214603E08A4204DA22460146FD
:100C30002846FEF7BFFD2846FEF70DFE28462C8508
:100C4000BDE87040FEF707BE81840BF07DBC70B537
:100C50004FF4B47305460C46994202D9A1F5B47419
:100C6000A4B2298DE88C0A1A091B12B209B2002A13
:100C700002DA02F5B47212B2002902DA01F5B47197
:100C800009B28E1AB4369E4203D928460BF05CFC9A
:100C90000DE04FF40033914202DA2246014603E0B0
:100CA0008A4204DA024621462846FEF783FD28469A
:100CB000FEF7D1FD2846EC84BDE87040FEF7CBBDC1
:100CC000B0F92E308B420ED0B0F932208A4200DAD1
:100CD0001146B0F930208A4200DD11468B4202D025
:100CE000C18515F0CDB870470A8802804A884280D5
:100CF0008A888280C988C18070470A8802804A88B1
:100D000042808A888280C988C18070470A880280B0
:100D10004A8842808A888280C988C18070470A8850
:100D200002804A8842808A888280C988C180704750
:100D30000A8802804A8842808A888280C988C18065
:100D400070470A8802804A8842808A888280C988DF
:100D5000C18070470A8802804A8842808A888280DF
:100D6000C988C18070470A8802804A8842808A8880
:100D70008280C988C18070470A8802804A88428080
:100D80008A888280C988C18070470A8802804A8820
:100D900042808A888280C988C18070470A88028020
:100DA0004A8842808A888280C988C1807047C18809
:100DB0004088081A401C00B27047C1884088081A51
:100DC000401C00B27047C1884088081A401C00B21D
:100DD0007047B0F90410B0F90020891AB0F9062064
:100DE000B0F90200101A401C491C48437047818822
:100DF0000088081A401C00B2704781880088081AD1
:100E0000401C00B2704781880088081A401C00B25C
:100E1000704781880088081A401C00B2704781889A
:100E20000088081A401C00B2704703885B1A0380D0
:100E30008388194481804188891A4180C18811447E
:100E4000C180704703880B440380838819448180E4
:100E5000418811444180C1881144C180704710B558
:100E6000029C018042808380C48010BD4288491E5C
:100E70001144C18070470288491E11448180704727
:100E80000022002801DA01224042002901DA494209
:100E9000921C884207D9C1EB011101EB4101B1FB62
:100EA000F0F3103205E0C0EB001000EB4000B0FBA7
:100EB000F1F30020D9B216290BD92C2900D8012032
:100EC000292900D8401C252900D8401C20290BD9ED
:100ED0000BE0022900D30120062900D3401C0A2977
:100EE00000D3401C0F2900D3401C1844D10601D563
:100EF000C0F15A0091074FEAC27105D509B1B4306B
:100F000005E0C0F1B40002E009B1C0F5B47080B2F0
:100F10007047C16000680BF017BB00684FF0FF32EC
:100F20000168C26001F13C02904202D182684A62CB
:100F300005E001F14C02904201D182680A63006829
:100F40000BF002BB10B50C4600206421C4E90A0175
:100F500020636062A0862087E086608784F85C005A
:100F600004F13C01204600F0A6F804F14C012046B3
:100F700000F0A1F80821204609F0E2F910212046EE
:100F800009F0DEF920460022BDE81040114600F0CD
:100F9000BEB810B50C46002104F13C00FFF78AF9F9
:100FA00004F14C00BDE810400021FFF783B90000B8
:100FB0002DE9F0410D46314809F0D5FD012854D105
:100FC000284605F076F80446284605F0B0F8804635
:100FD000132C0AD0012C4AD0082C48D0152C44D10F
:100FE0002846BDE8F041F6F7D9BE4FF4003109F0CC
:100FF00077F80446284605F098F80546B0F9000051
:10100000A04200DD04462C80002140460AF03EFD4F
:101010000746002140460AF094FD0646002140465E
:101020000AF0F8FD0446002140460AF0B8FCB74239
:1010300001DA394600E03146844201DA224600E016
:101040000246914205DAB74201DA384604E03046FA
:1010500002E0844200DA2046002806DAB5F90010E2
:101060004042814200DC01462980BDE8F08108F160
:1010700034014046BDE8F0410BF09ABAC4A9020819
:1010800090F85C0000F00300704790F85C1001F0ED
:101090000301022901D0806A7047816D491C01D08B
:1010A000406D7047006B7047816C491C01D0406CEB
:1010B0007047406A70470860002048608860401EA2
:1010C000C860704738B5134690F85C2002F0030200
:1010D000022A1BD1D0E90A428A4201DD0D4600E016
:1010E0001546AC4201DD214602E08A4200DC114691
:1010F000426A8A4200DA1146026B8A4206D00093A5
:1011000000F14C0300F1300200F022F838BDF8B5D0
:10111000456A13468D421AD0D0E90A428A4201DD5F
:101120000E4600E01646B44201DD214602E08A4246
:1011300000DC1146026B8A4200DD11468D4206D06A
:10114000009300F13C0300F1240200F001F8F8BD27
:1011500030B591B0054614981C4618B3E068401CA1
:1011600027D0A068C4E90101116000211846FFF7EB
:10117000A1F86846FFF7E2F80F484FF48071CDE917
:1011800000400020CDE9080107900C480390284654
:10119000002165220AF076FD0A906846FFF742F9C1
:1011A00011B030BD116011B02846BDE830400BF0E1
:1011B000CBB91068D6E70000130F01081B0F010818
:1011C000F0B5C0F5806404FB04F5AD0A05FB04F638
:1011D0004FEA962C00FB00F6B60A06FB00F74543E3
:1011E0005543BF0A0CFB01FC74434FEA9C2105EBFD
:1011F00045005C43DDF814E004EB440201EB1050C1
:1012000007FB0EF700EB125000EB9720F0BD10B576
:101210000C461021204609F093F82046BDE8104006
:101220004FF4806108F0C8BC10B50146034808F0CF
:10123000DFFF044609F04AF8204610BDE0A9020885
:1012400070B50446008E154688420FD9E06A30F822
:101250001120AA4320F811202046FEF70EFBA80516
:1012600004D52046BDE870400BF0A0BD70BD70B540
:101270000E460546002406E0324621462846FFF782
:10128000DFFF641CA4B2288EA042F5D870BD000018
:1012900008460021018641864FF6FF7282868162F0
:1012A000C162416280F83610014900F017BB0000AE
:1012B0009002002010B50146034808F099FF04464B
:1012C00009F004F8204610BDFCA9020810B50C4630
:1012D000886A07F0EFFFE06A07F0ECFF0020A062E9
:1012E000E06210BD2DE9FC478846F74809F03BFC59
:1012F000012827D1404604F0DCFE0646404604F0B3
:1013000016FF00270446132E1ED02A2E4BD0292E5E
:1013100049D04FF6FF75012E49D0022E7CD0082E01
:101320007BD0062E7AD0032E79D00E2E78D00F2EB9
:1013300077D0102EFCD00D2E74D0152E02D1404641
:10134000F7F79AFDBDE8FC87404604F0EEFE8146C3
:10135000608EA04620B30025D8F8246014E000BFBA
:10136000D8F82C0030F81500C0F3402050B1608E42
:1013700028B1204609F071FC618E90FBF1F0A9F8CC
:101380000000DFE76D1CADB256F8250040B1CFA1DB
:10139000EEF7DCFF20B156F8250000780028DFD1F9
:1013A000A9F80070CEE7616A00F098FACAE74046F3
:1013B00004F0BBFE06462046A18EFEF75EFA06F05C
:1013C000D1FA06F010FB012801D0032817D1694695
:1013D000304606F0DDFA69462046FCF7BFFBA8421E
:1013E0000DD0E16A31F81010C1F340123AB9C1F3DF
:1013F000C00121B9A08601462046FEF73EFAA08E24
:10140000A8429FD0E16A31F81000C0F30021002902
:1014100098D1C0F340219FE00DE054E094E0A3E0B8
:10142000A4E0E2E0E8E000BFC0F3C000002889D1FA
:10143000A08E019041E0404604F077FE074606F09A
:1014400091FA064606F0CFFA04289AD0022898D0DE
:101450006946304606F09CFA69462046FCF77EFB5A
:101460000646A18E2046B1428BD0A94201D0FEF79C
:1014700004FAA686384606F063FBAE4292D0E06AD4
:1014800030F81600C0F3401100298BD1C0F3C00022
:10149000002887D131462046FEF7EFF9E06A30F8A0
:1014A0001610C1F300210029B2D1A18E30F811002D
:1014B000C0F340200028ABD1019601AA1C21204690
:1014C00004F03AFE3EE7A18EA94238D0E26A32F833
:1014D0001100C0F38013ABB1C0F3401393B9C0F354
:1014E000C0131BB194F83630DB0713D040F08000F6
:1014F00022F8110094F83600C00703D02046A18ED0
:101500000FF0EFFBA08EE16A31F81000C0F300216C
:1015100031B902E020F08000EAE7C0F3402171B168
:10152000C0F3401159B9C0F3C00040B9A08E01907A
:1015300001AA1C21204604F0FFFD0128C2D120464B
:10154000A18EFEF79AF9FDE6A08EA842BAD0E16A14
:1015500031F81000C0F300110029B3D1C0F34011DD
:1015600000293FF461AFEDE6A18E41E0404604F072
:10157000DCFD074606F037FA06462FB9002006F0D4
:10158000F7F906F030FA0646204609F0CDFB05F0E3
:10159000F9F9A18EA94295D1022E02D0042E29D1AB
:1015A00040B394F836100020E26AC90701D110E078
:1015B000401C32F81010C1F3C003002BF8D1C1F366
:1015C0004013002BF4D1C1F3C0110029F0D00AE080
:1015D000401C32F81010C1F3C003002BF8D1C1F346
:1015E00040110029F4D1A086ACE6A18EA94201D019
:1015F000FEF743F9A586A5E6A18EFEF73EF9404623
:1016000004F093FD0078132813D0142831D0042659
:101610004FF0020912284AD0112890D1002120460B
:101620000AF0FCF9A28E8446AA4273D1A786E26A28
:101630009BE0A08EA84201D1A78601E0401CA086B5
:10164000A18E208E814200D3A786E26AA18E32F855
:101650001100C0F3C0033BB1491C88B2A086218EA3
:101660008842F3D3A786F1E7C0F340100028F3D1F6
:1016700065E7A08EA84201D1A78600E000B9208EC0
:10168000401EA086E26A06E011B1491EA18602E072
:10169000208E401EA086A18E32F81100C0F3C00338
:1016A000002BF1D1C0F340100028EDD147E7002115
:1016B00020460AF0B3F98046A08E0146A8421AD10E
:1016C000A786E26A0BE00000FCA902080A000000FD
:1016D000491C88B2A086218E884200D3A786A18E9D
:1016E00032F81100C0F3C003002BF1D1C0F3401059
:1016F0000028EDD123E7A26A06EBC103D35A32F8E2
:1017000030505B1B5B1C43F34E032B440FFA83FCEE
:10171000238E1EE035E000BF09EBC00709EBC105D1
:10172000D75F555FAF4212DD32F9305065450EDCB0
:1017300006EBC005555F4544654508DBE56A35F8AD
:101740001070C7F3401515B9C7F3C0051DB1401C93
:1017500080B28342E0D8834245D8F0E6491C88B283
:10176000A086218E884200D3A786A18E32F8110070
:10177000C0F3C003002BF1D1C0F340100028EDD11D
:10178000DDE6A16A06EBC200085A31F83230C01A11
:10179000401C40F34E00184405B2B4F934001DE07B
:1017A00009EBC00709EBC203CF5FCB5E9F4213DAA0
:1017B00031F93030A3EB0C03AB420DDC06EBC00378
:1017C000CB5EAB4208DBE36A33F81030C3F340175B
:1017D00017B9C3F3C00323B1401E00B20028DFDAFB
:1017E000ADE6002886DBA086A9E600002DE9F041E1
:1017F0000F46A1F57F41FF3918D00546008EB8424B
:1018000014D3002426460CE0641C686AA4B2761C3B
:10181000B6B250F8240009A1EEF798FD08B9641C8F
:10182000A4B2BE42F0D1288EB04202D10020BDE861
:10183000F081686A50F82400F9E700000A0000000F
:10184000808E7047038E8B4204D9C06A30F8110035
:10185000824301D0002070470120704770B50446D4
:10186000008E0E461546B0421AD994F83600C007CD
:1018700005D0280603D580212046FFF7F8FCE06A52
:1018800030F81610294320F8161031462046FDF78F
:10189000F4FFA80504D52046BDE870400BF086BAD9
:1018A00070BD70B50E460546002406E0324621465E
:1018B0002846FFF7D3FF641CA4B2288EA042F5D8B7
:1018C00070BD10B50446008E4200E06A07F05EFD70
:1018D0002046616ABDE81040AFF300802DE9F34F68
:1018E00097B00D007BD0179C2046F2F74BFE656247
:1018F000002141F26A4217980AF0C4F9C0B212906E
:10190000002117980AF0C9F80B90002117980AF0E7
:1019100088F90F90002117980AF04BF902900021E6
:1019200017980AF07BF80990179809F0B0F904901D
:10193000179809F092F9618E0027C1F1010202990E
:10194000A94601FB020000B21090384686E000BFB5
:101950004FF0000B5D460AE0E06A791930F811009B
:10196000FCF7C9F958446D1C1FFA80FBADB259F859
:10197000250040B142A1EEF7E9FC20B159F825005D
:1019800000780028E8D15DB31099608E01FB08F162
:10199000B1FBF0F20F995318029A08FB023109B219
:1019A0000891109908F101025143B1FBF0F10F9A2F
:1019B0000298491E08FB0020084400B214900999BF
:1019C0000498C5F1010201FB020000B20E9000284C
:1019D00001DA00200E904FF0000A564636E04BE048
:1019E000FFE709F1040036E0E06A30F81700FCF781
:1019F00082F90E9901FB0AF1B1FBFBF209998244CD
:101A000006FB01210E9A09B20AFB02F0B0FBFBF0C3
:101A1000099A401E06FB0200129A00B2012A06D162
:101A20000A460499081A01B20498801A00B20B9A67
:101A3000104403B2149800901144A06A09B200EB5C
:101A4000C700089AFFF70BFA761C7F1CAE42CBD377
:101A500009EB8500001D814608F101008046608E7B
:101A600040453FF675AF17980BF0A0F9179819B0DD
:101A7000BDE8F04F0AF068BD19B0BDE8F08F000076
:101A80000A00000080F8361000210FF02AB970B566
:101A90000446008E0D46A84203D8A5F57F40FF38C6
:101AA0000AD12046A18EFDF7E8FE2046A5862946EC
:101AB000BDE87040FDF7E1BE70BD00002DE9F041CA
:101AC0000F460C4640F2E4712185012084F82A007B
:101AD00084F82B00A18584F82E0084F82F000020C4
:101AE0002063A086A82104F58C7007F02DFD00214D
:101AF00008462D4B782506E028B14207B2F1604F29
:101B000008D0082808D253F8202000BF04EB800634
:101B1000B2630CE025A2F9E704EB810204EB800636
:101B200082F8185102F58C72491CC9B2B263401C8C
:101B3000C0B23828E0D31EA0C4F814013846FFF71D
:101B4000B9FB04F138016062FFF7C8FE54F8240FB6
:101B50004FF48871FFF7A5FE00231A22154920686B
:101B600007F0ECFF42F2640120680BF083FE0121D4
:101B700038460BF013FC012120680BF01FFC94F990
:101B80000A202189384600F019F894F9073094F9B1
:101B90000620A188384600F0AFF82068BDE8F04183
:101BA0004FF4804108F008B8540100200A000000FA
:101BB00000000000E1A000082C3070472DE9F05F24
:101BC000044688B2A08555B284F82E50012184F8CD
:101BD0002F1082462021606AFFF749FB0026202251
:101BE0003146606AFFF73AFE761CF6B2072EF6D34E
:101BF000564629463046FCF793FB83460122294688
:101C00003046FCF7E9F8064607464FF001080BEBB3
:101C100006090EE004EB8700434636A2042100F5D6
:101C20008C700CF073FE7F1C08F10100FFB200F015
:101C3000FF08B945EED8691E5046FCF771FB002538
:101C4000801B401CC7B211E004EB85003B4629A273
:101C5000042100F58C700CF059FE2022E91D606A09
:101C6000FFF7FCFD6D1C7F1CEDB2FFB2B542EBD35C
:101C700006EB0B00C5B2012712E000BF04EB8500A4
:101C80003B461CA2042100F58C700CF03FFE202284
:101C9000E91D606AFFF7E2FD6D1C7F1CEDB2FFB22B
:101CA0002A2DEBD32046FCF71EFF606AFFF7C8FD24
:101CB000A0F57F41FF3903D0F11D606AFFF7E7FE11
:101CC00020460AF041FC204608F075FF0646002534
:101CD0000CE02946204608F05CFF616A814203D08F
:101CE00022461C2104F028FA6D1CEDB2B542F0D357
:101CF000BDE8F09F25640000018580F82A2080F867
:101D00002B30FCF7F0BE10B50C46102104F1240076
:101D1000F1F72CFD102104F13000F1F727FD002030
:101D200024F86C0F2081608060816420A080A081F5
:101D3000E080E081032060820520A0820A20E0820A
:101D400047F6FF702082207F20F00700401C20F023
:101D5000080020774FF480702083608310BD00005E
:101D600070B50C4601F1240610E000BFF1F7E1FC6C
:101D70000546007B400702D4686807F09BFA2946B5
:101D80003046F1F740FD284607F094FAA06A002893
:101D90003046EBD1F1F7B7FC04F130050AE000BFA3
:101DA000F1F7C7FC064601462846F1F72CFD304600
:101DB00007F080FA606B00282846F1D1BDE870403A
:101DC000F1F7A1BCF8B50D467E4808F0CCFE01281D
:101DD00074D1284604F06DF90646284604F0A7F9A8
:101DE0000446012E2DD0082E69D0292E68D0132E3E
:101DF00067D02C2E7ED0152E7FD1284604F05FF9B7
:101E0000054601462046F5F763FC26460022294692
:101E10002046FAF733FC012229463046FAF72EFC19
:101E2000022229463046FAF791FA04222946304622
:101E3000FAF78CFA04F12400F1F7DCFC002871D0E9
:101E4000B9E005F08FFD694605F0A2FDBDF8001070
:101E5000A08A2546081AADF80000284609F030F897
:101E6000BDF800104618284608F011FFB5F8841098
:101E7000484340F30F270021284609F0F2FD301AAD
:101E800000B20026002822DBB84203DDB5F88260EC
:101E9000761E1CE095F8881001F00701012902D098
:101EA00002290FD013E0B5F88210491E414307EB19
:101EB000D77001EB600090FBF7F608E01DE01DE035
:101EC00024E027E0B5F88210414391FBF7F6B4F81F
:101ED0007C00B04211D0B1B22046FDF73CFD204657
:101EE000B4F87C10FDF737FD00222046A4F87C6092
:101EF0001C2100E031E004F01FF9F8BD34F87C1F2C
:101F0000FDF729FD47F6FF702080F8BDBDE8F840D9
:101F10000AF078BFB4F94020B4F94C00824202DDE7
:101F2000164601E02EE0064634F9581FB4F90C308D
:101F3000994201DD0C4600E01C46A64205DD8242C6
:101F400001DD114604E0014602E0994200DC194639
:101F50002846BDE8F84004F00FB9284604F0E5F83B
:101F60000546204608F093FEB4F88410484300125A
:101F70002880204608F071FEB4F88610484300120D
:101F80006880F8BD94F8880000F00700012804D0AC
:101F9000022807D003280AD00DE029462046F8F78A
:101FA00003FE08E029462046F8F7F0FC03E0294646
:101FB0002046F9F713F829462046BDE8F840F5F722
:101FC000C7B90000E06B02082DE9F04F89B09046D8
:101FD0000E4605001C460AD056B1B5F882104145A0
:101FE00007D800202080588009B0BDE8F08FFEE7B8
:101FF000FEE7284608F04BFEB5F88410484340F34E
:102000000F27284608F029FEB5F88610484340F30C
:102010000F2995F8880000F00700012804D0032854
:102020000AD0022819D05AE0B5F8820007FB08F759
:10203000401E97FBF0F051E000973168002331F922
:102040001800317BC1F3C00205EB4201B1F97820E1
:10205000B1F9741007F092F840E005F12400009007
:102060000490F1F76AFB82464FF4A021284609F05C
:10207000CEFCB5F8841048434FEA202B00212846B7
:1020800009F0C5FCB5F8841048430112B5F8820088
:10209000C0F1010202FB017191FBF0F107FB08F7AF
:1020A0000AB297FBF0F0B2FBFAF120800FFA81FA46
:1020B0000498F1F757FB08E0B14208D0228802EB00
:1020C0000A0020800098F1F74AFB0100F4D1AAEB46
:1020D0000B00218800EBD07001EB60002080002114
:1020E000284609F09BFB07460021284609F0B9FC69
:1020F0002188384408442080284608F0E1FE2188E1
:10210000081A2080716831F91800317BC1F3001280
:1021100005EB420232F96C1F401AB2F9042000FBB1
:1021200009F0511A90FBF1F0A9EB0000608000214A
:10213000284609F05AFD61883844084460802846E2
:1021400008F08AFF6188081A60804DE710B50AA080
:10215000486201200C4688620221204607F02CFDCF
:102160000821204607F028FD2046BDE810404FF426
:10217000806107F021BD0000436865636B20626FDA
:102180007800000010B591F828000C46C00704D173
:10219000606A07F08FF80020606210BD2DE9F04FF3
:1021A000BDB0054603F0C3FF0446284603F087FF91
:1021B0003B900021204609F0FEFD3290B0F90870F6
:1021C000002141F23202204609F05CFD0546002163
:1021D000204609F02DFD00EB050B0021204609F0FB
:1021E00063FC05440021204609F01FFC34904FF4A5
:1021F0000031204609F058FC81464FF4003120465A
:1022000009F0ADFC06464FF40031204609F010FD00
:1022100033904FF40031204609F0CFFB359040F663
:102220000A024FF40031204609F02CFD824640F6A8
:102230000B024FF40031204609F024FD804615A81A
:1022400002F062FC15AA4FF4003120460AF021F892
:10225000A08A4119CA1909EB06000244A2F101093A
:10226000E28A339802EB0B05359AEB1910441E18DD
:10227000A1EB0A00ADF8E40009EB0A00ADF8E800B4
:10228000A5EB0800ADF8E600761E06EB0800ADF8F9
:10229000EA0003A83B9908F0BBFA15A807902E485E
:1022A0004FF00008CDE9040839A806904FF400303B
:1022B000109003AA1A21204603F03EFF39AA15A95F
:1022C0003B9802F00DFC03AA1B21204603F034FFCB
:1022D0000021204609F09CFD82460021204609F09D
:1022E00082FD41F6FF72CDF800A0CDE9012803463A
:1022F000616A2FA8329A0EF0F7FA27A801F08EFE35
:1023000027AA0021204609F021FF701B401C00B2C3
:10231000C01B00EBD070411034984844ADF89400D5
:10232000BDF8BC201044ADF89800E28A0BEB010028
:102330001044ADF89600BDF8BE10CDF800800844FA
:10234000ADF89A0025AA27A9636A3B9801F0CAFB59
:102350003DB0BDE8F08F000018AA02082DE9FF5F2C
:102360000E463C4808F0FFFB012862D1304603F0DE
:10237000A0FE0546304603F0DAFE04464FF400386E
:102380002C2D09D0132D56D0152D52D104B0304626
:10239000BDE8F05FFFF702BF304603F0C6FE05461A
:1023A0000021204609F007FD064607890021204646
:1023B00009F02EFD81460021204609F014FD002180
:1023C00041F6FF72CDF80090CDE901210346324677
:1023D00003A8616A0EF088FA0021204609F025FB67
:1023E000834646464146204609F05EFB814631461B
:1023F000204609F0B4FB80463146204609F018FC1F
:1024000082463146204609F0D8FA024607EB0A0018
:10241000104407EB0901BDF80C2041440A4402EBCB
:102420000B012980BDF90E1000B2884200DC08467D
:102430006880BDE8FF9F304603F077FE05464146C1
:10244000204607F04DFEB5F90010814200DD084638
:102450002880EEE718AA0208F0B504464FF4FA66A1
:10246000C1F341307710642501280BD121F4C0401D
:10247000B04207DCB84201DDC0F57A70584390FBEA
:10248000F5F001B2C2F3413001280BD122F4C04073
:10249000B04207DCB84201DDC0F57A70584390FBCA
:1024A000F5F002B2944201DA204600E0104688427C
:1024B00001DA0846F0BD944201DA2046F0BD10462C
:1024C000F0BDF0B504464FF4FA66C1F34130771021
:1024D000642501280BD121F4C040B04207DCB8428A
:1024E00001DDC0F57A70584390FBF5F001B2C2F3FC
:1024F000413001280BD122F4C040B04207DCB84281
:1025000001DDC0F57A70584390FBF5F002B29442B9
:1025100001DA204600E01046884201DA0846F0BDA4
:10252000944201DA2046F0BD1046F0BD002208B505
:102530001146104600F017F90090BDF8000008BDE4
:10254000002208B51146104600F026F90090BDF8AB
:10255000000008BD08B50020BDF8001060F30201BE
:1025600089B260F3C70189B260F30C2189B260F3CC
:102570004F31ADF8001088B20090BDF8000008BDE2
:10258000002208B51146104600F051F90090BDF840
:10259000000008BD80B2C0F3C402C2EBC20303EB6B
:1025A0000222D21D520962F317414207920E02EB3A
:1025B000503202EB420303EB0222D21C920962F377
:1025C0000F21C0F30420C0EBC00202EB0020C01DAD
:1025D000400960F30701FF2060F31F61C1F307406A
:1025E000C1F3072200EB400000EB8200C9B20844AF
:1025F000C0F3C700704738B50C460546FFF7C0FF6B
:102600002246294600F0FBFA0090BDF8000038BDD4
:1026100007B58107BDF8043002D020F8023B521EF6
:10262000BDF8041001EB01410EE002C0103A02C0F7
:1026300040F8081B40F8041C40F8101B40F80C1C24
:1026400040F8081C40F8041C102AEED803E000BF34
:1026500020F8023B521E002AFAD10EBDF82101EAF1
:102660001041C0F34232114300F4E05208B541EA90
:10267000C20100F0F80041EA4010ADF8000080B25D
:1026800008BDF8B5C0EB00204FF4B473B0FBF3F015
:1026900083B2C1EB01206421B0FBF1F0C2EB022256
:1026A000B2FBF1F110F0FF00CAB226D02B21B3FB30
:1026B000F1F1C9B2552411FB04F4234403EB4303A5
:1026C0005B061D0EC0F1FF0313FB02F31B0A10FB98
:1026D00005F4FF26A6EB14245443240AC5F1FF0594
:1026E00015FB00F0A6EB10205043050A052918D26F
:1026F000DFE801F006090D1114001146084613E049
:102700001046294601E0204611461A460CE01146C3
:1027100018462A4608E01846214605E0284619468C
:1027200002E010461946224600F081F80090BDF8FC
:102730000000F8BD18B54C09BDF80030D20864F3AC
:102740000203ADF80030C308BDF80000890863F348
:10275000C70080B262F30C2080B261F34F30ADF855
:10276000000080B218BD18B54C09BDF80030D20881
:1027700064F30203ADF80030C308BDF80000890817
:1027800063F3C70080B262F30C2080B261F34F3074
:10279000ADF8000080B218BD18B54C09BDF8003086
:1027A000D20864F30203ADF80030C308BDF800009E
:1027B000890863F3C70080B262F30C2080B261F332
:1027C0004F30ADF8000080B218BD18B54C09BDF807
:1027D0000030D20864F30203ADF80030C308BDF83E
:1027E0000000890863F3C70080B262F30C2080B256
:1027F00061F34F30ADF8000080B218BD18B54C0938
:10280000BDF80030D20864F30203ADF80030C3080D
:10281000BDF80000890863F3C70080B262F30C20A2
:1028200080B261F34F30ADF8000080B218BD18B52A
:102830004C09BDF80030D20864F30203ADF8003053
:10284000C308BDF80000890863F3C70080B262F3D3
:102850000C2080B261F34F30ADF8000080B218BD9B
:1028600018B54C09BDF80030D20864F30203ADF886
:102870000030C308BDF80000890863F3C70080B2C8
:1028800062F30C2080B261F34F30ADF8000080B2EB
:1028900018BD78B58BB2C3F3C401C2F1FF0411FBBC
:1028A00004F581B2C1F3C40010FB0250803000EB8C
:1028B000C01505EBC030C0F3C455BDF8000065F38A
:1028C000C7004D07AD0E05EB513515FB02F55E0750
:1028D000B60E06EB533616FB0455803505EBC516D0
:1028E00006EBC536B60E66F3020005EBC51606EB21
:1028F000C535C5F3C25565F34F30C3F3042313FB4D
:1029000004F3C1F3042111FB0231803101EBC11248
:1029100002EBC131C1F3C45161F30C20ADF80000EA
:1029200080B278BD78B58BB2C3F3C401C2F1FF04A5
:1029300011FB04F581B2C1F3C40010FB02508030DA
:1029400000EBC01505EBC030C0F3C455BDF8000066
:1029500065F3C7004D07AD0E05EB513515FB02F5CC
:102960005E07B60E06EB533616FB0455803505EBB5
:10297000C51606EBC536B60E66F3020005EBC516A6
:1029800006EBC535C5F3C25565F34F30C3F30423D9
:1029900013FB04F3C1F3042111FB0231803101EB7D
:1029A000C11202EBC131C1F3C45161F30C20ADF887
:1029B000000080B278BD78B58BB2C3F3C401C2F118
:1029C000FF0411FB04F581B2C1F3C40010FB0250F7
:1029D000803000EBC01505EBC030C0F3C455BDF826
:1029E000000065F3C7004D07AD0E05EB513515FB33
:1029F00002F55E07B60E06EB533616FB045580351E
:102A000005EBC51606EBC536B60E66F3020005EB00
:102A1000C51606EBC535C5F3C25565F34F30C3F394
:102A2000042313FB04F3C1F3042111FB02318031B1
:102A300001EBC11202EBC131C1F3C45161F30C20AF
:102A4000ADF8000080B278BD78B58BB2C3F3C40195
:102A5000C2F1FF0411FB04F581B2C1F3C40010FB05
:102A60000250803000EBC01505EBC030C0F3C455F8
:102A7000BDF8000065F3C7004D07AD0E05EB5135FD
:102A800015FB02F55E07B60E06EB533616FB045532
:102A9000803505EBC51606EBC536B60E66F30200AB
:102AA00005EBC51606EBC535C5F3C25565F34F30CA
:102AB000C3F3042313FB04F3C1F3042111FB02311C
:102AC000803101EBC11202EBC131C1F3C45161F39A
:102AD0000C20ADF8000080B278BD78B58BB2C3F39E
:102AE000C401C2F1FF0411FB04F581B2C1F3C400BB
:102AF00010FB0250803000EBC01505EBC030C0F376
:102B0000C455BDF8000065F3C7004D07AD0E05EBD9
:102B1000513515FB02F55E07B60E06EB533616FB74
:102B20000455803505EBC51606EBC536B60E66F3C3
:102B3000020005EBC51606EBC535C5F3C25565F3B6
:102B40004F30C3F3042313FB04F3C1F3042111FB3F
:102B50000231803101EBC11202EBC131C1F3C4512A
:102B600061F30C20ADF8000080B278BD78B58BB26F
:102B7000C3F3C401C2F1FF0411FB04F581B2C1F338
:102B8000C40010FB0250803000EBC01505EBC030D4
:102B9000C0F3C455BDF8000065F3C7004D07AD0E86
:102BA00005EB513515FB02F55E07B60E06EB533605
:102BB00016FB0455803505EBC51606EBC536B60E7B
:102BC00066F3020005EBC51606EBC535C5F3C25525
:102BD00065F34F30C3F3042313FB04F3C1F3042163
:102BE00011FB0231803101EBC11202EBC131C1F3A3
:102BF000C45161F30C20ADF8000080B278BD78B507
:102C00008BB2C3F3C401C2F1FF0411FB04F581B21E
:102C1000C1F3C40010FB0250803000EBC01505EB7F
:102C2000C030C0F3C455BDF8000065F3C7004D07C0
:102C3000AD0E05EB513515FB02F55E07B60E06EB42
:102C4000533616FB0455803505EBC51606EBC53625
:102C5000B60E66F3020005EBC51606EBC535C5F3E7
:102C6000C25565F34F30C3F3042313FB04F3C1F3E0
:102C7000042111FB0231803101EBC11202EBC131A1
:102C8000C1F3C45161F30C20ADF8000080B278BDEF
:102C900038B504888BB2C3F3C40111FB0241803103
:102CA00001EBC11404EBC131C1F3C454BDF80010F1
:102CB000458864F3C7015C07A40E04EB533414FB8E
:102CC0000254803404EBC41505EBC435AD0E65F336
:102CD000020104EBC41505EBC434C4F3C25480886C
:102CE00064F34F31C3F3042313FB0200803000EB85
:102CF000C01202EBC030C0F3C45060F30C21ADF839
:102D0000001088B238BD38B504888BB2C3F3C40153
:102D100011FB0241803101EBC11404EBC131C1F35D
:102D2000C454BDF80010458864F3C7015C07A40EC5
:102D300004EB533414FB0254803404EBC41505EB4C
:102D4000C435AD0E65F3020104EBC41505EBC434C4
:102D5000C4F3C254808864F34F31C3F3042313FBDC
:102D60000200803000EBC01202EBC030C0F3C45050
:102D700060F30C21ADF8001088B238BD80B2C0F30A
:102D8000C402C2EBC20303EB0222D21D520962F35A
:102D900017414207920E02EB503202EB420303EB63
:102DA0000222D21C920962F30F21C0F30420C0EB6F
:102DB000C00202EB0020C01D400960F30701084675
:102DC000FF2161F31F607047FF2208B511461046CE
:102DD000FFF7E2FC0090BDF8000008BD08B5072031
:102DE000BDF8001060F30201ADF80010BDF800203E
:102DF0001F2161F3C70292B261F30C2291B260F31A
:102E00004F31ADF8001088B20090BDF8000008BD49
:102E100010B500200C468884642184F8261084F8BC
:102E2000271094F83C1021F0070184F83C1020632F
:102E3000606309484FF48031C07884F82C00204644
:102E400006F0BAFE4FF44071204607F079FA2046AA
:102E5000BDE810400FF092BAA80100202DE9F04320
:102E600091B08946FE4807F07EFE012827D14846EA
:102E700003F01FF90646484603F059F904464FF49B
:102E80004037132E1ED0292E50D02A2E67D04FF453
:102E9000B4750D2E68D0012E7DD0022E7CD047F661
:102EA000FF75112E79D0152E78D0122E07D14846F5
:102EB00003F03BF90178022901D00121017011B022
:102EC000BDE8F083B846394608F0D2FD07464146D2
:102ED000204608F028FE06464146204608F08CFEB3
:102EE00005464146204608F04CFDB74201DD394613
:102EF00000E03146854201DD2A4600E0024691426B
:102F000005DDB74201DD384604E0304602E0854287
:102F100000DD2846801C04B2484603F006F9B0F9EB
:102F20000010A14200DD0C460480C8E7484603F0CB
:102F3000FCF80546204608F0F0FFA9882A88891A7F
:102F4000491C09B2884209D1204607F0F2FEE988FF
:102F50006A88891A491C09B28842B0D0204611B04B
:102F6000BDE8F0430FF00ABA484603F0DEF8006807
:102F7000132814D0112812D0142801D012289ED161
:102F800094F83C00616A10F003003AD001283ED06A
:102F9000022829D144E04CE05AE029E134E194F8D8
:102FA0003C00616A10F0030205D06420012A0BD0B6
:102FB000022A19D110E0A08C401CB0FBF5F205FBF1
:102FC000120060F30F010FE094F82620521CB2FBB0
:102FD000F0F300FB132020E094F82720521CB2FBF2
:102FE000F0F300FB132021E0204600F047F9002811
:102FF0009BD011B02046BDE8F04300221C2103F015
:103000009BB8A08C00B1451E65F30F01ECE794F866
:10301000260008B1401E00E0642060F31741E3E79A
:1030200094F8270008B1401E00E0642060F31F619F
:10303000DAE70DF023F9606304F094FC04F1380141
:1030400004F0A6FC11B02046BDE8F043F2F78DBFB6
:1030500004F088FC0600CBD004F0C5FC042876D030
:10306000022874D06946304604F092FC3068BDF9FD
:103070000030B4F93820007E991A002900DCD11AFA
:10308000814209DCBDF90220B4F93A30D11A002995
:1030900000DC991A814208DD0DF0F0F86063BDF89C
:1030A00000102187BDF802106187BDF80010A08ACA
:1030B000081AADF80000BDF80210E08A081AADF851
:1030C0000200204608F029FF87B20021204608F0C0
:1030D00040FB0146BDF800207808121A13B2ADF883
:1030E0000030BDF802200127121A401A12B200B2B5
:1030F000ADF80220412807DD01EBD171A0EB6100A2
:1031000000B2412800DA412013FB03F112FB021147
:1031100010FB00F0814200DA0027606B0DF0A8F888
:1031200057B3BDF90210BDF90000FDF7A9FEB0FBD1
:10313000F5F105FB110094F83C20616A12F00302DE
:103140003BD0012A3CD0022A47D140E0FFE720468D
:1031500008F0E3FEA18A00EBD07001EB6000ADF84F
:103160000000204607F0E5FDE18A00EBD07001EB9E
:103170006000ADF8020079E73168898B8142BFF4C5
:10318000D4AE94F83C0041073FF5CFAE00F0030108
:103190000322491CB1FBF2F302FB131161F301009E
:1031A00084F83C0020460FF0E9F8204609F0CCF9FD
:1031B00004F0D8FB04F020FD81E660F30F010CE081
:1031C0006422504390FBF5F060F3174105E0642260
:1031D000504390FBF5F060F31F61204600F04EF87D
:1031E0000028E9D000221C21204602F0A5FF66E657
:1031F000484602F09AFF064601682A4604F1140088
:10320000EFF72EFB30715AE64846F4F7A5F94E4623
:10321000484602F08CFF0446304602F050FF064656
:10322000684601F071FC6A463946204609F031F8DB
:10323000ADF8005094F82C00C00707D0204600F0ED
:1032400011F81090BDF84000ADF8040021460EA81A
:10325000FAF70CFF0EAA6946304601F041FC2EE653
:10326000FC6B020808B590F8272090F82610808C97
:10327000FFF707FA0090BDF8000008BD10B504463E
:1032800088B24FF4B472904205D9B0FBF2F302FB5E
:10329000130060F30F01C1F307426420642A01D9CF
:1032A00060F317410A0E642A01D960F31F61A08CF4
:1032B0008AB290420CD194F82600C1F307429042A2
:1032C00006D194F827000A0E904201D1002010BDCB
:1032D000204661620FF052F8204609F035F90120CE
:1032E00010BD70B50C00054611D000F0F5F810FBCC
:1032F00004F05030B0F5A07F0BDB284600F0ECF86E
:1033000010FB04F0A021503090FBF1F002E000200F
:1033100000E0012000B270BD2DE9F0410D461E46CF
:10332000174604461C2106F00FF9C4E90057C4E90A
:103330000256BDE8F081000038B504464C2106F085
:1033400003F94FF4A0702080F02060804FF0FF3030
:10335000A080E0800020208160812069822120F00F
:10336000400040F0080061F3D01020614EF20700E9
:10337000ADF800000090BDF80000A0860248E063B0
:1033800020643820606438BD15550108F8B505463D
:103390004648F0F7F3F9040002D0A86B08B10AE040
:1033A000FEE7686C05F0FCFE060066D00146EA6B9D
:1033B00028469047AE634FF4AC71204606F0C4F83F
:1033C0003B4E25602246F7681E213A48F4600CF017
:1033D000B9FF6060002851D0286981070AD5298883
:1033E0006A8811FB02F1EA68D268914202D920F0A2
:1033F00002002861FF2211461046FFF7FFF90090F6
:10340000BDF800000090BDF800006085FF2084F842
:1034100029000CF00DFF78B30CF0AEFEA060002088
:1034200007F020F82061002007F01CF8E061002080
:1034300007F018F8204D20622A460021E06909F0C3
:1034400077FD2A460021206A09F072FD0221E06919
:1034500006F076FF0221206A06F072FF0021E06983
:103460000AF08BF80021206A0AF087F8206909F039
:103470006BF8F7609FB113E001E0FEE7FEE7002084
:103480000AF08EFA054605200AF08AFA01460B4832
:10349000009000232A4620460CF078FEBEE7F46038
:1034A00060680DF020F82046F8BD0000ACB70020A1
:1034B0001C020020CD290008FFFF0F0058A70208BA
:1034C000C26800211161C068416170470148C0684D
:1034D000704700001C02002010B90548C06820B1E8
:1034E00000680069C0F3C91070478220704700006F
:1034F0001C0200200068C0687047000018B9094825
:10350000C068002809D00068017CC1F301110129BD
:1035100004D0032902D0B0F900007047B0F90200CE
:10352000704700001C02002010B518B9FFF7CEFF4D
:10353000002800D0006A10BD10B518B9FFF7C6FF0B
:10354000002800D0C06910BD18B101460248F0F74C
:1035500002B90148F0F7EDB8ACB7002010B518B9C2
:10356000FFF7B4FF002800D0006910BD10B518B9EE
:10357000FFF7ACFF002800D0406910BD10B508B9B6
:10358000FFF7A4FF806810BD18B90948C06800287B
:1035900009D00068017CC1F30111012904D003297D
:1035A00002D0B0F902007047B0F900007047000087
:1035B0001C02002070B5054607F08AFB040020D0ED
:1035C00026695EB100222521304602F0B5FD206952
:1035D00020B100222621284602F0AEFD25615DB112
:1035E00000222721284602F0A7FD206920B10022F1
:1035F0002821304602F0A0FD2846BDE8704008F0C2
:10360000A3BF70BD70B50D46040002D1FFF75EFF89
:103610000446A560606A032817D1E068006807F0D7
:10362000CAFA002811D1E068406807F0C4FA0028FF
:103630000BD1E068806807F0BEFA002805D1E06889
:103640000068BDE870400CF083BD70BD7CB50E7B9A
:10365000DDE90654022E08D94E88002E05D0A54279
:1036600003D0CDE900540469A0477CBD38B50446B9
:10367000102105F069FF01206080FF202073BDF854
:103680000010002060F3020189B260F3C70189B223
:1036900060F30C2189B260F34F31ADF8001088B2AD
:1036A0000090BDF800000090BDF80000208038BDFB
:1036B0002DE9F04F85B0824610B294468B460FFA42
:1036C00082F9AAEB000EDDF838800FFA8EF2049230
:1036D000ABEB000217B203920AEB000203F5B471E0
:1036E000119C58441E46029212B203B201908845C2
:1036F0007DD04FF4B4718E4202D9A6F5B476B6B23D
:10370000884503D9A8F5B4701FFA80F80F99ACEB7F
:10371000010000B20090109818B101EBD170401078
:10372000401C05B25A21B6FBF1F0B8FBF1F1C0B272
:10373000C9B2042800D10320042900D10321884202
:103740007ED146457CD868B3012854D0022878D071
:1037500003287ED106F15A0000B20DF001F800995D
:1037600010FB01F10AEBE130401B208030B20CF07D
:10377000F7FF10FB09F10BEBE130401B608008F113
:103780005A0000B20CF0ECFF10FB09F10AEBE1303B
:103790002844A0800FFA88F00CF0E2FF009910FB9B
:1037A00001F15AE130B20CF0DBFF009910FB01F19E
:1037B0000BEBE130401B60805A3630B20CF0D0FF8A
:1037C00010FB09F10AEBE1302844A0800FFA88F0E1
:1037D0000CF0C6FF10FB09F10BEBE1302844E08050
:1037E00008F15A0000B20CF0BBFF009900E0E6E0DF
:1037F00010FB01F129E030B20CF0B2FF10FB09F12F
:103800000BEBE1302844E0805A3630B20CF0A8FFD0
:10381000009910FB01F10AEBE1302844A0800FFA77
:1038200088F00CF09DFF009910FB01F10BEBE130EB
:10383000401B608008F15A0000B20CF091FF02E0DA
:1038400036E009E005E010FB09F10AEBE130401B2E
:10385000208005B0BDE8F08F06F15A0000B20CF0F0
:103860007FFF10FB09F10AEBE130401B208030B2F2
:103870000CF076FF009910FB01F10BEBE1302844CE
:10388000E0800FFA88F00CF06BFF10FB09F10BEBF6
:10389000E130401B608008F15A0000B20CF060FF7C
:1038A000009910FB01F10AEBE1302844A080D0E739
:1038B00030B1012837D0022861D003287ED099E0AA
:1038C00001297CD108F15A0000B20CF049FF10FB2D
:1038D00009F10AEBE130401B20800FFA88F00290DA
:1038E0000CF03EFF074630B280460CF039FF8742AD
:1038F00001DA029800E040460CF032FF009910FB1C
:1039000001F10BEBE130401B60805A3630B20CF015
:1039100027FF10FB09F10AEBE1302844A080019851
:103920002844E08095E7022964D1AEEB05002080B1
:103930000FFA88F00CF014FF10FB09F10BEBE130EB
:10394000401B608006F15A0000B201900CF008FFA5
:10395000074608F15A0000B280460CF001FF87428A
:1039600001DD019800E040460CF0FAFE009910FBE2
:1039700001F10AEBE1302844A08030B269E003296C
:1039800038D106F15A0000B20CF0EAFE10FB09F142
:103990000AEBE130401B20800398401B608008F157
:1039A0005A0000B20CF0DCFE10FB09F10AEBE1302A
:1039B0002844A0800FFA88F0804601E019E019E061
:1039C0000CF0CEFE009910FB01F730B206460CF069
:1039D000C7FE009910FB01F0874201DD404600E080
:1039E00030460CF0BDFE009910FB01F00BEBE0300F
:1039F00096E729B1049820806780A280E38028E7B9
:103A000008F15A0000B203900CF0AAFE074606F136
:103A10005A0000B201900CF0A3FE874201DA03982D
:103A200000E001980CF09CFE009910FB01F10AEBFC
:103A3000E130401B208030B20CF092FE10FB09F107
:103A40000BEBE130401B608002982844A0800FFA05
:103A500088F00CF085FE10FB09F10BEBE1305FE71D
:103A600070B5164604463BB1C87A022812D9A5693A
:103A7000204625B1A84704E007A2314606E0F2F748
:103A800040F9002806D104A231462046BDE8704026
:103A90000FF04FBA70BD00004E6F0A646174610090
:103AA00038B54469049D002C01D00095A04738BD6D
:103AB00038B50446182105F047FD0022114610468E
:103AC000FEF738FE0090BDF800000090BDF8000041
:103AD0002081FF20E072401C60800120207538BDED
:103AE000704700002DE9FF4FB5B0887E429F1E460B
:103AF00092460C4602287DD9206800287AD0359855
:103B0000C069002876D0202213A8ECF7F4FB2068C7
:103B10000390002E6ED0307800286BD03598514637
:103B200082682EA8EEF7B4FD002863D0207FB0F1A4
:103B3000000B01D14FF0010B607F800707D4BAF86A
:103B40000410BAF80000081A401C03B20FE0B4F9E0
:103B50001200627F41F6FF718DE80700B4F914305E
:103B6000314607A822680CF0BFFEBDF91C3003984F
:103B7000B4F912100025B0F908906A1E01EB090093
:103B80000B90BAF80000ADF81000BAF80210ADF8CA
:103B90001210B4F916000690B4F918000144ADF8FB
:103BA0001210FFB1F0B9BAF9021000291ADAD7F8E9
:103BB00008C0ACEB0100002801DCA1EB0C000B9964
:103BC0004FF4806C49420CEB4101884200DD3A60C1
:103BD0003868002806DB0546BDF81210B88808448E
:103BE000ADF81200617F0020CDE90001B4F9142086
:103BF000701900E0ACE030930399F0F759F800EB4E
:103C0000050829E0617F0020CDE90001B4F9142006
:103C100006EB0800309B0399F0F74AF8454600EBA5
:103C20000508BDF812100B98084400B2ADF8120058
:103C30007FB110F5806F0CDB3868002809DA3D6031
:103C4000BDF91210BAF90200081A7860BAF9020038
:103C5000B860705D00287BD0BDF9121001EB09003F
:103C600035998968B1F902108842CBDB5846CDF806
:103C7000C4B0BBF1020F02D0032816D029E0607F48
:103C80000090B4F91430A8EB05017019039A0CF0F8
:103C900089FE07465046FDF7B0F8C01BBDF810106E
:103CA00000EBD07001EB600011E0607F0090B4F990
:103CB0001430A8EB05017019039A0CF073FE074647
:103CC0005046FDF79AF8C11BBDF810000844ADF846
:103CD0001000D4E9019BD94502D94846D94683460C
:103CE000A07F800717D00FA800F0D0F9A089ADF809
:103CF0003C00039890F90E0000B90120ADF83E0099
:103D0000A07E8DF84400A07FC1089DF8450061F3B6
:103D100001008DF8450000200E90FEF707FC329060
:103D20001BA800F0F1FE208AADF87000BDF910006C
:103D300033906AE1BDF81010069800270844ADF8EA
:103D40001000701908971290A8EB05002A90BCE0AB
:103D50005FE10020A9F57F410790FF390AD0ABF55C
:103D60007F40FF3806D0AC4A0898291812683046C0
:103D70009047079008AB6A4601A91298EFF780FFB9
:103D8000607FC0070AD00198232802D0012F13D0EA
:103D900004E047B1012F0AD0022F0BD0E068329027
:103DA000022F4ED04FE008980E90012047E00027E8
:103DB000E06847E0002042E0202841D108990E98B1
:103DC000081A072801D0A08937E00E9A12982BA96B
:103DD0001044062210F8013B01F8013B521EF9D1B4
:103DE00000208DF8B2009DF8AD00FAF75CFE0746A2
:103DF0009DF8AC00FAF757FE07EB001007909DF80E
:103E0000AF00FAF750FE07469DF8AE00FAF74BFEFA
:103E100007EB001009909DF8B100FAF744FE074641
:103E20009DF8B000FAF73FFE07EB0010C2B2099808
:103E3000C1B20798C0B2FEF796FC2D90022007464B
:103E400043E02D983290DDE90021039802F04FFA0B
:103E50002C904FF6FF70814522D0834520D00799E2
:103E600049451DD359451BD2BDF81000ADF82400BB
:103E7000BDF81210ADF82610A28A02442C98401EFC
:103E80001044ADF828000B9809AA401E0844ADF86C
:103E90002A001BA9359800F023FEE089ADF8C80080
:103EA000BDF8C800ADF8580004AA13A9019B3598C5
:103EB00000F0DAF82C98002807DDBDF81000A18A80
:103EC00008442C990844ADF8100008992A988842B3
:103ED0003FF63FAFA07F800723D53398ADF80000B1
:103EE0002068BDF93E1002ABB0F9080001EBD171BA
:103EF00000EBD070401000EB6100BDF812106A4674
:103F00000844BDF81010ADF80810ADF80200ADF887
:103F10000A00BDF8C800ADF83C000FA9359800F0C4
:103F2000A8F8A07FC0071FD03398ADF80000206824
:103F3000BDF8121002AB028940891144091A039896
:103F40006A4690F90D00081ABDF81010ADF8081077
:103F5000ADF80200ADF80A00BDF8C800ADF83C00AD
:103F60000FA9359800F085F8617F0020CDE90001A8
:103F700006EB0800B4F914200746309B0399EFF7CD
:103F800097FE454600EB0508BAF80000ADF81000B2
:103F90003198022802D0032816D029E0607F0090D3
:103FA000B4F91430A8EB05013846039A0CF0FAFC7A
:103FB00007465046FCF721FFC01BBDF8101000EB70
:103FC000D07001EB600011E0607F0090B4F9143014
:103FD000A8EB05013846039A0CF0E4FC074650466E
:103FE000FCF70BFFBDF81010C01B0844ADF8100023
:103FF000BDF812000B990844359900B2ADF81200D3
:104000008968B1F90610884203DC705D00287FF4EE
:1040100091AE39B0BDE8F08F8802002038B5044673
:10402000202105F091FAFF20A076FEF77FFA00909C
:10403000BDF80000A0810B4820604FF6FF70606063
:10404000A060FEF773FA0090BDF80000E081052043
:1040500009F0A6FC0090BDF8000020820020E07668
:1040600038BD000058A7020830B4C469A44630BC6B
:10407000604730B44C88002C06D00C7A022C03D94F
:10408000046AA44630BC604730BC704738B504466B
:104090000A2105F059FA01206080FF202072BDF846
:1040A0000010002060F3020189B260F3C70189B2F9
:1040B00060F30C2189B260F34F31ADF8001088B283
:1040C0000090BDF800000090BDF80000208038BDD1
:1040D00010B503460A4A002052F8304024B1401C73
:1040E000C0B21028F8D301E0102802D34FF0FF30FF
:1040F00010BD42F8303002EBC002516010BD00002C
:104100001CB900202DE9FF4F81B08B460E9D16464D
:104110001C46B5F90A10B5F90C00571AB5F9082074
:1041200005F11009ABEB020305F13C0AB4285DDA96
:10413000B5F90E20B42A7DDA00287BD0002A79D088
:10414000904277DDB1425ADC696D79434FEAA12C88
:10415000A96A7F1C79438912A0F20F15582D01D846
:10416000002909DB451E592D01D8002904DB5B38E5
:10417000B32802D2002900DD0021A2F20F10582836
:1041800001D8002909DB501E592801D8002904DB79
:104190005B3AB32A02D2002900DD0021ACEB01001A
:1041A00001EB60000125C71AA74200DD2746002F5A
:1041B0000DDD3BB232465946CDF80090019800F033
:1041C00091F9050003D13946019805F0BDF9A742E0
:1041D00000DD2746002F00DA0027CDF800A05DE0C3
:1041E000B54276D1284605B0BDE8F08F68DDB5F957
:1041F0000E20B42A64DD904262DDB14201DA012072
:10420000F1E7696D79434FEAA12CA96A7F1C7943D4
:104210008912A0F20F15582D01D8002909DB451E7F
:10422000592D01D8002904DB5B38B32804D20029BA
:1042300002DD00E044E00021A2F20F10582801D86E
:10424000002909DB501E592801D8002904DB5B3AFC
:10425000B32A02D2002900DD0021ACEB010001EB02
:1042600060000125C71AA74200DD2746002F0DDD9B
:104270003BB232465946CDF800A0019800F032F921
:10428000050003D13946019805F05EF9A74200DD2B
:104290002746002F00DA0027CDF800900BEB07002F
:1042A00001B20198E41B384423B20746324600F0BD
:1042B00019F9060094D12146384605F045F98FE7F3
:1042C0000127B846B42805D038B109DAB14209DC73
:1042D0000AE047E0B14210DC04E0B14202DC0CE04D
:1042E000B14201DC032708E0234632465946CDF8A7
:1042F0000090019800F0F6F80746B5F90E00B428D2
:1043000006D060B1B5F90A000FDAB04204DC0EE065
:10431000B5F90A00B04206DD4FF0030803E0B5F935
:104320000A00B042F8DDBFB10EE0B042F4DD234632
:1043300032465946CDF800A0019800F0D3F88046E7
:1043400057B1B8F1000F07D0032F02D0012F05D0CD
:1043500008E0B8F1030F05D1002044E74046B8F16A
:10436000010FFAD002203EE72DE9F84305468846C2
:1043700040F26710411C089C1746002B01DA00230D
:1043800002E08B4200DB0346002C01DA002402E04D
:104390008C4200DB04469C4203DAC3F5B47020442F
:1043A00003E0E01A002800DC181BA5F86800AB81C8
:1043B000EC81A5F808806F811548286001202871DC
:1043C0008B4200D9FEE7B42B01D2002000E001208F
:1043D000002C01DB8B4200DDFEE7B42C05D3A4F1F9
:1043E000B401B42901D2002600E0012600903A462B
:1043F000414605F1100000F0CBF823463A4641460D
:1044000005F13C00009600F0C3F8BDE8F883000019
:10441000054101082DE9F8431E46174688468146A6
:1044200000250C4C0DE00090D0F800C033463A4611
:1044300041464846E047002808D0022800D101251F
:10444000083420680028EED115B10220BDE8F883B9
:104450000120FBE71CB9002010B50179022906D024
:10446000052913D18068BDE8104004F023BF04463D
:10447000406900280AD00169002904DA406804F084
:1044800019FF6069EFE74169491E416110BD0000F5
:1044900070B5134D060008D05FF0000455F83410D5
:1044A000B9B10879022805D002E02868002800D0B8
:1044B000012070BD887CB1F91020C007304601F1A1
:1044C000080102D0EEF77CF901E0EEF709F90028C7
:1044D000EED0641CE4B2102CE0D3002070BD0000CC
:1044E0001CB90020F8B5069CA58A266A521B658A6D
:1044F00012B2491B94F8285009B24FEAC57526B18B
:10450000009485B3FBF704FDF8BD85B1207C8107DD
:1045100027D000F00301012923D0022901D1511C29
:104520001FD4C043800728D1002A1ADC25E0227C52
:1045300002F00304022C14D0D543AD0711D0012C96
:1045400001D100290DDC920701EB030207D0002AFC
:1045500013DB49420FD50021002B0EDD0FE0002AAE
:1045600002DA0120F8BD10E04A4206D49A420ADA83
:10457000991A104405E0994201DB0020F2E79942C4
:1045800001DA04F0E1FF0220ECE7FBF76BFDE9E75D
:104590002DE9FC471C46DDF8288016460F4681466B
:1045A000B42B01DDB43C24B204F15A0000B20CF08B
:1045B000D7F807EB601520460CF0D2F806EB601038
:1045C00000B2CDE900082BB232463946484600F029
:1045D00003F8BDE8FC8700002DE9F0470F46DDE950
:1045E00008699846154604462C2104F0ADFFB542F3
:1045F00006D1B9F1030F03D16D1E761E2DB236B26E
:10460000B54205DD4046B846074630462E460546CB
:1046100027816581A4F80C80E68184F81090678278
:10462000A8EB07004B46A582002801DD014601E00A
:10463000A7EB0801721B002A01DD154600E0AD1B47
:10464000A94294F8281002DD41F0010101E021F0B7
:10465000010184F828100025E561244E2660A5613B
:104660002571CE074FF480150DD020B195FBF0F6E3
:104670005643B612E66122B195FBF2F24243901224
:10468000A061E0690CE022B195FBF2F64643B61258
:10469000A66120B195FBF0F050438012E061A06963
:1046A0002062980709D003F00300012808D00228EF
:1046B00013D0D843800714D006E021F0020001E0B7
:1046C00041F0020084F82800216A88106062002905
:1046D00001DA40426062BDE8F087206A0028EFDC22
:1046E000EBE7206A0028EBDDE7E70000E54401087E
:1046F0002DE9FE4F8046DDF830900E461C4699F8B5
:104700001200174600F0010AB9F91050684609F185
:104710000801FCF70DFBBDF90200BAF1000F2FD024
:10472000B84250DCBDF90600B8424CDBBDF90000D0
:104730004119B14205DCBDF904203119521B9142E7
:1047400009DDBDF902104A19BA4240DCBDF9062064
:10475000521BBA423BDBBAF1000F18D0801B00D5C8
:104760000020A04231DCBDF90410891B091A491C44
:104770004218A24200DD211A002926DB4044EFE066
:10478000B84213DCBDF90600B8420FDBCEE7871B49
:10479000A7420BDC002F03DB3946404604F0D4FE71
:1047A000BDF90400851B6D1C002D02DC0020BDE856
:1047B000FE8FA54204DA611B08EB050004F0C4FE7D
:1047C0001FB9A54201D10120F1E70220EFE7BDF8B2
:1047D0000430821B181A401C0FFA80FCBDF806003A
:1047E000401A401C03B2781A00B2A84202DA281A12
:1047F000401E01E0591B401AD9F8141000B20223E0
:10480000CF6803EB4003FB5A37F810609B1B1EB2C6
:104810008B68496833F8103037F810004FF0000704
:1048200000EB010B02EB0C00401B18440FFA80F95F
:104830005019C01A401E05B2BAF1000F22D06BE029
:10484000F11B01EB0B0010F8010C029009EB0700C3
:104850005FEA000A08D4A24506DA18F80A1002989E
:104860000CF0D8FC08F80A00B5EB070A08D4A245FA
:1048700006DA18F80A1002980CF0CCFC08F80A00C6
:104880007F1C3FB2B742DBDB09EB0700A04201DA35
:10489000014600E02146002901DA002002E0A042A2
:1048A00000DB204600B2211A404404F04DFEA81B54
:1048B000411CA14201DA0A4600E02246002A01DA40
:1048C000002402E0A14200DA0C4621B2404647E053
:1048D000F11B01EB0B0010F8010CC0F1FF0002907E
:1048E00009EB07005FEA000A08D4A24506DA18F8C7
:1048F0000A1002980CF08EFC08F80A00B5EB070AC3
:1049000008D4A24506DA18F80A1002980CF082FCC6
:1049100008F80A007F1C3FB2B742D9DB681CA042EE
:1049200001DA691C00E02146002901DA002504E0D3
:10493000A04201DA6D1C00E025462AB2A9EB020074
:10494000A11A884201DA034600E00B46002B01DA87
:10495000002002E0884200DB084601B208EB0200BA
:1049600004F0F2FD31E700002DE9F041154606465E
:1049700088880A881C46801A401C02B2C8884B8866
:10498000C01A401C00B2824200DA1046B5EB600F3C
:1049900000DD4510002D00DA002506F10800FCF7C7
:1049A000C7F93582B4743848306002203071002372
:1049B000C5B1364800214FF47A7200BFC1EBC10483
:1049C00000EB8404B4F91840AC421BD1C1EBC10127
:1049D00000EB81004169491C41610169102D04DA35
:1049E000012303E07361BDE8F0812B110B44934276
:1049F00005DA102D01DA012200E02A110A440261D1
:104A00007061F0E7491C0429D8D300244FEA04015F
:104A1000C1EBC10700EB8707D7F814C0BCF1000F4A
:104A200007D12CB1D7F810C0D4F810E0F44500DA63
:104A30003C46491C0429EBD33CB16069401CC4E9E5
:104A40000430102D0EDA01200DE01C2004F0A8FB2C
:104A5000040006D01C2104F077FD4FF0FF302061E8
:104A60000BE0FEE728111844904205DA102D01DA18
:104A7000012000E028111A1822612046294674619D
:104A8000BDE8F041F0F782BEF1460108ACB8002065
:104A9000F0B50025094E07462C4600BF06EBC400C2
:104AA0004068B84204D156F83450204600F008F867
:104AB000641CE4B2102CF1D32846F0BD1CB90020D0
:104AC0000021421C08D0054A002352F8301042F859
:104AD000303002EBC0004360084670471CB900202C
:104AE00030B4D38854881B1B5B1C1BB2012B09DB21
:104AF000938814881B1B5B1C1BB2012B02DBC36851
:104B000030BC184730BC704738B50446382104F033
:104B10001BFDFEF759F90090BDF8000024F8040FC2
:104B2000FEF752F90090BDF800006080FDF708FD27
:104B30000090BDF80000E080FF2525720220A072E1
:104B4000FDF7FEFC0090BDF800006083FDF7F8FC67
:104B50000090BDF8000020850748206104F8015C42
:104B6000A57584F82650A57784F83250E07F20F0B0
:104B70003E001E30E07738BD58A702082DE9F04FFF
:104B8000CBB08346DDE95465087B984614460F4652
:104B900002287DD9B7F90200002879D0AE4277D03B
:104BA0001AB281469246404500DD914606A8FFF7BD
:104BB000ABFF787B00F003008DF81A00B86840B1B5
:104BC00000208DF81B00B8680A90387B8DF8320001
:104BD00005E0387B8DF81B003888ADF81C00218873
:104BE000A1EB0800ADF810006288A8F10101A2EB6A
:104BF0000802ADF8122023880B44ADF81430B4F845
:104C000002C0ADF804006144ADF80830ADF81610EC
:104C1000ADF80620ADF80A10B7F802C06044ADF850
:104C20000400B7F802C0624412B2ADF80620B7F82B
:104C300002C0A3EB0C03ADF80830B7F802C0181A95
:104C4000A1EB0C01401C09B24FF0FF3C00B2ADF8E3
:104C50000A10CDF814C1002810DD881A401C00B2DB
:104C600000280BDD012347F6FF7201A932A8FFF7E8
:104C70007BFE002132A8FFF72BFA4590002347F670
:104C8000FF7204A938A8FFF76FFE002138A800E0E2
:104C900024E0FFF71DFA489006F5B470A84205D04D
:104CA00005F5B4714FF4B4708E421ED147F6FF7013
:104CB000ADF8180004AA06A95846FFF711FF489856
:104CC000FFF7FEFE4598401C02D04598FFF7F8FE1E
:104CD00038A8FFF7C1FB32A8FFF7BEFB4BB0BDE819
:104CE000F08F00BFA6F5B476B6B28642FAD202E0E3
:104CF000A5F5B475ADB28542FAD228B246900090BF
:104D0000B4F90220B4F9001033B214A84793FFF7A6
:104D10002BFB002114A8FFF7DBF92F90B54203D934
:104D2000A81BC0F5B47000E0701BDBF80810009100
:104D30003C282ADDB8F10A0F27D95A20B6FBF0F13A
:104D4000B5FBF0F000F00300ADF8040106A8ADF8E3
:104D5000FCA0ADF8005101F0030142903E94ADF883
:104D6000FE60ADF80211ADF8069104A8CDE9430B41
:104D70003EA8F5F765FA3EA8F5F72AFB3EA8F5F739
:104D8000F6FB3EA8F5F7E1FC04E004AA06A95846A4
:104D9000FFF7A6FE14A8FFF75FFB38A8FFF75CFB40
:104DA00032A8FFF759FB2F98FFF78AFE4898FFF7C4
:104DB00087FE4598401C02D04598FFF781FE787B1E
:104DC00040078BD509F0FF022FAB51464798F9F702
:104DD000CBFBBDF8BC0021882FAA0844ADF8BC006D
:104DE000BDF8C00021880844ADF8C000BDF8BE0081
:104DF00061880844ADF8BE00BDF8C200618808446F
:104E0000ADF8C20048A80099EDF742FC48ADC0B12A
:104E1000002347F6FF722FA93EA8FFF7A5FD00214A
:104E20003EA8FFF755F90646584604AA06A9CBF84E
:104E30000850FFF755FE3046FFF742FE3EA8FFF749
:104E40000BFB09F0FF022FAB51464698F9F78CFB9C
:104E5000BDF8BC0021882FAA0844ADF8BC00BDF8FD
:104E6000C00021880844ADF8C000BDF8BE006188CC
:104E70000844ADF8BE00BDF8C20061880844ADF832
:104E8000C20048A80099EDF703FCC0B1002347F623
:104E9000FF722FA93EA8FFF767FD00213EA8FFF78C
:104EA00017F90446584604AA06A9CBF80850FFF79C
:104EB00017FE2046FFF704FE3EA8FFF7CDFA009844
:104EC000CBF808000AE770B514460D460646F1F720
:104ED0000FF9224629463046BDE87040F1F7DDBAA9
:104EE0007CB50446087E0D4602280ED9A2686846A5
:104EF0002968EDF7CDFB002807D0E16A09B120460B
:104F00008847626B2946204690477CBD2DE9F04FCB
:104F1000CD6889B00C46804615B1207C002879D038
:104F2000207C012800D10025D8F804008188008861
:104F3000081A401C00B20790D8F8082005A821687C
:104F4000EDF7A6FB002865D0EEF75EFE834600680D
:104F5000D8F800A0C06980B9D8F80400BDF91410D1
:104F6000B0F90020B0F90200891ABDF91620121A12
:104F7000079800FB02110AEB410AD4F804905FEA9B
:104F8000090013D020688288B0F90010B0F902003F
:104F9000521A521C17B2BDF91420511ABDF916202D
:104FA000101A07FB001109EB410900E0002795B139
:104FB00060698288B0F90010B0F90200521A521CE0
:104FC00016B2BDF91420891ABDF916202944801A99
:104FD00006FB001500E00026D8F804004188008890
:104FE00049420AB2404201B205A8FBF72BFFDBF8A9
:104FF0000000C0690028606818D00028207E0CD00E
:1050000001A9009781E861004B4605A95046079A1F
:105010000CF080F809B0BDE8F08F8DE86100A3685E
:1050200005A95046079AF8F737F8F3E70028607E9D
:105030000DD018B3217E0097CDE90360CDE90115AD
:105040004B4605A95046079A0BF060FEE2E758B1BF
:10505000217ECDE90260CDE90015A36805A950467F
:10506000079AF7F7F9FDD5E7207E05A98DE86100DD
:10507000A3685046079AF7F795FECBE7207E01A973
:10508000009781E861004B4605A95046079A0BF04E
:10509000BFFEBFE72DE9FF4FB5B00C4635989946E6
:1050A00016468068DDF808A10188ADF81C1041881B
:1050B000ADF81E108188ADF82010C088ADF8220030
:1050C00007A8FFF7E5F90F901C2110A804F03CFA9F
:1050D000E07A8DF85800207B00F00F008DF8590021
:1050E0000F9840B9208830B96088B0F5807F02D130
:1050F000BAF1040F03D0BAF1050F35D001E0A07A60
:1051000048B30227B1883088BDF82020081A401C17
:1051100000B205904EF20700ADF800002D90BDF8EA
:105120002210BDF81E00ADF80C20091A491C09B266
:105130002A91BDF81C10ADF80810ADF80A00ADF8C2
:105140000E0002A80025531A10905B1C20880FFA4D
:1051500083F878B90AE0CDE9106910A93598FFF70E
:10516000BFFE39B0BDE8F08F0327CBE76088B0F50C
:10517000807F01D0012000E000200F992E90014394
:1051800004D1BAF1050F01D1A07A60B1EEF73CFD70
:10519000FEF7B4F9834607A8FBF71BFE59465845AE
:1051A00074D9084675E0EEF72FFDFEF7A7F904461F
:1051B00007A8FBF70EFEA04201D9204602E007A88F
:1051C000FBF707FE8246400004F016F8834650467F
:1051D00004F012F80446139002A815900220CDF8AE
:1051E00044B08DF85000BDF91E20B6F90210511AD6
:1051F000059A514301FB0790BDF91C10B6F9002038
:10520000891A01FB070900262AE0484600210BE025
:10521000827862552AB10278437802EB03222BF898
:105220001520491C38446D1C4145F1DB059911FBE3
:10523000079905EB0801514505D8BDF80E00401C43
:10524000ADF80E000BE010A93598FFF749FEBDF848
:105250000E00401CADF80A00ADF80E000025761CCB
:105260002A988642D1DBBDF90A10BDF90E008142B1
:1052700006D0401EADF80E0010A93598FFF730FE9D
:10528000204604F005F8584641E1FFE707A8FBF780
:10529000A0FD0E90400003F0AFFF0A900E9803F0BF
:1052A000ABFF0190139002A8159002208DF85000DA
:1052B0000A981190002006904C2117A804F044F998
:1052C0002E9820B32088ADF868006088ADF86A0099
:1052D0000598CDF85C90ADF86000F18870888DF885
:1052E0006EA0081A401CADF86200A088ADF86400FA
:1052F000E088ADF866002089ADF86C00207D00F0F4
:1053000001008DF86F0017A8EDF718FF10E0BDF948
:105310001E10B6F90220891A059A514301FB079025
:10532000BDF91C10B6F90020891A01FB0700069090
:10533000002033903490A07AC0F1FF013291A8B1DF
:10534000218989B2C1F3C40212FB00F2ADF8CC206E
:105350004A07920E02EB513212FB00F2ADF8CE205A
:10536000C1F3042111FB00F0ADF8D000BAF1040F35
:1053700005D1208818B96088B0F5807F01D002205F
:1053800000E001208DF850000F9818B10E99019897
:1053900004F008F9BDF90A10B6F90200081A2F90B6
:1053A00000209EE03095BDF90800B6F90010DDF848
:1053B00018B0401A4FF00009319043E02E98A8B180
:1053C0000B992F98084402B23198484401B217A8AB
:1053D000EDF7C8FC30B101989DF872104155BDF849
:1053E000701021E001980021415527E0BAF1050F26
:1053F0000DD00198FF2141559BF800109BF801004A
:10540000BAF1060F01EB002081B206D00CE0019941
:105410009BF80200485588B1EEE72D98814203D1F0
:1054200001990020485509E0A07A20B133A8329AAA
:10543000FDF769FC01460A9820F8151009F10109E9
:10544000BB446D1CC145B9DB0F98C0B1BDF81E103F
:105450000B98309B084402B20198BDF9081018441B
:1054600081464346FEF7D6FF10B1022804D006E07D
:105470004846414604F068F802208DF85000DDE906
:10548000051011FB070006900E9805EB08018142FC
:1054900005D2BDF80E00401CADF80E001FE010A9AB
:1054A0003598FFF71DFDBDF80E000025401CADF836
:1054B0000A00ADF80E00BAF1040F05D1208818B922
:1054C0006088B0F5807F01D0022000E001208DF8D7
:1054D00050000F9818B10E99019804F063F80B98DA
:1054E000401C2A990B908842FFF65CAFBDF90A1068
:1054F000BDF90E00814206D0401EADF80E0010A985
:105500003598FFF7EDFC019803F0C2FE0A9803F00E
:10551000BFFE26E610B50C463821204604F014F8EC
:10552000094820610948E0600948A0620948E06133
:105530000948606109482062094860620948E062E0
:105540000948606310BD00007D4B0108355A010811
:10555000C74E01086D550108955001081156010804
:10556000B55701086D5A01080D4F0108F0B51F46E7
:10557000064687B014460D46086800233A4602A93D
:1055800000F045FE002841D0BDF81020002A3DD093
:10559000BDF80E10002939D02088BDF8123018440B
:1055A00000B2ADF804002B686488B3F808C05B89CA
:1055B000ACEB03032344BDF814409B1A1B1B1BB226
:1055C000ADF806304418B168B1F900C064451DDB80
:1055D000B1F90440A04219DC9818B1F902209042B8
:1055E00014DBB1F90600834210DC3946029800F062
:1055F0000AFE00280AD00299097B890706D100908B
:1056000002AB01AA29463046F2F776FF07B0F0BD9B
:105610002DE9F0470E46B1F9021096B01C4615462A
:10562000814600297ED0307A02287BD9B5F9000066
:10563000B4F90020904205D1B5F90230B4F90270F6
:10564000BB426FD0904200DB104601EBD171A0EB62
:105650006100ADF84400B5F90010B4F90000B6F9E6
:105660000220814200DD084602EBD27100EB6100AE
:10567000ADF84800B5F90210B4F90200B6F90220FD
:10568000814200DA084602EBD271A0EB6100ADF86E
:105690004600B5F90210B4F90200B6F902208142C1
:1056A00000DD084602EBD27100EB6100ADF84A0064
:1056B00011A90846D9F80820ECF7EAFF002875D0B0
:1056C00011A9D9F808A0C9F80810B5F90200B4F971
:1056D0000210884206D123462A4631464846F3F74F
:1056E0006BF80EE0B5F90000B4F9001023468842CB
:1056F0002A463146484602D1F3F7C6FA01E0F3F7ED
:1057000015F9707A010701D440074DD502A8FFF7BB
:10571000FBF93088ADF80C0047F6FF70ADF80800D3
:10572000307A00E042E08DF80B00B6F90200471035
:1057300040F3000000F10108707A400718D528886E
:105740006A46C01BADF800006888C01BADF80200B7
:105750002888C119A1EB0800ADF804006888C119B8
:10576000A1EB0800ADF8060002A94846FFF7B8F91A
:10577000707A000718D520886A46C01BADF8000073
:105780006088C01BADF802002088C119A1EB080099
:10579000ADF804006088C119A1EB0800ADF806005F
:1057A00002A94846FFF79CF9C9F808A016B0BDE861
:1057B000F08700002DE9FF4F8BB01E461746032BE4
:1057C0007ED3002F7CD0B00003F016FD05007BD007
:1057D0000024386828602046721E15E007EB80011F
:1057E00037F92030B1F904C0634505D1B1F9023071
:1057F000B1F906C0634505D005EB84030968641C54
:105800001960A4B2401C80B29042E7DB07EB86002F
:10581000B7F9001030F9042C914205D1B7F9021004
:1058200030F9022C914206D005EB840150F8040CAB
:10583000641C0860A4B2032C43D37D49D1E9000164
:10584000CDE90201002027E0BDF9082035F920103C
:105850008A4200DA1146ADF8081005EB8002BDF966
:105860000A10B2F90230994200DB1946ADF80A106D
:10587000BDF90C3035F920108B4200DD1946ADF82A
:105880000C10BDF90E30B2F902108B4200DD194642
:10589000401CADF80E1080B2A042D5D30B9802A9DF
:1058A000826805A8ECF7F4FE58B10B9805A900260C
:1058B000806809900B988160B5F90210012011E011
:1058C00002E0284603F0E4FC0FB0BDE8F08F00BF13
:1058D00005EB8002B2F902208A4201DA114606B2D3
:1058E000401C80B2A042F3D32C2104FB01F003F052
:1058F00083FC8346B2460490D1464FF00008701EE8
:1059000000D52044621E09F101010892914200DD98
:10591000002135F8262035F8203035F8217005EBC8
:1059200080009B1ABF1A428805EB860005EB8101B7
:1059300040884988121A081A0021079112FB07F1C2
:1059400010FB03F0814267DA0120079001E007981D
:10595000F0B308980AF10106864200DD0026B9F18D
:10596000010700D5274405EB860005EB8A01B0F955
:105970000200B1F90220904216DB12D035F9263030
:1059800035F92A108B420CD04FF0010CCDE9000CF8
:105990005846FEF721FE58460499FEF799FB0BF195
:1059A0002C0B08F10108B246A04523D005EB870077
:1059B00005EB8901B0F90200B1F90220904217DB32
:1059C00013D035F9273035F929108B420DD000E07E
:1059D00022E00026CDE900065846FEF7FDFD5846B8
:1059E0000499FEF775FB0BF12C0B08F10108B94681
:1059F000A045ACD3DDE90B0102AAFFF771F80498CA
:105A0000FFF746F8049803F043FC284603F040FCF7
:105A10000B990998886057E7BAF1010600D526442A
:105A2000089809F1010787429DDD00279BE70000E8
:105A30006C6B020870B514460D460646F5F7A8FCD7
:105A4000224629463046F0F753FB22462946304687
:105A5000F0F723FD224629463046F0F700FE2246A5
:105A600029463046BDE87040F4F7D0BA704710B50B
:105A70000446012104F09EFC4FF6FF70608701216F
:105A8000606A04F099F820460022BDE81040202109
:105A900000F052BB70B500200C46486216A1C4E964
:105AA0000B10A06294F83C1041F0300184F83C10D7
:105AB000E08620874FF6FF716187A08694F83C004E
:105AC0004FF4806120F00F00083084F83C0020463D
:105AD00004F072F809A1204600F090FA204605F083
:105AE0006DF901460C4804F083FB054604F0EEFB1B
:105AF00065626C6270BD0000EF81B8004F70746920
:105B00006F6E20310A4F7074696F6E20320A4F70C9
:105B100074696F6E2033000050AA020810B5014668
:105B2000034804F065FB044604F0D0FB204610BD9A
:105B300034AA020870B5486A0C46002510B104F07A
:105B40009DFC656294F83C00C00603D4206B03F012
:105B5000B1FB256370BD000070B50E463F4805F0EF
:105B600002F8012843D1304600F0A3FA054630463A
:105B700000F0DDFA04460E2D14D00F2D21D0102D8B
:105B80001FD0082D21D02A2D23D0292D21D02C2D16
:105B900023D00D2D2CD0152D29D13046BDE87040D5
:105BA000F3F728BB05F0C0F800F0ECFE054601F065
:105BB000D9FE01F018FF042819D17DBB218F2046A2
:105BC000E186BDE87040FFF752BFBDE87040EFF7D7
:105BD00046B8BDE8704007F015B9304600F0A5FAA8
:105BE00005460021204606F0EAF80089688070BD6D
:105BF000304600F09AFA0078132810D012280ED000
:105C0000142817D0112815D01B28D7D00A28EED178
:105C100001F0B8FEA042EAD02046D6E719E02046BF
:105C200000F050F8A8B1E08EA18E401C8842DED270
:105C3000214608E0204600F045F850B1E08E0028EB
:105C4000D5D02146401EE086BDE8704008460BF0E6
:105C5000CABD2046BDE8704000F090B834AA0208E2
:105C6000C08E70472DE9F04104460025006B904638
:105C70000E462F4620B1EAF762FB0246002008E0FC
:105C80000F70BDE8F081216B095C0A2900D16D1C01
:105C9000401C904202D2218FA942F4D10021A8F1E8
:105CA000010507E0B8F1000F01D0A94208D27354F2
:105CB000401C491C904203D2236B1B5C0A2BF1D180
:105CC0007754DEE710B5406A012106F06FF980F0E5
:105CD000010010BDF8B50F46084600F0EAF9054688
:105CE000182805D03946244804F03DFF01283AD150
:105CF000384600F01CFA446A0646082D0ED0012DE5
:105D000017D0092D30D0182D2DD13846F3F76BF868
:105D10003946BDE8F840184804F025BF01F022FEDE
:105D200001F055FE00281ED13046BDE8F840FAF7D4
:105D300086BA01F017FE050015D001F054FE0128C7
:105D400004D0284601F04FFE03280CD169462846AE
:105D500001F01EFEBDF902102046F8F7F3F8608747
:105D6000304606F0F1FBF8BD4FF6FF706087304615
:105D7000BDE8F84006F0E8BB50AA02082DE9F84358
:105D80000446012103F04BFF204605F017F80146B9
:105D9000606A07F055FB4FF0FF31606A06F044FD82
:105DA0000121606A04F0CCFA00221F21204600F095
:105DB000C3F92046F8F709FA8046216B02F0D1FFBB
:105DC00042F2D171606A07F055FD404607F09CFD34
:105DD000606A06F0A2F80546204606F09EF8854265
:105DE0000EDC94F83C0000F00F00042801D00828D5
:105DF00006D1204606F091F80146606A07F03AFDA8
:105E0000404604F096FF07460021606A05F00DFD4C
:105E100005460021606A05F012FF4619002141F68F
:105E20001102606A05F02EFF2844B919084407B230
:105E300094F83C003D4600F00F06082E02D0042ED8
:105E40001ED034E0FDF742FBFDF79EFBB4F91A10BB
:105E5000294488422BDAFDF739FBFDF795FBB4F9AD
:105E60001A10411AB4F91600814201DA042605E03D
:105E7000FDF72CFBFDF788FB618B401A401E15E0F7
:105E8000B4F91600401B12D5FDF720FBFDF77CFB93
:105E9000B4F91A10B4F91650411AA94207DD0826C0
:105EA000FDF714FBFDF770FB618B401A05B2BD4294
:105EB00000DD3D462946606A07F08CFA20460BF06B
:105EC00092FC0020082E06D0042E09D0012E0CD002
:105ED000022E0FD015E0009000230D22606A0DE025
:105EE000009000230A22606A08E00090002310223C
:105EF000606A03E000900023606A1322214603F0E9
:105F0000F9FE606A07F000FD94F83C0000F00F0015
:105F1000012801D0022818D1606A06F020F8064650
:105F2000606A06F038F80546FDF7D0FAFDF72CFB5D
:105F3000A8420ADCFDF7CAFAFDF726FB281A301A38
:105F4000401E01B2606A07F0C3FC00214046226B8C
:105F500004F032F9022808D04FF0000303281A4653
:105F600001D0012104E0032102E000231A460921A7
:105F700001B04046BDE8F04303F0AEBE2DE9F0416C
:105F80000E00044603D00025A586284606E0FEE75D
:105F90000A2902D1A18E491CA186401C315C00292E
:105FA000F6D1A08E401CA086E58625873046EAF70C
:105FB000C6F9471C206B30B194F83C10C90602D4D6
:105FC00003F078F92563384603F0EAF8206390B1CE
:105FD0003146EAF7C9F994F83C0020F01001204658
:105FE00084F83C1006F0B0FA606A002804D0BDE8DE
:105FF000F04106F0A9BAFEE7BDE8F08170B50E00E9
:10600000044603D00025A586294606E0FEE70A28B7
:1060100002D1A08E401CA086491C705C0028F6D1DD
:10602000A08E401CA086E586258794F83C00C0061B
:1060300004D4206B10B103F03DF9256394F83C00C3
:1060400040F0100184F83C102046266306F07CFAEC
:10605000606A002803D0BDE8704006F075BA70BDD4
:10606000C28E8A4207D0828E8A4200D8511EC186D3
:10607000018706F069BA704710B50C464FF480618D
:10608000204604F05DF90421204604F059F94FF44C
:106090000031204603F090FD0121204603F08CFDE5
:1060A0002046BDE8104001F08DBF486A00214162E2
:1060B0007047007A20F08000704740687047017A8E
:1060C00015290BD0142909D0162907D0182905D075
:1060D000172903D0192901D00020704700697047A3
:1060E000017A01291FD002291DD003291BD00429C0
:1060F00019D0052917D0062915D0072913D008294A
:1061000011D009290FD00A290DD00B290BD00C2949
:1061100009D00D2907D00E2905D00F2903D0102949
:1061200001D000207047006970470069704700681F
:106130007047C0687047000010B588B0C0B10090CB
:1061400001908DF808100020CDE903029DF8180099
:10615000084C20F007008DF8180060680590C4F81E
:1061600004D06846F6F7ACFC0599616008B010BD34
:106170000120FBE7C4000020027A132A06D100693F
:10618000B0F900208A4200DD11460180704710B549
:1061900000F004F8BDE8104000F022BB10B500216B
:1061A0000B4802F0F9FD0B4CE06008F075FE208012
:1061B00008F072FE40F48050608008F06DFE40F4FC
:1061C0008050A08008F068FE40F48050E08010BD50
:1061D0009DD700082C01002010B5092900D12021ED
:1061E0000469F7F71DFE002806D0616801EBC000C6
:1061F000618A890B01D0002010BD00682168C0F3BE
:106200001300084410BD08B142681047FEE72DE9AD
:10621000F0411E4617460D4688B18DB10021044657
:106220002960D4F800C033463A4629462046E04764
:1062300038B1A97BC90604D42C60BDE8F081FEE723
:10624000FEE76469002CECD1F7E700002DE9F04788
:1062500000269A460C468146092A01D120220126B1
:106260001146D9F81050F7F7DBFD071E3DD0E8685E
:106270004FF0000850B151464846F7F7D1FD0200F3
:1062800004D039464846F7F7A9FE80466868298A4F
:1062900000EBC70001FB08F10A110168090D002E8F
:1062A00002D000BF4FEA4101114401F108014FEA59
:1062B0001111A180417921810179E18090F90620B5
:1062C000628190F90700A081688A4FEA5022A07B82
:1062D00062F3030020F01000A07304D04FF6FF70AB
:1062E00000EA4100E0804FF00100BDE8F0871FB5F3
:1062F00050B113460A466946FFF789FF002801D0CE
:10630000BDF8040004B010BDFEE770B50446406857
:10631000B0B1C268B2B12168904705466068408854
:1063200040B1A06830B1C06808B102F0C3FFA068F6
:1063300002F0C0FF002020606060A060284670BDB1
:106340000B2070BD092070BD10B504460748EDF75D
:10635000F0F908E008680078A04201D1086810BD93
:106360000248EDF7F8F90100F4D110BDC4B70020E0
:1063700010B50446E9F7E3FF40B1215C2E2907D0B0
:106380002F2903D05C2901D0401EF6D102A010BDF8
:106390002044401C10BD00000000000010F8011F48
:1063A0003A2900D1401C70472DE9F04117460E00F4
:1063B000054624D03078FFF7C7FF040021D061687C
:1063C00009B18847F8B1A068F8B13046FFF7E6FF99
:1063D0000146A3683A4620469847C0B1411C16D0F2
:1063E000C5E90004608838B1102002F0D9FEA86029
:1063F00078B1102103F0A8F80020BDE8F0810B204F
:10640000FBE70320F9E70120F7E70920F5E70C2077
:10641000F3E7FEE77CB51C004FF0000500D02560D7
:10642000436853B11B6953B1019545686B88002BD4
:1064300001AB06D000F012F80BE00B207CBD092068
:106440007CBD0093006813460A4601462E69284623
:10645000B047002CF4D0019921607CBD2DE9FC5F90
:106460000446806815468B4690E84600D0F80C80BC
:10647000606800279A46B0F80290B14237D8964239
:1064800035D2701A80B2A9EB00018EB2B54208EB8A
:10649000000104D82A46584602F078FF55E03246FB
:1064A000584602F073FF4D4508D9CDF800A0D4E955
:1064B0000010AB1B0BEB0602066920E000200190E8
:1064C00001A80090D4E900104B4607694246B8473E
:1064D000A16807464868401C0860A168019A1044FA
:1064E0004860A81B82B20BEB0600414628E04D45F0
:1064F00008D9CDF800A0066921682B465A46B04756
:1065000007461FE0B8F1000F06D1484602F048FEEA
:10651000A168C860C0B180460020019001A8009029
:10652000D4E900104B4607694246B8470746A068C1
:106530002A460660A06801993144416041465846A8
:10654000E9F7D9FE0FB106E0FEE7CAF80050A068EF
:106550008168294481603846BDE8FC9FF8B54568EC
:106560000446E5B1AE69E6B16B880020C3B3D2B191
:10657000012A21D0022A11D1134620680A46014679
:106580002846B047002809D1D4E900106A46C369FB
:106590009847002802D1A26800999160F8BD0B20AD
:1065A000F8BD0920F8BDA2689160A3680A461D687D
:1065B000A9420CD3596808E0A3689A680A449A6013
:1065C000A1680B689A4202D349688A42EAD9D4E9A1
:1065D00000100023846901B0A446BDE8F040604784
:1065E000FFE7134620680A46014601B02846B44634
:1065F000BDE8F0406047F0B58646807889B0154622
:106600000C4610FB04F00012824203DCBEF80000CE
:1066100009B0F0BD9EF808700EEB870212F8023C3C
:1066200013FB04F31B129D4202DB32F8040CEFE76C
:106630000022012326E00EEB830C9CF802C01CFB19
:1066400004FC4FEA2C2C65451ADC0EEB830737F867
:10665000040DADF800000098FCF790FB0646B888E2
:10666000ADF800000098FCF789FB0146B87810FBF4
:1066700004F0BA79001212FB04F2C0EB222203E00C
:106680005B1CDBB29F42D6D8281A00B2C0EB0020B8
:1066900090FBF2F0C2B2C2F1FF03C1F3072010FB7E
:1066A00002F0C6F3072414FB030000EBC01404EB54
:1066B000C034BDF81400250F65F30200C1F307458F
:1066C00015FB02F5C6F3074717FB035505EBC51786
:1066D00007EBC535AD0E65F3C700C9B211FB02F17A
:1066E000F2B212FB031101EBC11202EBC131890EB0
:1066F00061F30C20610E61F34F30ADF8140080B2ED
:1067000086E74168002901DA02F0D4BD7047000035
:10671000FEB50546407A16460C4640072FD0224F5C
:10672000387820B9002000F043F801203870687AEA
:1067300000F00700022818D04FEA060080EA640043
:1067400068400190002000906A4601A91748F9F7B7
:1067500025FB01280BD0324621462846EDF754FF91
:10676000009000280BD0002418E02046E6E70098AF
:106770000422416802EBB1714FEAB1014160FEBDF4
:1067800022462846FFF737FF02900098BDF8081010
:10679000806800EB4400641C018024B20098B0F9CA
:1067A0000E10A142ECDCFEBDF800002059D100081B
:1067B00070B5094D0446286802F07CFD204602F0C1
:1067C000EFFC2860054DA86020B1214602F0BCFE18
:1067D0006C6070BDFEE7000050020020F800002051
:1067E00010B500211B4802F0D7FA1B4C606108F07D
:1067F00053FB40F48050208008F04EFB40F4805062
:10680000A08008F049FB40F48050608008F044FB11
:1068100040F48050E08008F03FFB40F4805020823C
:1068200008F03AFB40F48050E08108F035FB40F47A
:106830008050608108F030FB40F48050208108F0E7
:106840002BFB40F48050A08108F026FB40F48050E0
:10685000608210BDCDE900083C01002070B50C46F7
:1068600006002FD0ECF765FF05E00868A04229D0AC
:106870003046ECF770FF0100F7D1204604F054FADF
:1068800040B1A168896829B1C9680968A14201D1EC
:1068900000F087F8A06810B9204603F097FBA068C5
:1068A00086603046ECF788FF05000AD030462C6041
:1068B000ECF73FFFA84205D13046BDE8704000F03C
:1068C00070B8FEE770BD0000014A0249F7F7D0B882
:1068D000573700083337000870B5060043D004F07E
:1068E00023FA04003FD0207EC0073CD1002120467F
:1068F00000F0C3F82046ECF71CFF32E02868B042F5
:106900002BD1E06888B10068B0420ED02046F7F77E
:106910003DFB0246E0680F210068FFF70DFC0128EF
:1069200021D1E068006805F00FFEE560002D1AD067
:10693000216909B1204688472046F7F727FB024620
:10694000E0680E210068FFF7F7FB01280BD1E06833
:106950000068BDE8704005F0F7BD29462046ECF719
:10696000FAFE0500CAD170BD014A0249F7F780B8A6
:106970005F3700086537000801480068704700006D
:10698000CC000020002802D0007EC0F340007047F9
:10699000002803D0C068002800D000687047ECF7DA
:1069A000CCBE70B50446007EC0F3C00540F00800C0
:1069B00020764007204602D4FFF786FF01E0FFF76C
:1069C000D3FF207E65F3C300207670BD2DE9F04132
:1069D000064604F0A9F904003DD0E068002740B362
:1069E0000068B04220D1207EC10702D020F0010013
:1069F00020762046ECF79DFEE16888420FD12046C4
:106A0000ECF7B0FEE168884209D12046F7F7BEFAFC
:106A10000246E0680F210068FFF78EFB02E0204687
:106A2000FFF7BFFFE06820B1E0680068B04200D126
:106A3000E7602046ECF77DFE11E028682946B04269
:106A400020460AD1ECF7DFFE284602F033FCB0689E
:106A5000002800D08760BDE8F081ECF77CFE0500DF
:106A6000EBD1F8E713B5FFF793FF20B101AA0D2191
:106A7000FFF762FB1CBD01201CBD70B504001CD0DB
:106A8000207EC0F340028A4217D061F34100207695
:106A90002046FFF77DFF05000FD02046F7F776FA76
:106AA0000246E0680E210068FFF746FB012804D18A
:106AB0002846BDE8704005F047BD70BDFFB583684E
:106AC000006800F01F04052C08D00B2C10D00C2CF3
:106AD00023D00D2C32D00E2C47D01CE0C0F38A20DE
:106AE00010FB021000EB40001844807804B0F0BDA9
:106AF00001F00704C0F38A20C910C01DC00810FBB4
:106B00000210185CC4F1070101228A401040C840FD
:106B100001D00020EAE7FF20E8E717A4C0F38A20AD
:106B2000246800948C07640F8910C01C800810FB37
:106B30000210185CC4F10601032210E00FA7C0F395
:106B40008A20F0CF8DE8F000CC07640F4910401C7C
:106B5000400810FB0210185CC4F104010F228A40A7
:106B60001040C8401DF80000C0E7C0F38A2010FBA9
:106B70000210185CBAE700000055AAFF001122338A
:106B8000445566778899AABBCCDDEEFF2DE9FF411D
:106B90000D460746BDF80010002060F3020189B2DF
:106BA00060F3C70189B260F30C2189B260F34F3101
:106BB000ADF8001088B20090BDF80000019039686F
:106BC000BC6801F01F001646042814D0062812D015
:106BD000052810D007281DD008282AD0092837D02A
:106BE0000A2849D00B2851D00C284FD00D284DD061
:106BF0000E284BD04BE000F04FF8C1083868C0F3C6
:106C00008A2010FB065001FB0041022201A802F07D
:106C100051FC3CE0C1F38A21EA10C91D05F00700D0
:106C2000C90811FB06210834C0F10700615C01228C
:106C30001CE0A807C1F38A21400FAA10C91C8908CB
:106C400011FB06211034C0F10600615C03220DE047
:106C5000E807C1F38A21400F6A10491C490811FB5B
:106C600006214034C0F10400615C0F2282401140D3
:106C7000C140ADF804100AE0C1F38A2010FB0250B5
:106C800004F58064205CADF8040000E00193BDF8D9
:106C9000040004B0BDE8F081014600200F290AD2AB
:106CA000DFE801F009090909080A080C0E10120CA6
:106CB0000E101200102070471820704701207047F6
:106CC00002207047042070470820704701460020CA
:106CD000891E0D2909D2DFE801F007080807080717
:106CE0000707070707070700012070470146002034
:106CF000032901D0062900D10120704770B5002575
:106D00004D6291F838000C4620F07C0040F0030002
:106D100081F83800084605F000F9A085204604F007
:106D200008F8E08525864FF48070E08694F83800F6
:106D3000022140F0800084F838002585658565864D
:106D4000A58684F83950204603F0FAFA2046BDE8BB
:106D500070404FF4803102F02FBF000010B50146A3
:106D6000034803F045FA044603F0B0FA204610BD8C
:106D70006CAA020870B54C6A0D46002C12D0287C13
:106D8000012802D12046FFF7C0FAE06808B102F0FE
:106D900091FA206908B102F08DFA204602F08AFAD1
:106DA0000020686270BD00007FB514460D4608469D
:106DB00000F08FFD20B1012817D0022839D035E02E
:106DC000296801F01F00001F0B282FD2880A2168B4
:106DD00060F3942121602868400D60F35F512160C9
:106DE000287860F3040121602FE02846FFF7C0FAFD
:106DF00017A1E9F7ABFAC8B9022229466846FFF79E
:106E0000D3FA68B903AB042221466846FFF702FBB8
:106E100005466846FFF779FA45B90398042805D175
:106E2000207800F01F00001F0B280ED3002004B0B4
:106E300070BD2068012161F39420C0F3140000F5B7
:106E4000001020F01F000B3020600120EFE7000051
:106E500062696E002DE9FF4F80465CA087B0006834
:106E600004905BA05BA3006893460F4605900FCB90
:106E70008DE80F00B8F80810002089B2CAB2090ADC
:106E800009E000BF149C00EB4003401CE254149C3A
:106E900000B2234459700A9B9842F3DB98F814001F
:106EA0004FF0000900F01F00FFF7F6FE82460121B7
:106EB00001FA0AF1491E88B206900025D8F814009C
:106EC0002C4600F01F012E460B2906D00C2912D0AB
:106ED0000D2920D00E2931D12CE0C0F38A20C01D0D
:106EE000C50804EBE70115FB0B1407F00700C0F120
:106EF000070604A80DE0C0F38A20C01C850804EB37
:106F0000A70115FB0B1407F003000621A1EB4006B7
:106F100005A8814612E0C0F38A20401C450804EB16
:106F2000670115FB0B1407F001000421A1EB80069B
:106F30006846EEE7C0F38A2515FB0B742846D8F89F
:106F4000247002F059F95FEA000B13D098F8100092
:106F5000A0B10022211D3846FFF700FB00232A467E
:106F600059463846FFF756FA5946CAF1080200203A
:106F700053B222E000200BB0BDE8F08FD8F8040037
:106F800080680119F1E70A78069CF240224098F8DF
:106F9000144004F01F040E2C01D019F80220149C98
:106FA00000EB40052C44A270A6EB0A0256B2002E5C
:106FB00001DA1E46491C401C00B20A9A9042E2DBEC
:106FC000584602F065F90120D5E7000000FF0000F7
:106FD0000055AAFF00112233445566778899AABB51
:106FE000CCDDEEFF2DE9FF4F8046007D81B091465C
:106FF0000E4600F01F00FFF74FFE8246012101FA06
:107000000AF1491E0025D8F814001FFA81FB00F090
:107010001F012F462C46072906D0082912D009291E
:107020001FD00A2932D12BE0C0F38A20C01DC50829
:1070300004EBE60115FB091406F00700C0F1070791
:10704000083423E0C0F38A20C01C850804EBA601A5
:1070500015FB0914062106F00300A1EB40071034CC
:1070600014E0C0F38A20401C450804EB660115FBC0
:107070000914042106F00100A1EB8007403405E06B
:10708000C0F38A2515FB096404F580642846D8F806
:10709000249002F0B1F8061E40D098F8100068B1B4
:1070A0000022211D4846FFF759FA00232A4631469F
:1070B0004846FFF7AFF93146002028E0D8F8040031
:1070C00080680119F8E70A78D9F80C30FA4002EA2A
:1070D0000B0203EB42030E9D1B8800EB4004ADF84E
:1070E00000302B55BDF800301D0A0E9B23445D7007
:1070F000D9F81040A25C9A70A7EB0A0257B2002F91
:1071000003DACAF1080257B2491C401C00B2049AC3
:107110009042D8DB304602F0BBF8012005B0BDE854
:10712000F08F00002DE9FE430646087C0C4601283E
:1071300001D028B328E06068FFF71AF956A1E9F7F3
:1071400005F928B9022268466168FFF72DF910B1E8
:107150000020BDE8FE83606A38B9142002F020F8F0
:10716000606260B1142102F0EFF9606A69460C2296
:1071700011F8013B00F8013B521EF9D104E0FEE793
:10718000606880680028E4D0207D00F01F0004289B
:1071900014D0052812D0062810D0072814D00828AB
:1071A00012D0092810D00A280ED00B286DD00C2838
:1071B0006BD00D2869D00E2867D068E0207C80BB9A
:1071C00060688068A06160E0FFF766FD0127874086
:1071D000606A38B9142001F0E3FF6062B8B114218D
:1071E00002F0B2F97800656A01F0DAFFE86078B180
:1071F000384601F0D5FF286158B1E86878B3207CA3
:10720000012807D060680024D0F808803BE0FEE742
:10721000FEE7FEE7002204212846FFF79FF900243D
:107220001AE032E00023042269462846FFF7F2F80C
:107230009DF800209DF801109DF80200FBF7C5FAAB
:107240000190E868BDF8041000EB44000180296952
:107250009DF803000855641CBC42E3D315E016E01A
:1072600008EB840618F824207178B078FBF7ADFAA3
:107270000090E868BDF8001000EB44000180296927
:10728000F0780855641CBC42EAD3012061E721462E
:107290003046FFF76FFD5BE762696E002DE9F84F3E
:1072A0000C461D461646207DDDE90A32002100F01D
:1072B0001F00042816D0052814D0062812D00B2849
:1072C00039D00C2837D00D2835D00E2833D00728D8
:1072D00038D0082836D0092834D00A2832D00020E7
:1072E000BDE8F88F277C012F33D198469146D4F81A
:1072F00024A0FFF7D1FC07466069C0F38A2015FB84
:1073000000607843C11000225046091DFFF726F99E
:10731000002470B9FD0805FB08F56B462A4649466E
:1073200050460094FFF776F818B90098854200D1CE
:10733000012421460DE000922A4631462046FFF7FF
:1073400089FD05E000922A4631462046FFF74AFEB5
:1073500001460846C4E710B50446006800280BD073
:10736000C2680AB121469047207C012804D1606898
:1073700001F0A0FF0020606010BD000010B50548BE
:10738000ECF7FCF9040004D0142102F0DDF82046EB
:1073900010BDFEE7E8B700202DE9F0410F46054695
:1073A0000421384602F0D0F825B1284600F091FAC1
:1073B00018B105E00020BDE8F081A8680028FAD0E7
:1073C00000260A48ECF7B5F90BE023682BB13A46E2
:1073D000294698470646012805D021460348ECF780
:1073E000BAF90400F1D13046E5E70000E8B7002023
:1073F0002DE9FF410E461D460446282102F0A4F85F
:10740000AEB1304600F065FA08B9B16879B1BDF89F
:10741000081021812074E56001280CD066600027E7
:107420002148ECF786F9054604F1140831E0002004
:1074300004B0BDE8F0813046E8F781FF401C01F060
:10744000AFFE606018B13146E8F78EFFE7E7FEE770
:107450002B68CBB16868B8B1424631462846984798
:107460000746012810D125606A68214628469047C2
:1074700007460128DCD00421404602F065F80020D0
:107480002062A0616062E06129460748ECF763F979
:107490000546002DDCD1207C012802D1606801F076
:1074A00009FF3846C4E70000E8B700202DE9FC4199
:1074B00005680E46089FAC6800213CB1CDE9003755
:1074C0001346014632462846A04701460846BDE815
:1074D000FC8110B591F838000C4600F0030001283B
:1074E00001D0022809D154F8240F01F0E3FE002056
:1074F0002060207D40F00300207510BD2DE9FF477E
:107500000E460846FEF7D5FD0546152807D0182D6E
:1075100005D03146814803F026FB012878D130465A
:10752000FEF705FE04462A2D13D04FF48078132D64
:1075300021D0112D6ED02C2D7ED0152D03D0182DDD
:1075400001D0122D64D104B03046BDE8F047F0F709
:10755000F1B994F8380000F003000228204604D066
:1075600004B0BDE8F04705F021BC616A04B0BDE895
:10757000F04700F003B93046FEF7D7FD054600217D
:10758000204604F092FCE18E414341F30F26002196
:10759000204604F067FC218E084407B20FB9464527
:1075A00036D0204604F0B9FC8046204603F0C1FBEB
:1075B0008146B0B23234CDE900043B464A464146EA
:1075C00002A8EBF7AFFAB5F90000BDF90810411AAF
:1075D000884200DD014609B22980BDF90A20821ADD
:1075E000914200DC114609B22980BDF90C20131824
:1075F000A3EB0802914200DC114609B22980BDF9D3
:107600000E200244A2EB0900814200DC01462980E1
:10761000BDE8FF873046FEF788FD0546002120467D
:1076200004F043FCE18E414341F30F260021204644
:1076300004F018FC218E00E05CE0084407B220460C
:1076400004F06BFCB4F92C10884248D1204603F0BA
:1076500070FB0146B4F92E00814240D1464510D15D
:107660007FB9B4F92C10B4F9322001EBD171B2EB2F
:10767000610F06D1B4F9341000EBD070B1EB600F9C
:107680002DD0204604F049FC8046204603F051FBF3
:10769000024604F13201B0B2CDE900013B46414659
:1076A00002A8EBF73FFABDF80800A18A00220844BF
:1076B000ADF80800BDF80A00E18A0844ADF80A00F8
:1076C000BDF80C00A18A0844ADF80C00BDF80E000E
:1076D000E18A0844ADF80E0002A8296806E0694670
:1076E000204603F06DFA002268462968EBF7B8F8E7
:1076F00028718DE73046FEF718FD054694F83900ED
:1077000000F00300012804D0A08D2880E08D68805F
:107710007EE7204600F004F8286079E76CAA0208AA
:107720007FB50446002104F0C0FBE18E41430E12F8
:107730000021204604F096FB218E04F13202084419
:10774000B1B2CDE9001203B2B4F92E20B4F92C1075
:1077500002A8EBF7E7F9BDF80C00BDF80810BDF87A
:107760000A20411A2846491C61F30F00BDF80E108B
:1077700004B0891A491C61F31F4070BD2DE9F04324
:1077800085B08846044604F0DFFE404600F0A1F8CC
:1077900005464FF00009032809D003A94046FFF72A
:1077A000FBFDC5B1012D24D0022D22D06BE094F851
:1077B000380000F00300022801D0012802D1606ADD
:1077C00001F078FD44F8249F207D40F003002075EF
:1077D00005B0BDE8F08394F8380000F003000128FC
:1077E00001D0022802D1606A01F064FDC4F824804F
:1077F00049E0606A404519D094F83810002601F03D
:107800000301012901D0022900D106464046E8F7CC
:1078100096FD401C01F0C4FC07000AD04146E8F781
:10782000A3FD676216B1304601F044FD022D01D080
:1078300029E0FEE72046002141F2594204F022FAF5
:1078400006462046002141F25A4204F01BFA07B2D4
:107850002046002141F25B4204F014FA00B241F6E6
:10786000FF728DE805023B463246414604A809F006
:107870003BF8BDF81010039861F39420BDF8121086
:1078800061F35F50039094F8380065F3010084F8C9
:1078900038000398C0F38A21A185430DE38594F84D
:1078A000382060F3860284F838204A08810D628609
:1078B0002046A18605F0A6FA208E18B9E08EB0F514
:1078C000807F02D0204605F071FA204604F03CFE8D
:1078D0007EE7032130B10078A0F120015F2903D8B1
:1078E0000120704708467047802801D30220704766
:1078F0000020704710B50446202101F025FE00202D
:1079000020700A20207660764FF4C870A08364202F
:10791000E0833220E0760320A07610BD70B50546E6
:10792000006920B9FBF7D2FD2861002814D00B486C
:10793000EBF724FF040010D0582101F005FE25606C
:107940006079224640F0020060711E21044808F070
:10795000F9FC21684861204670BDFEE7B8B70020F9
:10796000117A01080148806870470000D0000020AB
:1079700018B101460248EBF7EEBE0148EBF7D9BE5D
:10798000B8B700200148406870470000D0000020D0
:1079900038B102681278012A05D0032A03D04FF0CB
:1079A000FF30088002E002890A80408948807047E1
:1079B000002806D001680978012903D0032901D0E5
:1079C0000020704790F8400000F00F00704700283A
:1079D00006D001680978012903D0032901D00020CD
:1079E0007047C06A7047002801D00068007870476F
:1079F00000220A804A80002809D002681278012AF1
:107A000001D0032A03D1828A0A80C08A4880704745
:107A10007FB5284CC068A06001680969002947D07B
:107A2000F7F798FDA0684079400741D400256946E2
:107A3000A068EBF745FC9DF80F60A068F7F78AFD9A
:107A40006560A1689DF80E000871012806D00868DD
:107A50000078042809D1BDF80C00D0B108F00EFC64
:107A6000A16809680969C1F85401A068016809782A
:107A7000012906D0022908D004290AD003290DD0F3
:107A80000FE06946F7F7D6FB0BE06946F7F702FB14
:107A900007E06946A068F7F7F9F802E06946F7F7EA
:107AA0006FF8A068F7F756FD002EC0D1A56065609D
:107AB0007FBD0000D000002070B5204E0C46002590
:107AC000B0B3417941F002014171B168814200D106
:107AD000756001680978012901D002290ED114B11D
:107AE000016BA14201D1056314B1416AA14201D1E8
:107AF000456214B1816AA14200D1856270BD4179AD
:107B000041F00201417101680978012901D002297F
:107B10000ED114B1016BA14201D1056314B1416AC8
:107B2000A14201D1456214B1816AA14200D18562AE
:107B3000FFF71EFF0028E2D1756070BDD000002065
:107B400010B50446407920F00100607108F096FB02
:107B5000A06408F093FB606410BD002804D00329E2
:107B600006D00C2901D000207047B0F9221001E0A6
:107B7000B0F920100068427E0020C2F16402642344
:107B800006E0084400B212FB01F191FBF3F109B2E7
:107B90000029F6D170472DE9F0410F460546012135
:107BA00004F004FA30BB3946284604F010FA0646C1
:107BB0000022394605F11400EAF752FE28B94FF4C5
:107BC0000021284604F0F2F980B1284602F0F3FFC4
:107BD000401E04000AD4A8683946006850F8240002
:107BE000FFF7D9FF002803D1641EF4D516B128464B
:107BF000BDE8F0810020FBE7002803D0417941F087
:107C0000080141717047000010B5144C207800281D
:107C100021D101F05DFBECF705F8EAF777FFEAF711
:107C20001FFDEAF779FFFBF75BFFEBF7CFFE4FF4A1
:107C3000AC710B48EBF79AFD58210A48EBF796FD1B
:107C4000EBF7E8FFEBF720FB4420112804D0FEF708
:107C50009EFA0120207010BDFEE70000DC0000202D
:107C6000ACB70020B8B7002010B50C460421204660
:107C700002F066FB0020A06384F83C0084F83D001D
:107C8000034602460521204602F026F800231C2266
:107C90000649204601F052FF00221146204605F019
:107CA0008BFD2046BDE8104000F048B9B17C0108CA
:107CB0002DE9F041FEF73BFA0446F9F7C1FDA0F5C6
:107CC0007F41FF397ED02046F9F7BAFD01462046B4
:107CD000F9F78CFD050075D06EA1E8F737FB6E4E05
:107CE000002806F1240748D06CA12846E8F72EFBAF
:107CF00000284BD06AA12846E8F728FB00284ED080
:107D000068A12846E8F722FB002855D066A128463E
:107D1000E8F71CFB00284FD064A12846E8F716FBC3
:107D200000285AD0A06B00284CD061A12846E8F763
:107D30000DFB002861D060A12846E8F707FB00286A
:107D40005BD05EA12846E8F701FB002860D05CA16B
:107D50002846E8F7FBFAB0B35AA12846E8F7F6FA46
:107D600090B359A12846E8F7F1FA0028A06B5ED03D
:107D70002946BDE8F04107F061BE002184F83C10BF
:107D800020463168F9F7AAFD396810E0012184F82E
:107D90003C1020467168F9F7A1FD796807E00221DF
:107DA00084F83C102046B168F9F798FDB968204680
:107DB000BDE8F041F9F785BD002220212046FEF7FD
:107DC000BBF902E063E028E02CE001285FD1A06B62
:107DD00000285CD0002220210BE000221F21204639
:107DE000FEF7AAF9012852D1A06B00284FD000223B
:107DF0001F21BDE8F041FEF79FB90A21A06B07F0F3
:107E00009DFDA06B08F05CF8002840D0A06BEEE769
:107E1000A06BBDE8F04107F034BFA06BBDE8F041B6
:107E200007F036BFA06BBDE8F04107F05BBF08F07C
:107E300045F885B2A06B08F048F800782D280FD0DF
:107E40002B28A06B16D0002108F04EF82D21A06B36
:107E500007F074FDA06B691CBDE8F04108F044B860
:107E60000121A06B08F040F8A06B07F03BFF2B212D
:107E7000A06B07E0012108F037F8A06B07F032FF94
:107E80002D21A06B07F05AFD2946A06BE4E7BDE861
:107E9000F081000061626300B001002041424300B4
:107EA00031230000EF808D00EF849C00EF808C0078
:107EB000456E746572000000EFA2A200EF8193008E
:107EC000EF819400EF959A002B2F2D002DE9F041C2
:107ED0000446074690F83D00174EC00708D094F8B6
:107EE0003C0056F820103846BDE8F041F9F7E9BCEF
:107EF000208E400001F054F90546208E420097F88C
:107F00003C0056F82010284601F040FA002007E017
:107F100035F8101021F4007125F81010401C80B2C3
:107F2000218E8142F4D829462046F9F7CAFC28461A
:107F3000BDE8F04101F0BEB9D401002010B50446FF
:107F400090F83C00054951F820102046F9F7C6FC8E
:107F50002046BDE81040FFF7B9BF0000B001002087
:107F600010B50C460020486214F8481F21F0180193
:107F700004F81C19411E2160227F22F0070222779B
:107F800020836083E060C4E90110090C2161616114
:107F900044F8040C14F81C0F022120F0400004F8EF
:107FA0004809204602F0CCF90021204600F038FEB6
:107FB0002046BDE8104001A100F06EBE5465787403
:107FC0000000000010B50146034802F011F9044614
:107FD00002F07CF9204610BD88AA020810B50846B8
:107FE0000C4600F00AF894F84800000702D4606AD2
:107FF00001F060F90020606210BD10B5044690F8F1
:108000004800400603D5A06A08B101F053F994F87E
:10801000480020F0400084F848000020A06210BD15
:108020002DE9FF470E463F4802F09DFD012876D11D
:108030003046FEF73EF804463046FEF778F805462F
:108040002A2C1CD0132C0BD0292C18D02C2C1ED051
:10805000152C64D104B03046BDE8F047F1F7F0B913
:10806000002103F0B0FEB0F9080004B0C11700EB26
:10807000917081103046BDE8F047FEF77DB800F002
:108080009DFD04B02846BDE8F04700F04BBB002141
:1080900003F099FE81460021284603F0ABFE80469E
:1080A0000021284603F0C2FE074695F84800002448
:1080B000C10600D50124800601D544F002042846FB
:1080C00002F0E5FD0021284603F012FFA0F51C5147
:1080D000D13905D1688C400502D441F6FF7002E029
:1080E000284602F0D4FD0097CDE9010443464A46F4
:1080F00003A8696A08F0F8FB3046FEF716F8B0F9F5
:108100000020BDF90C108A4200DD11460180B0F953
:108110000220BDF90E108A4200DD11464180BDE803
:10812000FF87000088AA02082DE9F04F8BB00D00F0
:1081300080465BD0002141F6120203F0A3FD29889E
:1081400041F61002081A60F30F044046002103F0C4
:1081500099FD6988081A60F31F44A14608A94046A2
:1081600002F04DFDBDF82400BDF820100025401A96
:10817000401C00B2D8F8247005902C462946404691
:1081800003F021FE02900021404603F04FFE0090D4
:108190000021404603F02EFE03900298AB465E4657
:1081A000B0F90800079098F84800C10600D50126EC
:1081B000800601D546F002060021404603F098FEF5
:1081C000A0F51C51D13905D1B8F82200400501D4E1
:1081D00046F0040640460021D8F8242001F0ECFFC8
:1081E00082460099079800EB010821E0FEE7002095
:1081F000CDE90006DDE902127819059BEBF758FD81
:10820000044407984FEA2942584482420BDC444A0E
:10821000009469461268384690470A280BD0385DAA
:1082200048B9641C07E008EB0B000FFA80FB2546F9
:10823000785D0028DBD107EB050B4FF00008BAF1A1
:10824000020F03D0BAF1030F16D025E0DDE90223B7
:10825000611B5846009608F0A5FBBDF82410BDF838
:10826000202000EBD070891A491C09B201EBD171B2
:108270004910A1EB60000DE0DDE90223611B5846C7
:10828000009608F08FFBBDF82410BDF82020891A55
:10829000491C081A0FFA80F800208DF81800824651
:1082A000049044BB2BE004AB6A4601A95846EBF7A7
:1082B000E7FCF00706D004981BF8001006A8EBF7BF
:1082C000A1FDC0B9DDE90110009AFEF710F801B276
:1082D0000FFA89F208EB010082421EDB04994A1969
:1082E000A2421AD00AEB0502BA5CB2B1039A8A46DE
:1082F00010440FFA80F804982844A042D3D3094CC4
:10830000584604992268904706462268294638460E
:1083100090470BB03044BDE8F08FCDF810A0EEE7E9
:1083200084020020880200202DE9F74F8AB05FEA1E
:108330000209804664D0D8F8245040462A460021DD
:1083400001F03AFF8346287800285AD007A9404612
:1083500002F055FCBDF82000BDF81C100024401AA6
:10836000401C00B2049026462146404603F02BFDF7
:1083700003900021404603F059FD0690002140463D
:1083800003F038FD02900398A2465746B0F9080062
:10839000059098F84800C10600D50127800601D550
:1083A00047F002070021404603F0A2FDA0F51C5152
:1083B000D13905D1B8F82200400501D447F00407AF
:1083C0004B4A28460B99126890478046A85DA8B38F
:1083D000DDE90510084409900020CDE90007DDE93A
:1083E00002212819049BEBF763FC0644B04526D311
:1083F000A85D18B30998344650440FFA80FAEBE7A9
:10840000FEE70020A9F802005946BBF1010F07D092
:1084100002290AD0BBF1030F04D1404602F037FC19
:10842000A9F800000DB0BDE8F08F404602F02FFC27
:1084300000EBD0704110A9F80010F3E7FFE7B8F1A6
:10844000000F12D005EB080010F8010C0A2801D02B
:108450000D280AD115F8080038B9DDE905010144F5
:1084600001EB0A000FFA80FA44462819CDE90070A2
:10847000DDE90103A8EB0401039A08F093FA05462D
:108480000B98A04202D00298284405B2BBF1020F1B
:1084900003D0BBF1030F16D025E00097DDE90103FF
:1084A000311B039A08F07EFABDF82010BDF81C209D
:1084B00000EBD070891A491C09B201EBD171491047
:1084C000A1EB60000DE00097DDE90103311B039A89
:1084D00008F068FABDF82010BDF81C20891A491C64
:1084E000081A284405B2A9F80050A9F802A099E793
:1084F0007C020020406A7047006C7047C06B704778
:108500002DE9F04117000D46044627D094F84800A5
:10851000000725D4204604F017F8606AE7F70FFF3C
:1085200006463846E7F70BFF8119491C606A00F0E0
:1085300005FF606298B1A5F57F41FF3903D1094974
:108540000968884705463A462946606AEBF730FCD9
:108550002046BDE8F041002100F09EBBFEE7FEE7AB
:10856000BDE8F0818C0200202DE9F04F95B05FEA64
:10857000010A80465FD010A9404602F040FBBDF8DA
:108580004400BDF840100024401A401C00B2D8F846
:1085900024700A9025462146404603F014FC0390BF
:1085A0000021404603F042FC00900021404603F0C9
:1085B00021FC029003980021B0F908000B9040467E
:1085C000D8F8242001F0F8FD834698F84800A14629
:1085D0004E46C10600D50126800601D546F00206AA
:1085E0000021404603F084FCA0F51C52D13A05D18D
:1085F000B8F82210490501D446F004060B990098FA
:1086000001EB0008385DB8B10020CDE90006DDE9D6
:10861000022138190A9BEBF74BFB0B990544BAF979
:10862000022009EB0100824206DD08EB09000FFA87
:1086300080F92C46E6E7FEE74FF00008C146BBF1A3
:10864000020F03D0BBF1030F16D025E0DDE90232A3
:10865000291B3819009608F0A5F9BDF84410BDF89B
:10866000402000EBD070891A491C09B201EBD1718E
:108670004910A1EB60000DE0DDE90232291B381939
:10868000009608F08FF9BDF84410BDF84020891A13
:10869000491C081A0FFA80F800208DF8480008904D
:1086A00004940C90FDB16D1E0498A8421BD804AB35
:1086B0000CAA08A93846EBF7E3FAF00706D00498AD
:1086C000395C12A8EBF79EFB0028EDD1C1460C9A4D
:1086D00008990398FDF70BFE4044BAF9001000B268
:1086E000814216DA04940C9A08990398FDF7FFFD6D
:1086F0000299029B0144BAF90000A9EB0302491C4C
:1087000090420CDB4944884209DC012015B0BDE8E9
:10871000F08F0299049C08440FFA80F8C4E7002007
:10872000F4E700002DE9F04F0446406A99B00028B4
:108730007ED04FF0FF3913A92046C4F8309002F0E4
:108740005EFABDF85000BDF84C10401A401C0FFAFC
:1087500080F80021204603F036FB05460021204624
:1087600003F064FB07460021204603F043FB8246EA
:1087700094F848000026C10600D50126800601D5E0
:1087800046F002060021204603F0B2FBA0F51C5182
:10879000D13904D1608C400501D446F0040600971D
:1087A000CDE9018653462A4615A8616A08F09CF86F
:1087B000204604F027FB94F848004FF6FF7B00F0BA
:1087C00007004FF00008022804D003287ED00128BB
:1087D0007DD0DFE10021204602F0B0FF0604360C18
:1087E00008D1204602F074FAFAF776FE032190FBD6
:1087F000F1F086B26846F7F7A1FD4FF49670009449
:10880000ADF83CB00C900E90BDF85010BDF84C0087
:10881000BDF95420081A401C002701B2914233DAF6
:108820000020891A0790CDE90801DD48014600E0E3
:10883000B3E101902046F7F769FD00210A4620B117
:10884000C16A90F83E00C0F340020A9888420FDDEA
:108850009DF83E000B9120F001008DF83E003AB1EA
:1088600040F002008DF83E000999079807910990A1
:108870003046099A0799F7F7C8FD0A900D906846A7
:10888000F7F7D0FD012705E0C5492046F7F712FDAF
:10889000A4F84480BDF85200BDF84E10BDF9562032
:1088A000401A401C00B290427EDA002F7CD1821A1E
:1088B000B5F908000021101ACDE90810B948079150
:1088C000014601902046F7F721FD01E023E0AEE0EC
:1088D00000210A4620B1C16A90F83E00C0F3400270
:1088E0000A9888420FDD9DF83E000B9120F00100B0
:1088F0008DF83E003AB140F002008DF83E00099933
:108900000798079109903046099A0799F7F77DFD76
:108910000A900D9087E00021204602F00FFF060428
:10892000360C08D1204602F0D3F9FAF7D5FD032121
:1089300090FBF1F086B26846F7F700FD0094ADF8C1
:108940003CB0BDF85000BDF84C100027401A401C48
:10895000BDF9541000B288422CDA20221146284674
:10896000FDF7C5FCBDF9541000EB4000084440423F
:10897000CDE908708A48079701903046099A07990F
:10898000F7F743FD0A9086492046F7F7BFFC00B190
:10899000C06A0A99814206DD0B909DF83E0020F0E6
:1089A00001008DF83E0000E016E06846F7F73AFD5A
:1089B000012705E07A492046F7F77CFCA4F84480BB
:1089C000BDF85200BDF84E10401A401CBDF95610BB
:1089D00000B2884200DA37B172492046F7F76AFCE4
:1089E000A4F84680D6E0B5F9082000201144494299
:1089F0000790CDE908016B480A4601903046079977
:108A0000F7F703FD0A9067492046F7F77FFC00B1AE
:108A1000C06A0A99814206DD0B909DF83E0020F065
:108A200001008DF83E006846F7F7FCFCB2E0BDF8A7
:108A30005200BDF84E10401A401C01B2BDF956005C
:108A4000814209DAB5F90810884205DD5649606AA5
:108A500009688847032802D8C4F82C909AE0BDF82A
:108A60005000BDF84C102E22461A11462846761C9E
:108A7000FDF73DFC5044A0EB80003044ADF8000011
:108A8000BDF85200BDF84E10401A401C00B2ADF8BF
:108A90000200B5F90820D11990FBF1F301FB130195
:108AA0008A42A0EB010004DCADF8020029890844E9
:108AB00000E0C01BADF8020069462046FFF734FB1A
:108AC0008146606AE7F73BFC384A07464946126828
:108AD000606A9047364D069005E02A6806A9606AEC
:108AE0009047A9F101090698C01CB842F5D80025A5
:108AF000DFF8C0B0069EAA46606A06990844DBF813
:108B0000001088472C4A2844C5B2126806A9606A3A
:108B10009047032D07D80698B84204D80AF1010AF5
:108B2000BAF1030FE8D9616A204601EB060A07464D
:108B3000FFF763FA042D12D9681C00F031FBB8620C
:108B400040B32A46514600F021FCB96A01F805807D
:108B500097F8480040F0400087F848000BE097F88D
:108B600048002A4620F0400087F84800514607F1A7
:108B7000280000F00BFC00202E213318626A401CF4
:108B80000328D154F9D3616AF61C09F1030001F8F6
:108B90000680E062204603F0D7FC19B0BDE8F08FF4
:108BA0006D2C0208752C02088C0200207C0200202B
:108BB0008402002074020020780200202DE9F04198
:108BC0000446054690F8480000F00700012823D12C
:108BD000E96A481C20D0114A686AC91E1268904789
:108BE000024694F848100020490601D5A16A06E023
:108BF00004F1280103E00F5C401CF754C0B26E6A18
:108C00001318F75C002FF6D1095C1044315420464C
:108C1000FFF7F3F9781EE862BDE8F0817C020020DE
:108C200070B50D4604461A49F7F744FB194920462A
:108C3000F7F740FB0020A4F84400A4F84600022DFA
:108C40000FD0032D0DD0042D0BD094F8480020F048
:108C5000200100BF01F0070084F84810012805D06A
:108C60000AE094F8480040F02001F3E7E06A401C75
:108C700002D02046FFF7A2FF94F8480065F30200F7
:108C800084F848002046BDE87040FFF74BBD000067
:108C90006D2C0208752C020870B50D46044603F0D1
:108CA00053FC05B9656A606AA8420CD194F8481073
:108CB000090708D4E7F743FB411C606A00F03EFB5C
:108CC0006062D0B9FEE738B194F84810090703D4C0
:108CD00000F0F0FA002161622846E7F730FB401C03
:108CE00000F05EFA606268B12946E7F73DFB94F850
:108CF000480020F0080184F848102046BDE8704084
:108D0000FFF710BDFEE70FB470B504460598F8B143
:108D1000204603F019FC0598D8B1606A002530B1EF
:108D200094F84810090702D400F0C4FA656206A955
:108D30000598EBF782F8606294F8480020F008018B
:108D4000204684F84810FFF7EDFC70BC5DF814FB7A
:108D5000FEE72046F7E7016403F0F6BBC16303F0CA
:108D6000F3BB70B5044690F848000D46000705D4E3
:108D7000606A18B100F09EFA0021616235B194F882
:108D8000480040F0080184F8481065622046BDE8BC
:108D90007040FFF7C7BC00002DE9F0410A4C0746C0
:108DA0000A4D60680E46401CC1006060286800F0F3
:108DB000C5FA286038B1616800EBC10040E902766D
:108DC0000846BDE8F081FEE7E400002040020020F4
:108DD00038B508460C4607F033FA0090BDF800009D
:108DE000A084FF2084F8260038BD000070B5A4B030
:108DF0000D460846FDF75DF90646152807D0162EE4
:108E000005D02946794801F0AEFE01287ED12846DA
:108E1000FDF78DF90446152E78D102A8FBF774FEF4
:108E200002AA0021204603F034FABDF80E00ADF886
:108E300000000098F9F7AEFB0646F9F78BFB0146F8
:108E4000324654F8240FF9F748FE0090BDF80000B0
:108E5000ADF80E00BDF81200ADF800000098F9F76B
:108E600099FB0646F9F776FB014632462068F9F78A
:108E700034FE0090BDF80000ADF812000D98F9F72F
:108E800089FB0646F9F766FB014632462068F9F78A
:108E900024FE0090BDF80000ADF83400BDF82600B7
:108EA000ADF800000098F9F775FB0646F9F752FB9C
:108EB000014632462068F9F710FE0090BDF8000028
:108EC000ADF826000B98F9F765FB0646F9F742FB6B
:108ED000014632462068F9F700FE0090BDF8000018
:108EE000ADF82C00F9F736FBA278BDF80E10ADF8FE
:108EF000001001460098F9F7F0FD0090BDF8000061
:108F0000ADF80E00F9F726FBA27800E06CE0BDF8A2
:108F10001210ADF8001001460098F9F7DEFD009040
:108F2000BDF80000ADF81200F9F714FB0146A27875
:108F3000BDF82600ADF800000098F9F7CEFD0090CE
:108F4000BDF80000ADF82600F9F704FB0146A27851
:108F50000D98F9F7C2FD0090BDF80000ADF834009F
:108F6000F9F7F8FA0146A2780B98F9F7B6FD0090E8
:108F7000BDF80000ADF82C0014F8020FBDF8361053
:108F8000503810FB01F1AF2091FBF0F1ADF8361035
:108F900014F82619BDF83C20503911FB02F191FB61
:108FA000F0F0ADF83C002846FDF789F8054601468B
:108FB00010A801F02DFC0D48119004F114060020BA
:108FC000CDE9120602A914911D9010AA1A2120467B
:108FD000FDF7B2F8324602A92846FBF781FD10AA38
:108FE0001B212046FDF7A8F824B070BDAC6F020825
:108FF000084600210185416280F82A10022101F013
:109000009FB900002DE9F04F87B00D465A4801F096
:10901000AAFD012849D12846FDF74BF80646284607
:10902000FDF785F80446132E33D04FF002082C2E9E
:109030003ED0152E39D107462846FDF740F8834625
:10904000388D3C46002830D0786A00282DD005A9FC
:10905000384601F036FE204602F005F8BDF814103F
:10906000081A06B2204602F005F8BDF81610081AD4
:1090700005B2204601F05DFE82466846FBF706F821
:109080006A460021204603F0B0F800244FF006099C
:1090900063E0002102F01AFC04462846FDF745F87B
:1090A000B0F90010A14200DA048007B0BDE8F08FEB
:1090B0002846FDF73AF80025228D07462E46002A5D
:1090C000F3D00020C4460DE0636A33F92010A942B2
:1090D00000DD0D460CEB8001595EB14200DD0E460D
:1090E000401C80B28242EFD80021204602F0EEFB05
:1090F0002918304439807880D7E7786A30F824100E
:109100003144ADF80C10042101EB8401415A314483
:10911000ADF8101097F82A10C90708EB840121D088
:10912000415AAAEB01002844ADF80E00796A09EB18
:109130008400095AAAEB01002844ADF8120004ABE0
:1091400003AA69465846FAF794FF9DF80900641C83
:1091500020F004008DF80900A4B2388D401EA04212
:10916000CBDCA2E7405A2844ADF80E00796A09EB3F
:109170008400085AE0E70000A4AA020810B5904253
:10918000029C01DB204610BD884201DC184610BD60
:10919000521AE41A401A604390FBF2F0184410BDD2
:1091A00010B588B038B101460748406807F030FA7A
:1091B000040003D005E0044808B010BD684600F084
:1091C00095F82046F8E700005402002070B500240E
:1091D000084E254656F8340038B100F06BF806EB1F
:1091E000C40046F8345085718580641CE4B2102CAC
:1091F000F0D370BD2CB800202DE9F04105000BD054
:109200000022224C4FF0FF30012600BF04EBC201C8
:109210008B79DB0703D014E00020BDE8F08189885A
:10922000A9420ED305D104EBC200867154F8320076
:10923000F3E7002804DB04EBC0039B88994200D2CB
:1092400050B2521CD2B2102AE0D3002805DB04EB46
:10925000C0018E7154F83000DFE7002704EBC7002F
:109260008079C00704D07F1CFFB2102FF6D3FEE731
:1092700054F83700294600F061F830B104EBC7011B
:109280008E718D8044F83700C7E7FEE72CB80020C8
:10929000074A002152F83130834204D102EBC10168
:1092A000002088717047491CC9B21029F2D3704759
:1092B0002CB800200549884206D0002804D0014679
:1092C0000248406807F076B9704700005402002059
:1092D00010B54FF44041034807F05EF90249486079
:1092E00010BD00009CB900205402002010B50446B7
:1092F0001C22002100F0F6F80E48406807F085F9BE
:1093000022460D4907F004FA4FF440412160A0685D
:1093100064224243B2FBF1F1C1F16401217638B11C
:10932000E16864225143B1FBF0F0C0B2C0F16400C7
:10933000607610BD540200206D93010810B539B15C
:10934000094A904208D1BDE810400846FFF728BFFF
:10935000FFF7B0FF044810BD0A46014602484068C6
:10936000BDE8104007F067B9540200201AB118692F
:10937000401C186170475868401C58609868084441
:109380009860D8688842F5D2D960704730B500F04F
:10939000030401F003050346A54243D14EE00C78D7
:1093A0001C704C785C708C789C70CC78DC700C797C
:1093B0001C714C795C718C799C71CC79DC710C7A64
:1093C0001C724C7A5C728C7A9C72CC7ADC720C7B4C
:1093D0001C734C7B5C738C7B9C73CC7BDC730C7C34
:1093E0001C744C7C5C748C7C9C74CC7CDC740C7D1C
:1093F0001C754C7D5C758C7D9C75CC7DDC750C7E04
:109400001C764C7E5C768C7E9C76CC7EDC760C7FEB
:109410001C774C7F5C778C7F9C77CC7FDC7720310E
:10942000203A2033202ABAD805E000BF11F8014BBA
:1094300003F8014B521E002AF8D130BD4CB3C4F1E1
:10944000040405E011F8015B521E03F8015B641E81
:10945000FCB1002AF6D11CE010C9203A10C310C993
:1094600010C351F8084B43F8084B51F8044C43F82B
:10947000044C51F8104B43F8104B51F80C4C43F886
:109480000C4C51F8084C43F8084C51F8044C43F884
:10949000044C202AE0D802E010C9121F10C3042A8D
:1094A000FAD804E011F8014B03F8014B521E002AD0
:1094B000F8D130BD10B5034605E000BF11F8014BEF
:1094C00003F8014B521E002AF8D110BD10B5034617
:1094D00005E000BF11F8014B03F8014B521E002AB2
:1094E000F8D110BD10F0030309D0C3F1040303E069
:1094F000521E00F8011B5B1E0BB1002AF8D101EBD4
:10950000012303EB014303EB01630EE008C0203AA3
:1095100008C040F8083B40F8043C40F8103B40F8D5
:109520000C3C40F8083C40F8043C202AEED801E00E
:1095300008C0121F042AFBD803E000BF00F8011B7B
:10954000521E002AFAD1704710F003034FF00002B8
:1095500019D0C3F1040303E0491E00F8012B5B1E80
:109560008BB10029F8D1704704C0203904C040F8FD
:10957000082B40F8042C40F8102B40F80C2C40F835
:10958000082C40F8042C2029EED801E004C0091F63
:109590000429FBD803E000BF00F8012B491E002975
:1095A000FAD1704710F003024FF0FF030AD0C2F166
:1095B000040203E0491E00F8013B521E12B10029CB
:1095C000F8D170474FF0FF320EE004C0203904C0DC
:1095D00040F8082B40F8042C40F8102B40F80C2CD5
:1095E00040F8082C40F8042C2029EED801E004C0F3
:1095F000091F0429FBD802E000F8013B491E00299D
:10960000FAD17047826C8A4206D0426B8A4205D1F9
:1096100090F86100012801D80120704700207047B0
:109620002DE9F0410446FCF744FD07283FD12046D0
:10963000FCF77DFD05462046FCF77BFD0446406BAC
:10964000A84202D0A06CA84231D194F8600084F8FE
:10965000610029462046FFF7D5FF002827D104F1F5
:1096600054063046EAF765F8074601463046EAF701
:1096700072F805001BD039463046EAF7C4F8384680
:10968000FFF718FE14F8600F2946401E2070304680
:10969000EAF7B9F82078401E04F8600920462968E6
:1096A00000F030F92846BDE8F041FFF703BEBDE801
:1096B000F08110B504465430EAF725F8002084F80C
:1096C000600010BD2DE9F04149480C460168204674
:1096D00003F097FE0021204603F060FE94F862003C
:1096E000002520F00E0084F86050C0B284F861506C
:1096F00020F0010084F86200042104F15400EAF72C
:1097000035F8204600F0AEFE0121606200F054FA08
:10971000E5636564A564E56421463648256400F088
:1097200067FD064600F0D2FD42F264073946304636
:1097300003F050FE0121304603F040FE0121304687
:1097400003F02CFE4FF480484146304600F034FAD6
:109750000221304600F0F4FD264831461C30A66256
:1097600000F046FD064600F0B1FD42F2D1723946E6
:10977000304603F016FF0021304603F00FFE0223AF
:109780001A460021304603F0EDFD0221304600F07C
:10979000D7FD4146304600F00FFA30462663F7F712
:1097A00043FD064623460722134900F0C7F9414608
:1097B000304600F001FA0021304603F0EFFD30465C
:1097C0006663FDF7CBFA0DA1FDF7D8FF206BFEF71E
:1097D000F9FB0646012100F0EFF9E5622346A66396
:1097E0002565BDE8F0411C220549184600F0A6B9E0
:1097F00038010020C470020821960108EF8193000F
:10980000D599010810B50C460021204603F0C6FD8D
:1098100002231A460021204603F0A4FD2046BDE89D
:109820001040022100F08CBD01F15400E9F76BBF3C
:1098300010B50C46084601F0BDFA416A204603F017
:10984000FFFD0121204603F0A9FD02231A46002155
:10985000204603F087FD2046BDE810404FF48041CC
:1098600000F0AAB910B5486A0C46002803D0FFF7EB
:1098700021FD0020606210BD10B50446006B002879
:1098800033D0E16A002930D094F86210C1F341016D
:1098900011B3012902D0022908D11CE0002102F0F5
:1098A000C3FF0021D4F82C0003F088FD206B03F0E7
:1098B00026F9E06A03F023F9206B04F025F8206B09
:1098C00001F0CBF90028206B4FF0010109D0BDE871
:1098D000104000F035BD012102F0A6FF0121E06A31
:1098E000E2E7BDE8104000F067B910BD10B50C46C6
:1098F0000121204603F052FD2046BDE81040022120
:1099000000F01EBD70B50446C06A0D4610B1616A14
:1099100003F096FD75B104F15400E9F72FFF0560DF
:1099200094F86000401C84F860002846A16A03F0A7
:1099300087FD02E02046FFF7BCFEE562206D48B1DE
:10994000216C00294FF0010102D000F068F901E01C
:1099500000F030FD206CD0B194F86200C10711D046
:109960000007A06C4FF0010106D500F0E9FC0221D0
:10997000A06C00F021F905E000F01EF90221A06CB6
:1099800000F0DEFC94F86000022808D210E094F8A1
:109990006000022803D294F86200000708D5012174
:1099A000606B00F0CDFC0221606B00F005F907E070
:1099B0000121606B00F000F90221606B00F0C0FC37
:1099C00000221C212046FCF7B7FB2046BDE8704072
:1099D000FFF752BF10B5FCF7ACFB0446C06A78B184
:1099E000A26B6AB1416A39B11046FFF755F90121FE
:1099F000A06B00F0A5FC03E00121104600F0DCF8AC
:109A0000206C002813D0E26C002A10D0416A41B1CA
:109A10001046FFF741F9E06CBDE81040012100F06D
:109A20008FBCBDE810400121104600F0C5B810BD44
:109A300010B50C46242104F12400E9F797FE04F147
:109A40003000BDE810401C21E9F790BE10B50C466F
:109A500001F13000E9F757FE04F12400BDE81040A1
:109A6000E9F751BE2DE9F04397B00D46324801F0B9
:109A70007AF801285DD12846FCF71BFB06462846EC
:109A8000FCF755FB0446152E53D12846FCF717FB6F
:109A900081466946204601F0B2F86A4649462046AA
:109AA000ECF798FA6A4649462046F2F74DFA6A46BC
:109AB00049462046F0F7B8F9BDF80400BDF800109B
:109AC000401A401C00B200EBD07040100E18BDF8D8
:109AD00002100D1804A8FBF717F84FF4003804AA79
:109AE0004146204602F0D5FB204641F201024146A4
:109AF00002F0C8F800B200EBD0704710204641F2E7
:109B00000402414602F0BEF800B200EBD070F11B37
:109B10004010ADF85410291AADF85610F119ADF8EF
:109B200058102844ADF85A0015AA04A94846FAF777
:109B3000D7FF17B0BDE8F083187102082DE9F04196
:109B40001D4616460F46044600F040FAA068817E86
:109B5000491CC9B28176A06801EB41018900C06847
:109B6000FFF7ECFBA168C860A16820B3897E6FF0A5
:109B7000030301EB41026FF00B0101EB82028750FE
:109B8000A068C268807E00EB400003EB80000B1DE4
:109B90001654A068C268807E00EB400003EB800092
:109BA0001550A068C268807E00EB400001EB800089
:109BB0001044BDE8F081FEE77FB50C46054602F093
:109BC00025FD0646E00702D0284602F0BDFCE86904
:109BD0002043E861E00702D0284602F0B5FC2846A1
:109BE00002F014FDB04202D114F0C07F07D0284625
:109BF00001F0E0F802F043FD284602F040FDE006E7
:109C00000CD502AA6946284601F03CFA6946284666
:109C100002F0CEFC02A9284602F0CAFC7FBD028CED
:109C200011438A4201D003F0C7BC70472DE9F047C9
:109C3000174688464FF6FF79044600234A463946C0
:109C40000BF0E2FC618C00250426C1F3C502E0683C
:109C500009E000BF06EBC503C3585FEA831C01D4CB
:109C6000DB0102D56D1CAA42F4D84FF0806202EBF2
:109C700071214FEAF1516184C1F3C501C900FFF7B9
:109C80005DFBE060608C6FF00702C0F3C50009E087
:109C9000E16802EBC00C01EBC0036144D1E900C1F3
:109CA000C3E900C1401EA842F2D8E068082100EBD9
:109CB000C500FFF749FCE16841F83580E06806EB34
:109CC000C501425867F3170242504A4639462046BA
:109CD000BDE8F04703F0AEB870B516461D46044621
:109CE000002203F063FD2A4631462046BDE870405D
:109CF00003F015BC2DE9FF4F81B0934688460198CB
:109D000003F002FEB8F1000F03D1019801F052F800
:109D1000804600242546019801F04CF88146002138
:109D200001F06EFD06460021484601F08CFE3044ED
:109D30000FFA80FA0021484601F049FF304400B292
:109D400000900021404601F05BFD064600214046A0
:109D500001F079FE304407B20021404601F037FFA0
:109D6000304406B2BBF1000F0FD0BBF1160F34D256
:109D7000DFE80BF0D51123343F4454676913828721
:109D800097A1A6B5BFC5CBD1FDFC0021404601F08F
:109D9000EEFC012822D03C461EE0404600F077FF52
:109DA0000246019802F0B9F8014602EBD270401069
:109DB00001EBD171A0EB61004DE0404600F067FF80
:109DC0000246019802F0A9F802EBD271491000EBAB
:109DD000D070A1EB600009E03546A0E0404600F0FD
:109DE00056FF0246019802F098F8101A384404B25F
:109DF000F2E73C461CE0304405B290E0404600F0FB
:109E000046FF0246019802F088F8014602EBD27044
:109E1000401001EBD171A0EB610007E0404600F07B
:109E200036FF0246019802F078F8101A384404B25E
:109E3000404600F012FF0246019800F07AFF101A27
:109E4000D9E73C4609E0404600F021FF0246019870
:109E500002F063F8101A384404B2404600F0FDFEE8
:109E60000246019800F065FF02EBD271491000EB49
:109E7000D070A1EB6000BEE7019800F05AFF4042AD
:109E8000BAE7404602F049F80246019802F045F868
:109E9000014602EBD270401001EBD171A0EB6100E2
:109EA00007E0404602F039F80246019802F035F822
:109EB000101A04B2E0E7404600F03BFF05462EE0F2
:109EC000404602F02AF80246019802F026F802EB1A
:109ED000D271491000EBD070A1EB600007E0404662
:109EE00002F01BF80246019802F017F8101A04B2AB
:109EF000E1E7019802F011F8404204B20FE0019846
:109F000002F00BF8404204B241E0019802F005F87B
:109F1000404204B24EE0404601F0FFFF04460021FB
:109F2000484601F024FC012848464CD000F0C8FF08
:109F3000B8F8142004990A44B9F81410511A0144CD
:109F4000A1EB0A00204404B2484601F085F8B8F8B5
:109F500016200E990A44B9F81610511A01440098B7
:109F60000022081A284405B2012101E01EE00AE09F
:109F7000019803F01BFC019805B02A462146BDE874
:109F8000F04F03F0CCBA404601F0C7FF044640460C
:109F900000F0CFFE0246019800F0CBFE02EBD2713A
:109FA000491000EBD070A1EB600025E7404601F0BE
:109FB000B4FF0446404600F0BCFE0246019800F0A3
:109FC000B8FE101A18E700F0DBFFB1E710B5044641
:109FD0008068002813D10B484168491C41601C204F
:109FE000FFF7DEF8A06058B11C21FFF7ADFAA168B9
:109FF0000F204876A068017E41F00301017610BD74
:10A00000FEE70000DC0000202DE9FC410E4605467D
:10A01000012101F0CBFFE0BB284600F0CFFE044653
:10A0200000F056FE0746F9F799FAA0420ED03846DE
:10A03000F9F79CFAA04209D03846F9F77DFAA04218
:10A0400004D03846F9F770FAA04232D14FF4002715
:10A050003946284601F0AAFF28BB2846E9F715FC37
:10A06000044605F114016846F6F747FEBDF8000006
:10A07000001BADF80000BDF80200001BADF80200A7
:10A08000BDF804002044ADF80400BDF806002044EB
:10A0900000E00EE0ADF8060031466A460846E8F7F3
:10A0A000F7FA002806D0284614E0012101F07EFFCF
:10A0B00010B10020BDE8FC813946204601F076FF52
:10A0C00038B9314604F114020846E8F7E1FA0028ED
:10A0D000F0D0204600F06EFE0400E6D10120E9E752
:10A0E0002DE9F0410E460746002501F055FE04001B
:10A0F00035D03146384601F041FE02282FD904EB15
:10A10000D470012101EB60043146384601F03DFE78
:10A1100020440FFA80F83146384601F021FE04460B
:10A120003146384601F023FE002C01DD214600E0D7
:10A130006142002801DD024600E04242914205DD15
:10A14000002C01DD204604E0604202E0002800DC33
:10A150004042404400B2002800DA28460546314615
:10A16000384601F0EBFB04000ED03146384601F0D2
:10A17000D7FB022808D93146384601F0D8FB2044E5
:10A18000A84200DB05462DB23846314640F60A02A9
:10A1900001F078FD04B23846314640F60B0201F07A
:10A1A00071FD00B2844200DC0446002C01DD281958
:10A1B00005B22846BDE8F08170B50D46064641F26D
:10A1C0005D4201F05FFDC4B23046294641F26A4269
:10A1D00001F058FD04B90124204670BD002803D0C9
:10A1E0000068884201D101207047002070470000BC
:10A1F0002DE9F0410D4607460026334900E000688E
:10A20000B8B182690A42FAD08069C0F30F10804663
:10A21000FEF7C6FF041E4BD04146FFF795F9C4E98F
:10A2200000754FF001086FF0030725B1A86848B327
:10A230002BE03046EBE7F9F749F9051E38D0EA681C
:10A24000C2B1686A401C810068621046FFF776F868
:10A25000E860696A07EB81014450A682E68200202B
:10A26000F9F74CF9401E20830020F9F78DF9401EC4
:10A2700060831CE00420FEF793FFE8600460C5F8EB
:10A280002480EAE72846FFF7A1FEA868016889B1A3
:10A290004168491C4160A86889000068FFF74EF8D2
:10A2A000A9680860A968496807EB81014450204605
:10A2B000BDE8F0810420FEF773FFA9680860046020
:10A2C000A968C1F80480F2E7F0FF0F0070B50546F9
:10A2D00002F0D5F9002000F0A3FA284605F038FF77
:10A2E000284600F06FF8012000F09AFA4FF6FF724E
:10A2F0004FF47021284602F09DFD284602F082FDB1
:10A30000FCF73AFB030007D0284602F070F918B1B9
:10A3100029461846FCF7A2FA284600F04BFD040037
:10A320000DD02A462221FBF707FF2A46232120468B
:10A33000FBF702FF2846BDE8704002F005B970BD8A
:10A340007FB50C46064602F061F90546E0060CD5DD
:10A3500002AA6946304600F095FE6946304602F092
:10A3600027F902A9304602F023F9F069A043F06111
:10A37000E0070ED0304602F0E7F8304602F046F92A
:10A3800038B1304600F016FD02F079F9304602F09F
:10A3900076F9304602F03AF9A84202D114F0C07FB3
:10A3A00007D0304600F006FD04B0BDE8704002F072
:10A3B00066B97FBD028C22EA01018A4201D003F016
:10A3C000FBB8704770B504680546206818B128606E
:10A3D0002846FFF7F7FF2C6062682046002A03D06A
:10A3E0002946BDE87040104770BD00002DE9F041DE
:10A3F0004D680C46FDB1284600F062FD0646284631
:10A4000000F02AFE07462846002141F6100201F01E
:10A4100039FCE98A41F612020844C01BE082401E62
:10A4200060832846002101F02DFCA98A0844801B86
:10A43000A082401E208341F20200E061002D06D080
:10A4400043F20200C4F81C0043F20230E06140F025
:10A45000740040F40060E06102D040F40040E0612C
:10A46000BDE8F08110B501460348FFF7C1FE044680
:10A47000FFF72CFF204610BD106A020870B5054694
:10A4800002F062F8284600F095FC040001D002F0CA
:10A490003DFF2846A4B107F00AF80021204602F04B
:10A4A00005FA204602F032FF002222212046FBF767
:10A4B00043FE2046BDE8704000222421FBF73CBE4D
:10A4C00000F006FC040007D02069A842284604D109
:10A4D00006F0EDFF0020206170BDBDE8704006F081
:10A4E000E6BF000070B50C460846E8F7F9FA002010
:10A4F00000F096F92046144A002102F019FD0120CF
:10A5000000F08EF900212046F5F7D4FE204600F039
:10A510000BFC10B12046FCF759FAA068002811D0B6
:10A520000068002518B1FEF7C5FEA0680560A068A8
:10A53000C06818B1FEF7BEFEA068C560A068FEF74F
:10A54000B9FEA56070BD0000FFFF0F002DE9F047C8
:10A55000A2B08046FBF7ADFD06464046FBF7E7FD9F
:10A56000012700240546122E72D0DFF8A092152E86
:10A570006CD0182E7AD14046FBF7A1FD82460146E9
:10A580002846F0F7AFF90021284601F063F950B1F1
:10A5900005F59070FAF77CFA060004D0F9F75CFF35
:10A5A0003046FEF775FE0021284601F021F900280B
:10A5B0005CD002A8FAF7A8FA8DF80B408DF822407B
:10A5C0008DF832408DF83E4002AA0021284601F065
:10A5D00060FE0021284601F05AFC804600212846F2
:10A5E00001F047FC064605F114016846F6F77CFBCE
:10A5F000BDF80010A1EB0800BDF80410ADF8000094
:10A6000001EB0800ADF80400BDF802005146801BC4
:10A61000ADF80200BDF806003044ADF8060010A801
:10A6200000F0F6F802A8149068461D94CDE9127067
:10A63000CDF8449010AA1A212846FBF77DFD6A4602
:10A6400002A95046FAF74CFADAE001E05BE00DE0CF
:10A650004046FBF76AFD06460078022806D0002136
:10A66000284601F0F7F820B10220307022B0BDE892
:10A67000F0870021284601F06DFB82460021284624
:10A6800001F005FC81460021284601F0F2FB8046DE
:10A6900005F114016846F6F727FBBDF80010524695
:10A6A000A1EB0900BDF80410ADF8000001EB0900B2
:10A6B000BDF80210ADF80400A1EB0800BDF80610CB
:10A6C000ADF8020001EB0800ADF8060069467068BD
:10A6D000E8F706F898B10021284601F07DF8FD283A
:10A6E0000DD328460021682201F0CCFA10F0FF0FAC
:10A6F00005D10021284601F0FEF8FD2801D237706F
:10A70000B4E73470B2E74046FBF7D9FC804602A8B4
:10A71000FAF7FAF90021284601F06AF828B19DF805
:10A720002B0040F001008DF82B0002AA00212846E2
:10A7300001F0AFFD0021284601F0A9FB06460021EB
:10A74000284601F096FB074605F114018A46684643
:10A75000F6F7CAFABDF800004146801BADF80000CC
:10A76000BDF804003044ADF80400BDF80200C01B81
:10A77000ADF80200BDF806003844ADF8060010A898
:10A7800000F046F802A814906846CDE91240CDF8D2
:10A79000449010AA1A2128461D94FBF7CDFC0021F5
:10A7A000284601F057F830B1BDF8080018B1069EF0
:10A7B0000127069401E0069E00276A4602A940464A
:10A7C000FAF78EF9E7B11820FEF716FD0746BDF936
:10A7D000082000235146FAF7C7F805F5907138466E
:10A7E000F9F776FC66B18DF80B408DF82A408DF8AC
:10A7F00032408DF83E406A4602A94046069621E75F
:10A8000010AA1B212846FBF797FC2FE7106A0208C5
:10A8100070B50D4604464821FEF796FE256070BDD2
:10A820000149087070470000EC0000202DE9FF414D
:10A8300088460846FBF73DFC04464046FBF73DFCD6
:10A840000546012C21D0082C21D0032C3CD02A2CE9
:10A850003CD00D2C4AD00E2C7ED0092C7DD00A2C59
:10A860007CD00F2C7BD0292C7AD0222C79D0132CA1
:10A8700078D0152C03D0182C01D0122C34D104B070
:10A880004046BDE8F041FFF761BE2021F9E02021FC
:10A89000FFF790FD4046FBF748FCFDF798F80028CD
:10A8A00022D10821284601F081FB00281CD095F810
:10A8B00020004FF00101C007284602D0FFF77AFDC3
:10A8C00030E0FFF7ACF92DE02021F7E000F073F95C
:10A8D0000646002406E0A868006850F8240001F04D
:10A8E000CEFE641CB442F6D3BDE8FF81082101F01E
:10A8F0005DFBF8B14046FBF718FC0478132C06D03A
:10A90000112C04D0142C07D0122C05D008E0012102
:10A910002846FFF784F903E001212846FFF74AFDA6
:10A920000A2CE1D004B02846BDE8F04100221C21E9
:10A93000FBF702BC4FF40161284601F037FB002809
:10A94000D2D0284601F046FE0028CDD10027284667
:10A9500000F0B6FA064606E069E091E096E0ACE069
:10A96000B1E0CDE0F0E0284600F00AFB04464046A6
:10A97000FBF7DBFB007812281BD011280CD0132822
:10A980002BD01428B0D1284600F072FA800703D0EB
:10A99000002E38DC002C36DC284600F0CAF90446CC
:10A9A000284600F067FBE11704EB9171A0EBA100D2
:10A9B0000BE0284600F0BDF90446284600F05AFB9B
:10A9C000E11704EB917100EBA10001B204B03A462B
:10A9D0002846BDE8F04102F083BC284600F048FA62
:10A9E0008007E6D0002E01DC002CE2DD284601F0D5
:10A9F00094FA0446284600F036FBE11704EB917107
:10AA000000EBA1000BE0284601F087FA0446284637
:10AA100000F029FBE11704EB9171A0EBA10001B25A
:10AA200004B03A462846BDE8F04102F043BC4FF47A
:10AA3000806101F0BBFA18B10121284602F01DFC2B
:10AA4000284600F071F9FBF79DFF06460224FCF74B
:10AA500089FF10B94046FBF743FBFCF7C4FF02280F
:10AA600001D0042800D106241EB144F00801284674
:10AA700007E021462846FFF7D2F8082128461DE0C6
:10AA8000402104B0BDE8F041FFF7C9B84021FFF70D
:10AA900091FC284600F01EFE02287FF425AF02AA92
:10AAA0006946284600F0EEFA6946284601F080FD26
:10AAB00002A9284601F07CFD16E70E2104B0BDE88E
:10AAC000F041FFF777BC002100F02AFE0446002188
:10AAD000284600F0EDFE204302D0284601F0CFFDCD
:10AAE000284600F068F80646002406E0A8680068DA
:10AAF00050F8240001F0C3FD641CB442F6D3F3E621
:10AB0000002141F2010201F0BDF806B22846002101
:10AB100041F2040201F0B6F804B20021284600F028
:10AB2000FFFD07460021284600F0C2FE384305D14C
:10AB300042F2D170864201D08442BDD104B0284691
:10AB4000BDE8F04101F09BBD4046FBF7EEFA04463C
:10AB500000212846FFF7C4FAB4F90010814200DD55
:10AB600008462080C0E610B50C4600B96068006851
:10AB700068B101690029FAD00021E160026921462B
:10AB80009047217E0120C90700D0002010BD012080
:10AB900010BD8068002809D0002902DA42685118E7
:10ABA00003D443680A468B4201D8002070470068EE
:10ABB00050F8220070478068002800D04068704735
:10ABC00070B50C46054600F114012046F6F795F8DD
:10ABD000A868002812D02188808A081A2080A968D5
:10ABE000A088898A0844A080A9686088898A401A58
:10ABF0006080A968E088898A0844E08070BD70B5EB
:10AC00000C460546002100F0FBFD0646214628467D
:10AC100000F057F8704202B211462046F6F705F9E7
:10AC20000021284600F00FFF2188084420800021E1
:10AC3000284600F063FFA188081AA080002128465A
:10AC400000F0C5FF6188084460800021284600F0BC
:10AC500083FEE188081AE08070BD70B504460021CB
:10AC600000F0B5FF05460021204600F075FE0646BF
:10AC70000021204600F0C4FD0246204600F059F8AD
:10AC8000401B801B514200EB410000B270BD70B50B
:10AC90000446002100F0D7FE05460021204600F0C2
:10ACA0002DFF06460021204600F0AAFD0246204660
:10ACB00001F033F9401B801B514200EB410000B210
:10ACC00070BD0A4600F114011046F6F716B80000F0
:10ACD00010B5416809B100F071F804460A48E8F778
:10ACE00028FD0EE00021426A05E0C36853F82130D8
:10ACF000A34208D0491C8A42F7D801460248E8F727
:10AD00002AFD0028EED110BDACB7002080680028D5
:10AD100003D0827E8A4201D800207047C06801EBD0
:10AD2000410100EB810070478068002800D08068F6
:10AD30007047418BC08A081A401C00B2704770B53A
:10AD4000064600F037F8050001D000240AE0002094
:10AD500070BD21462846FFF71CFFB04201D12046B6
:10AD600070BD641C2846FFF726FFA042F1D84FF0C3
:10AD7000FF3070BDF0B4468C00240425C6F3C50630
:10AD800013E000BFC76805EBC40C57F80C705FEA0E
:10AD9000C71C09D527F07F479F4205D1C06850F8EE
:10ADA0003400F0BC03F0C6BF641CA642EAD8F0BC75
:10ADB00000207047002800D04068704700B5014669
:10ADC000FFF7F8FF0028FAD1084600BD2DE9F0474B
:10ADD000DFF8948006464446FFF7EDFE074600255F
:10ADE000DFF888A00EE0B0685146006850F82500F2
:10ADF000814601F0E2F820B9B9F91A00A04200DB5F
:10AE000004466D1CBD42EED30021304600F0E6FE44
:10AE100081460021304600F0A6FD0746002130465D
:10AE200000F0F5FC0546444504D0708BC01B401B68
:10AE3000201A04B2304600F055FC80463046FFF739
:10AE400078FFA0EB0900C01B694200EB4101A8EBB1
:10AE50000101304600F00EF9081A00B2844200DD0C
:10AE60002046BDE8F087000001E0FFFF010004007C
:10AE7000806818B1407E00F00F0070470F207047C7
:10AE800070B50C4605460C49F5F740FA10B1406A1A
:10AE9000404202E0284600F0E6F8208007492846B4
:10AEA000F5F734FA10B1406A404202E0284600F05B
:10AEB000E1F8608070BD0000392B0208512B0208B8
:10AEC0002DE9F84F0646002100F058FC012807D074
:10AED000B068002802D0008A404200B2BDE8F88F76
:10AEE0000021304600F011FE00900021304600F0B5
:10AEF000B1FD81460021304600F089FC804641F6D4
:10AF0000FF7A54463046FFF756FE074600250EE00E
:10AF1000B0681949006850F82500834601F04DF8E3
:10AF200020B9BBF91400A04200DC04466D1CBD42F0
:10AF3000EED3544506D0B28A09EB08001044001B3A
:10AF400004B200E00D4C304600F0DAFB0546304616
:10AF500000F0E3FF0099411AA1EB0901C8F10000DC
:10AF600001EB4000291A304600F07DF8084400B299
:10AF70008442B3DD2046B1E70100040001E0FFFF99
:10AF80002DE9F0470646002100F0F8FB01280AD021
:10AF9000DFF8A08030464446FFF70DFE0746002547
:10AFA000DFF894A015E0B068002801D0B0F91000D7
:10AFB000BDE8F087B0685146006850F8250081462A
:10AFC00000F0FBFF20B9B9F91800A04200DB0446ED
:10AFD0006D1CBD42EED30021304600F096FD0746C1
:10AFE0000021304600F036FD81460021304600F059
:10AFF0000EFC0546444504D0308BC01B401B201A74
:10B0000004B2304600F07CFB8046304600F085FFFD
:10B01000C11BA1EB0900694200EB4101A8EB010152
:10B02000304600F020F8081A00B28442C0DD204605
:10B03000BEE7000001E0FFFF010004008068002877
:10B0400002D0007EC0F3810070478068002802D0E3
:10B05000007EC0F3011070478068002802D0408A4B
:10B06000404200B270478068002802D0008A404207
:10B0700000B270478068002802D0408A404200B287
:10B08000704700002DE9F04F91B016460C464FF086
:10B09000FF37054600223B46114620460097F5F74C
:10B0A000DEFE00223B46114630460097F5F7D7FEFC
:10B0B0001021284600F07AFF002816D0284600F01C
:10B0C00009FB070011D00020FCF752FC8046022F3C
:10B0D00008D010E0FCF77BFCA84209D04046FCF702
:10B0E00047FC8046B8F1000FF4D111B0BDE8F08FF5
:10B0F000B8F1000FF9D02846FFF7AEFF05902846BB
:10B10000FFF764FE0C902846FFF7DAFE0A90284607
:10B11000FFF736FF08902846FFF7AAFE8146002079
:10B1200019F00C0F009014D0012F10D0032F02D073
:10B13000022F07D00DE00598002808DC0C980028A5
:10B1400005DC06E04046FCF733FC0C2801D1012069
:10B150000090002009905FEA897014D0012F10D070
:10B16000032F02D0022F07D00DE00A98002808DC38
:10B170000898002805DC06E04046FCF719FC032887
:10B1800001D101200990009909980843ADD04FF4EE
:10B1900080373946284600F0F1FA012800D0002017
:10B1A0000E903946284600F019FD0690394628468B
:10B1B00000F0D9FB0F903946284600F04BFC804642
:10B1C0003946284600F0A1FC8146284641F201029A
:10B1D000394600F057FD0FFA80FB2846FFF7A9FD1E
:10B1E0000490284600F099FE0390009800B158465C
:10B1F0008246099800B158461090284639462122C7
:10B2000000F040FDC0B2022808D22846394631225B
:10B2100000F038FDC0B20228FFF467AFDDE9040199
:10B2200001440C98A027084400B20B900098002815
:10B2300070D00B980028FBD0E88A7080688BF08073
:10B240000E9840B1A98A01EB08003080ABF10101F2
:10B250000844B08007E0298BA1EB0900B080A0EB87
:10B260000B00401C308006990498411A0F98091A67
:10B270001098081A0499009048430B9990FBF1F03C
:10B2800000B205900020F8F727F900EB800150206C
:10B2900000EB4100B0F5A07F0ADB0020F8F71CF9B5
:10B2A00000EB8001502000EB410090FBF7F000E044
:10B2B00001200599884201DA084616E00020F8F7D7
:10B2C0000BF900EB8001502000EB4100B0F5A07FAE
:10B2D0000ADB0020F8F700F900EB8001502000EBBA
:10B2E000410090FBF7F000E00120009900B2091A3C
:10B2F0000AB2049B0B99C91A09B200290BDCE98A2E
:10B30000069808447080698B0F98091A1098081ADB
:10B31000401EF08090E00C9B12FB03F393FBF1F1D5
:10B32000511A069AEB8A1144194409B2401E7180E1
:10B330000844F080B5F9162006981044814238DAA6
:10B3400070800020F8F7C8F800EB8001502000EB77
:10B350004100B0F5A07F0ADB0020F8F7BDF800EB54
:10B360008001502000EB410090FBF7F000E001204D
:10B37000B6F902100844B6F90610884219DD00201B
:10B38000F8F7AAF800EB8001502000EB4100B0F57F
:10B39000A07F0ADB0020F8F79FF800EB8001502027
:10B3A00000EB410090FBF7F000E0012071880844B9
:10B3B000F080B5F91A201098B6F90610121A0F98F5
:10B3C000101A814238DDF0800020F8F785F800EB94
:10B3D0008001502000EB4100B0F5A07F0ADB002087
:10B3E000F8F77AF800EB8001502000EB410090FB69
:10B3F000F7F000E00120B6F90610081AB6F90210BD
:10B40000884219DA0020F8F767F800EB8001502035
:10B4100000EB4100B0F5A07F0ADB0020F8F75CF8F4
:10B4200000EB8001502000EB410090FBF7F000E0C2
:10B430000120F188081A70800A990398014408983D
:10B44000084400B20490099800283FF44EAE0498D6
:10B450000028FAD0698B0F98081AE080A0EB0B0047
:10B46000401C6080A88A2080288BA0800399A1EBD3
:10B470000801A1EB0901A1EB0A00039900904843E0
:10B48000049990FBF1F000B202900020F8F724F844
:10B4900000EB8000502606EB40004FF4A07B58459F
:10B4A00009DB0020F8F718F800EB800006EB4000FD
:10B4B00090FBF7F000E001200299884201DA08468B
:10B4C00013E00020F8F708F800EB800006EB4000DE
:10B4D000584509DB0020F7F7FFFF00EB800006EB83
:10B4E000400090FBF7F000E00120009900B2091A3B
:10B4F0000AB2DDE90331C91A09B2002916DCA98AAA
:10B500000E9840B14144AAF1010008442080298BE3
:10B51000A1EB090008E001EB08002080298BA1EBDA
:10B520000901A1EB0A00401EA080DEE5089B12FB8A
:10B5300003F393FBF1F1511A0E9A09B2EAB3AA8A06
:10B54000401E531808EB0A02991809B221800844DA
:10B55000A080B5F914001044884233DD208000201B
:10B56000F7F7BAFF00EB800006EB4000584509DB17
:10B570000020F7F7B1FF00EB800006EB400090FBE6
:10B58000F7F000E00120B4F900100844B4F9041009
:10B59000884217DD0020F7F79FFF00EB800006EBE5
:10B5A000400058450ADB0020F7F796FF00EB8000CB
:10B5B00006EB400090FBF7F001E03AE00120218823
:10B5C0000844A080B4F90410B5F9182078E0A080F0
:10B5D0000020F7F781FF00EB800006EB40005D469E
:10B5E000A84273DB0020F7F777FF00EB800006EB43
:10B5F000400090FBF7F000BFB4F90410081AB4F94A
:10B600000010884291DA0020F7F766FF00EB800017
:10B6100006EB4000A8425BDB0020F7F75DFF00EB84
:10B62000800006EB400090FBF7F0A188081A20800C
:10B630005BE5AB8A4144194409B2401E21800844AD
:10B64000A080B5F9142002EB0800814232DA208094
:10B650000020F7F741FF00EB800006EB4000584563
:10B6600009DB0020F7F738FF00EB800006EB400015
:10B6700090FBF7F000E00120B4F900100844B4F9A1
:10B680000410884216DD0020F7F726FF00EB80004B
:10B6900006EB4000584509DB0020F7F71DFF00EBE3
:10B6A000800006EB400090FBF7F000E001202188CD
:10B6B0000844A080B5F91820B4F90410A2EB0A02DE
:10B6C000A2EB0900814282DC0FE5FFE7012093E74E
:10B6D0000120AAE7806818B1007E00F003007047DF
:10B6E0000320704708B505496A46496800912C2136
:10B6F000FAF722FDBDF9020008BD00002C6A02081D
:10B7000008B505496A46096800912C21FAF714FD2D
:10B71000BDF9000008BD00002C6A0208008C7047CB
:10B7200010B541F2090200F0ADFAC0B210BD10B57B
:10B7300041F2090200F0A6FAC0B210BD662200F084
:10B74000A1BA10B5512200F09DFA002800D00120C6
:10B7500010BD10B54FF4056200F094FA00B210BDB0
:10B7600010B54FF4056200F08DFA00B210BD10B5AF
:10B7700041F26A4200F086FAC0B210BD10B541F243
:10B780006A4200F07FFAC0B210BD10B541F26A42C1
:10B7900000F078FAC0B210BD10B541F26A4200F074
:10B7A00071FAC0B210BD10B541F26A4200F06AFAF7
:10B7B000C0B210BD10B541F26A4200F063FAC0B2E7
:10B7C00010BD10B541F26A4200F05CFAC0B210BD83
:10B7D00044F2200200F056BA10B5212200F052FACD
:10B7E000C0B210BD10B5682200F04CFAC0B210BD56
:10B7F00010B5342200F046FA002800D0012010BD18
:10B8000010B541F2320200F03DFA00B210BD10B5A1
:10B8100041F2320200F036FA00B210BD10B541F22A
:10B82000320200F02FFA00B210BD10B541F2320220
:10B8300000F028FA00B210BD10B541F2320200F05B
:10B8400021FA00B210BD10B541F2320200F01AFA2E
:10B8500000B210BD10B5612200F014FA002800D02B
:10B86000012010BD034A10B5128900F00BFAC0B2D6
:10B8700010BD00002C01002010B541F2040200F0C0
:10B8800001FA00B210BD10B541F2040200F0FAF95D
:10B8900000B210BD10B541F2040200F0F3F900B29D
:10B8A00010BD10B541F2040200F0ECF900B210BD79
:10B8B00010B541F2690200F0E5F980B210BD10B593
:10B8C00041F2690200F0DEF980B210BD10B540F619
:10B8D000490200F0D7F900B210BD10B541F20602DE
:10B8E00000F0D0F900B210BD10B541F2050200F031
:10B8F000C9F900B210BD10B540F2624200F0C2F9C1
:10B90000C0B210BD10B540F2624200F0BBF9C0B247
:10B9100010BD10B540F2624200F0B4F9C0B210BDE3
:10B9200010B540F63C0200F0ADF9C0B210BD10B544
:10B9300040F63D0200F0A6F900B210BD10B540F689
:10B940003A0200F09FF900B210BD10B541F61102A5
:10B9500000F098F900B210BD10B541F6110200F0E8
:10B9600091F900B210BD10B541F6110200F08AF94C
:10B9700000B210BD10B541F6110200F083F900B21B
:10B9800010BD10B541F6110200F07CF900B210BDF7
:10B9900010B541F6110200F075F900B210BD10B5F6
:10B9A00041F6110200F06EF900B210BD10B541F67B
:10B9B000110200F067F900B210BD10B541F6110296
:10B9C00000F060F900B210BD10B541F6110200F0B0
:10B9D00059F900B210BD10B541F6110200F052F94C
:10B9E00000B210BD10B541F6110200F04BF900B2E3
:10B9F00010BD10B541F6150200F044F900B210BDBB
:10BA000010B541F6150200F03DF900B210BD10B5B9
:10BA100041F6150200F036F900B210BD10B541F63E
:10BA2000150200F02FF900B210BD10B541F6150255
:10BA300000F028F900B210BD10B541F6120200F076
:10BA400021F900B210BD10B541F6120200F01AF94A
:10BA500000B210BD10B541F6120200F013F900B2A9
:10BA600010BD10B541F6120200F00CF900B210BD85
:10BA700010B541F6120200F005F900B210BD10B584
:10BA800041F6120200F0FEF800B210BD10B541F60A
:10BA9000120200F0F7F800B210BD10B541F6120224
:10BAA00000F0F0F800B210BD10B541F6120200F03F
:10BAB000E9F800B210BD10B541F6120200F0E2F84C
:10BAC00000B210BD10B541F6120200F0DBF800B272
:10BAD00010BD10B541F6120200F0D4F800B210BD4E
:10BAE00010B541F6120200F0CDF800B210BD10B54D
:10BAF00041F6130200F0C6F800B210BD10B541F6D1
:10BB0000130200F0BFF800B210BD10B541F61302E9
:10BB100000F0B8F800B210BD10B541F6130200F005
:10BB2000B1F800B210BD10B541F6130200F0AAF84A
:10BB300000B210BD10B541F6130200F0A3F800B238
:10BB400010BD10B541F6130200F09CF800B210BD14
:10BB500010B541F6130200F095F800B210BD10B513
:10BB600041F6130200F08EF800B210BD10B541F698
:10BB7000130200F087F800B210BD10B541F61302B1
:10BB800000F080F800B210BD10B541F6130200F0CD
:10BB900079F800B210BD10B541F6140200F072F849
:10BBA00000B210BD10B541F6140200F06BF800B2FF
:10BBB00010BD10B541F6140200F064F800B210BDDB
:10BBC00010B541F6100200F05DF800B210BD10B5DE
:10BBD00041F6100200F056F800B210BD10B541F663
:10BBE000100200F04FF800B210BD10B541F610027F
:10BBF00000F048F800B210BD10B541F6100200F098
:10BC000041F800B210BD10B541F6100200F03AF84C
:10BC100000B210BD10B541F6100200F033F800B2CA
:10BC200010BD10B541F6100200F02CF800B210BDA6
:10BC300010B541F6100200F025F800B210BD10B5A5
:10BC400041F6100200F01EF800B210BD10B541F62A
:10BC5000100200F017F800B210BD10B541F6100246
:10BC600000F010F800B210BD10B541F6100200F05F
:10BC700009F800B210BD10B541F6100200F002F84C
:10BC800000B210BD2DE9F04186B00C4606461546BF
:10BC9000C2F38028C2F380379FB122F4804510E0C0
:10BCA00002AB2A4621463046F2F7E9FB60BBB8F109
:10BCB000000F08D00CB1002403E03046FFF77AF8FB
:10BCC0000646002EECD13CB941F201018D4207D06D
:10BCD000A5F58050043803D0284603F065F812E03B
:10BCE000306807E08D4202D1828A3AB901E0C28A07
:10BCF00012B900680028F5D18D4202D1B0F91400C4
:10BD000001E0B0F91600029017B3029835000090D8
:10BD10001AD0304621466322FFF7B4FF060012D046
:10BD2000306880B1284621466422FFF7ABFF10F04F
:10BD3000FF0208D033683046009998470190BDF85B
:10BD40000400ADF800000098029006B0BDE8F08154
:10BD50000298FAE710B56022FFF794FF00B210BD19
:10BD600010B540F64102FFF78DFF00B210BD10B5CF
:10BD700040F64202FFF786FF00B210BD10B540F654
:10BD80004502FFF77FFFC0B210BD10B540F6430279
:10BD9000FFF778FF00B210BD10B54FF40462FFF753
:10BDA00071FF00B210BD44F25742FFF76BBF41F282
:10BDB0005942FFF767BF41F25942FFF763BF41F2B3
:10BDC0005942FFF75FBF41F25942FFF75BBF41F2B3
:10BDD0005942FFF757BF41F25942FFF753BF41F2B3
:10BDE0005942FFF74FBF10B541F25A42FFF74AFFE1
:10BDF00000B210BD10B541F25A42FFF743FF00B246
:10BE000010BD10B541F25A42FFF73CFF00B210BD21
:10BE100010B541F25B42FFF735FF00B210BD10B51F
:10BE200041F25B42FFF72EFF00B210BD10B541F2A8
:10BE30005B42FFF727FF00B210BD10B541F25B4235
:10BE4000FFF720FF00B210BD10B541F25B42FFF7D3
:10BE500019FF00B210BD10B541F25B42FFF712FFAF
:10BE600000B210BD10B543F60F02FFF70BFF00B292
:10BE700010BD10B540F60B02FFF704FF00B210BD75
:10BE800010B540F60B02FFF7FDFE00B210BD10B575
:10BE900040F60A02FFF7F6FE00B210BD10B540F6FC
:10BEA0000A02FFF7EFFE00B210BD10B543F60E0216
:10BEB000FFF7E8FE00B210BD10B541F20102FFF736
:10BEC000E1FE00B210BD10B541F20102FFF7DAFE4B
:10BED00000B210BD10B541F20102FFF7D3FE00B26F
:10BEE00010BD10B541F20102FFF7CCFE00B210BD4B
:10BEF00010B541F20102FFF7C5FE00B210BD10B54A
:10BF000041F20702FFF7BEFE00B210BD10B541F2CC
:10BF10000802FFF7B7FE00B210BD018B808A081A35
:10BF2000401C00B2704770B50546FEF743FF0400A1
:10BF300012D0A88AA18A451A2046FFF794F8054432
:10BF400000212046FFF77FFD2D1A00212046FFF734
:10BF500057FC281A00B270BDB5F9140070BD70B559
:10BF60000546FEF727FF040012D0E88AE18A451A49
:10BF70002046FFF77FF8054400212046FFF727FE03
:10BF80002D1A00212046FFF73BFC281A00B270BD95
:10BF9000B5F9160070BD10B50446FFF7E0FF024684
:10BFA0002046FEF7C6FE104400B210BDC0698143B2
:10BFB00001D00020704701207047C069084000D0C0
:10BFC00001207047008C084000D0012070477FB5E9
:10BFD0000D4606460221FFF7E9FF002820D0802108
:10BFE0003046FFF7EFFFE8B902A93046FEF7E8FD5B
:10BFF0000022294602A8E6F733FC040012D04FF4D1
:10C0000080313046FFF7D2FF70B101208DF8040077
:10C0100000956A4611213046FAF78EF89DF8040023
:10C0200004B070BD0020FBE72046F9E7F8B51446E0
:10C030000D4606464FF40562FFF724FE00B260800D
:10C04000002839D0304629465322FFF71BFEC0B2E4
:10C050002073022830D929463046FFF753FCFD28CB
:10C0600004D2217B11FB00F0000A2073207B022800
:10C0700022D93046294644F25202FFF703FE0090CF
:10C08000BDF800002080304629465422FFF7FAFD13
:10C09000A060304629465122FFF7F4FD00B101208F
:10C0A000617B60F38201617329463046FFF79AFB9A
:10C0B000617B60F301016173F8BDF8B514460E466B
:10C0C00005464622FFF7DEFDC0B2E07202283CD9E9
:10C0D00031462846FFF716FCFD2804D2E17A11FB11
:10C0E00000F0000AE072E07A02282ED900202080B9
:10C0F0004FF480706080288BA98A4822401A401C27
:10C1000000B200EBD0704010A080688BE98A401A22
:10C11000401C00B200EBD0704010E0802846314651
:10C12000FFF7B0FD10F0FF00A07209D0284631469D
:10C1300044F24702FFF7A6FD0090BDF80000208101
:10C1400031462846FFF74EFB2073F8BDF8B514467C
:10C150000D4606464FF48B62FFF794FDC0B2A07601
:10C16000022841D929463046FFF7CCFBFD2804D2EE
:10C17000A17E11FB00F0000AA076A07E022833D930
:10C1800029463046FFF70FFE0090BDF80000A08161
:10C190003046294641F25A42FFF774FDA0823046EC
:10C1A000294641F25B42FFF76DFD60823046294629
:10C1B00040F25C42FFF766FDA17F60F30201A177C8
:10C1C00029463046FFF70EFBA17F60F3C501A1773A
:10C1D00029463046FFF7EBFD20603046294641F204
:10C1E0005D42FFF74FFD2077F8BDF8B514460D46C8
:10C1F000064640F64902FFF745FD00B26080002880
:10C2000046D0304629464E22FFF73CFDC0B2207290
:10C2100002283DD929463046FFF774FBFD2804D299
:10C22000217A11FB00F0000A2072207A02282FD90F
:10C230003046294644F24D02FFF724FD0090BDF838
:10C2400000002080304629464A22FFF71BFD00B23D
:10C25000A08028B1304629464B22FFF713FDE0802D
:10C26000304629464C22FFF70DFD08B1012100E0C0
:10C270000021607A61F38200810861F3C30060727B
:10C2800029463046FFF7AEFA617A60F30101617228
:10C29000F8BD2DE9F84314460D4606466022FFF727
:10C2A000F1FC208025B129463046FFF72BFB00E04A
:10C2B000FF20804629463046FFF724FB0746022828
:10C2C00002D9B8F1020F09D80020E07084F82200EA
:10C2D00084F8360084F82A00BDE8F8832946304601
:10C2E000FFF780FAA070E078002851D03046294648
:10C2F0002122FFF7C7FCC0B2E070022848D92946C6
:10C300003046FFF765FA0090BDF80000A080304687
:10C3100029462622FFF7B6FC010007D0487A4007DD
:10C3200004D00A22A01DFDF731F831E0304629463D
:10C330002322FFF7A7FCE17B60F30201E1734807CA
:10C340001DD029463046FFF743FA0090BDF80000A3
:10C35000E0803046294644F22202FFF793FC009029
:10C36000BDF800006081304629462422FFF78AFC90
:10C370002072304629462522FFF784FC2073304680
:10C3800029462722FFF77EFCE17B60F3C501E173BC
:10C390003046294641F23202FFF774FC00B2208495
:10C3A00008B394F82200F0B1304629463122FFF755
:10C3B00069FCC0B284F82200022814D9304629460C
:10C3C0003322FFF75FFC94F8231044F2300260F34D
:10C3D000450184F8231030462946FFF753FC0090AE
:10C3E000BDF80000E08329463046FFF7A7FAE08455
:10C3F000C8B194F82A00B0B129463046FFF790FA48
:10C4000084F82A0002280ED929463046FFF78FFA11
:10C4100020853046294644F23B02FFF733FC00906A
:10C42000BDF80000A084A07E68B33046294640F6DF
:10C430002802FFF727FC206128B33046294629222D
:10C44000FFF720FCC0B2A07602281CD92069FBF7B8
:10C4500040FA02286AD03046294644F22A02FFF701
:10C4600011FC0090BDF800002083304629462B22A5
:10C47000FFF708FCE076304629462C22FFF702FC45
:10C4800000B10120207794F8360050B32946304699
:10C49000FFF782FCE08520B394F83600022820D90B
:10C4A00029463046FFF76AFC84F83600022818D97E
:10C4B00029463046FFF754FC208629463046FFF7D0
:10C4C00056FC608629463046FFF75FFCA086304662
:10C4D000294644F24402FFF7D5FB0090BDF8000066
:10C4E000A085B8F1FD0F02D218FB07F0070AFD2F57
:10C4F000BFF4F2AE14F8030F10FB07F0000A04F8C3
:10C50000140BE07810FB07F0000AE070E07A10FBF3
:10C5100007F0000AE072E07F10FB07F0000AE07706
:10C52000E07C10FB07F0000AE074D5E629463046AF
:10C53000FFF73DFC606129463046FFF734FC009070
:10C54000BDF8000020839EE77CB505464FF400242B
:10C5500003E02846FEF72EFC0546FEF72BFC28B12B
:10C5600021462846FFF722FD0028F2D12846E7F7AA
:10C570008CF9044605F114016846F4F7BEFBBDF8DA
:10C5800000006946001BADF80000BDF80200001B6A
:10C59000ADF80200BDF804002044ADF80400BDF879
:10C5A00006002044ADF80600284600F001F87CBDE6
:10C5B0001CB504466846F4F7A0FB69462046FDF723
:10C5C00023FD002805D02046FEF782FB6946E7F7E9
:10C5D0003DF81CBD0068002808D0017E8907F9D00D
:10C5E000007E00F00300012800D0002070470068A2
:10C5F000002809D0017E11F00C0FF8D0007EC0F3A6
:10C600008100012800D000207047000010B50446CA
:10C610000849FFF7D2FC08B1002010BD2046FEF704
:10C62000C9FB0028F9D00021FFF749F90028F4D010
:10C63000012010BD010006007CB50546E7F725F98D
:10C64000044605F114016846F4F757FBBDF80000F5
:10C650006946001BADF80000BDF80200001BADF8F4
:10C660000200BDF804002044ADF80400BDF8060047
:10C670002044ADF806002846FDF7C6FC7CBD10B589
:10C68000418C41F001014184FEF798FB418C41F05F
:10C6900002014184FEF71CFB4068002803D0BDE87E
:10C6A000104003F029BF10BD2DE9F0479946174609
:10C6B00088468246FEF77FFA0646002523E000BF43
:10C6C000DAF80800B9F1000F006850F8254005D0ED
:10C6D0004FF480212046FFF769FC98B9A18A002316
:10C6E00001EB0800A082E08A3A463844E082218BC0
:10C6F00001EB08002083608B41463844608320466C
:10C70000FFF7D2FF6D1CB542DAD3BDE8F0872DE903
:10C71000FF47456816460F4604469DB3002128464C
:10C72000FFF791F9804600212846FFF750FA81462D
:10C730004FF480212046FFF739FC48B1A98A07EB66
:10C740000800084407B2E98A06EB0900084410E033
:10C750002846FEF788FCAA8A02EB0801081A38442A
:10C7600007B22846FEF786FCEA8A02EB0901081A9E
:10C77000304406B200212846FFF742F83918304409
:10C780000FB206B2A08A381A07B2E08A301A06B28F
:10C790000FB9002E40D02046FFF7D6FE02A9204652
:10C7A000FEF78FFA4FF0000875B169462846FEF78C
:10C7B00026FA0022694602A8E5F792FF5FEA000820
:10C7C00002D1284600F0A2FDA08A32463844A08259
:10C7D000E08A39463044E082208B002338442083AD
:10C7E000608B304460832046FFF75EFF8DB12246A8
:10C7F00022212846F9F7A0FC2046FFF7A5FE0022DB
:10C80000694604F11400E5F76BFFB8F1000F07D19A
:10C8100004E02046FFF798FEBDE8FF870028FBD024
:10C82000284600F073FDF7E770B50C00064604D506
:10C83000FEF7C0FAFEF7BFF904443046FEF77FFA70
:10C8400002463046FEF7B6FA0546002C2DDBFEF711
:10C85000B2F9A04229DD944227D015DA6FF0030126
:10C86000A24214DDA86801EB82030068C35840F8B7
:10C870002230521EF4E7A86801EB82030068C35817
:10C8800040F82230521C00E00421A242F3DBA868E9
:10C8900000222221006840F824602846F9F74CFC69
:10C8A0002846BDE87040FFF74FBE70BD2DE9F0414E
:10C8B0000D460646FEF7C9FBA0B93046FEF7CCFB95
:10C8C00004463046FEF782FA00280BDA002C09DD18
:10C8D0004042844200DB044622B22B46002130460F
:10C8E00000F0C0FB3046FEF7A9FB002825D13046FA
:10C8F000FEF7E6FA04463046FEF742FB0746002103
:10C900003046FEF73BFF01280BD0002F15DA002C34
:10C9100013DD7842844200DB044621B22B4600221C
:10C9200006E0002C09DA002F07DD2B460022214605
:10C930003046BDE8F04100F095BBBDE8F0812DE93F
:10C94000F14F82B00298FFF761FE00287DD1029876
:10C95000FEF730FA009000210298FFF7D0FA8246E5
:10C9600000210298FFF7D2FA0746009868B1FEF757
:10C970008EF981460098FEF770F90546CAF34130FA
:10C980004FF0640B012803D012E03A46514694E080
:10C990002AF4C040B0F5FA6F0ADCB0F57A7F01DD09
:10C9A000C0F57A7000FB09F090FBFBF00FFA80FAFB
:10C9B000C7F3413001280DD127F4C040B0F5FA6F1C
:10C9C00008DCB0F57A7F01DDC0F57A70684390FB32
:10C9D000FBF007B2002143F20C020298FFF752F974
:10C9E00006B2002143F20D020298FFF74BF902B2A2
:10C9F0000298FFF792FA80460298FEF79AF90446E9
:10CA0000C6F3413001280ED126F4C040B0F5FA6FCC
:10CA100009DCB0F57A7F01DDC0F57A7000FB08F023
:10CA200090FBFBF006B2C2F3413001280FD122F493
:10CA3000C040B0F5FA6F0ADCB0F57A7F01DDC0F5D1
:10CA40007A70604390FBFBF000E056E002B20AEB24
:10CA5000060006B2B81807B200210298FEF767FE7A
:10CA600050B1012827D0801E082824D2DFE800F02A
:10CA70000B13202B3318383B00210098FEF777FE6C
:10CA8000012808D017E009EBD971491008EBD870DC
:10CA9000A1EB600001E0A9EB0800304406B20AE017
:10CAA00005EBD570401004EBD471A0EB610000E001
:10CAB000281B384407B23A463146029803B0BDE815
:10CAC000F04FFFF724BE09EBD971491008EBD8707D
:10CAD000A1EB600001E0A9EB0800304406B2E7E7F3
:10CAE000A9EB080006E009EBD971491008EBD870F2
:10CAF000A1EB6000304406B2D2E7BDE8FE8F2DE91D
:10CB0000F04F0446408C87B0410501D580057ED4A6
:10CB10002046FEF74FF95FEA000878D02046FEF77E
:10CB2000CFF90190608C002640054FF4FA6B42F279
:10CB3000D17A03D52046FFF7F0F95FE000212046C7
:10CB4000FFF7BAF90546504501D1012600E000265D
:10CB5000C5F34130012805D125F4C040584501DC1A
:10CB6000012000E0002081464046FEF790F807468D
:10CB700026B12046E8F762FA05462BE0B9F1000F2E
:10CB800028D0B8F82200400518D400214046FFF70D
:10CB900093F9504512D100212046FEF731FE05469B
:10CBA00000212046FEF74FFF00EB0509002120463B
:10CBB000FEF7A4FF411901EB09000AE025F4C0408B
:10CBC000B0F57A7F01DDC0F57A707843642190FB7F
:10CBD000F1F005B22046002141F20202FFF752F8BF
:10CBE0000FFA80F92046002141F20302FFF74AF8CC
:10CBF00002B23B4649462846F5F763FC0746204605
:10CC0000FEF72AFA00904FF00009608C00E06FE018
:10CC1000800503D52046FEF78CF855E0002120461C
:10CC2000FEF72AFEA0F51C510546D13906D000209A
:10CC30008146C5F34130012802D007E00120F7E723
:10CC400025F4C040584501DC012000E00020834667
:10CC50004046FEF702F88246B9F1000F04D02046A4
:10CC6000E8F77AF905461BE0BBF1000F18D0B8F8D9
:10CC70002200800507D400214046FEF7FDFDA0F507
:10CC80001C51D13938D025F4C040B0F57A7F01DD90
:10CC9000C0F57A7000FB0AF0642190FBF1F005B258
:10CCA0002046002141F20502FEF7ECFF0FFA80FB5F
:10CCB0002046002141F20602FEF7E4FF02B253468D
:10CCC00059462846F5F7C8FB054656EA090605D039
:10CCD000DDE900210023204600F0C1FA2046FFF7DD
:10CCE0001CF9B8421BD12046FEF723F8A84216D102
:10CCF000002007B0BDE8F08F00212046FEF780FD40
:10CD0000054600212046FEF762FF00EB050B0021DF
:10CD10002046FEF721FE411901EB0B00BFE720463C
:10CD2000FFF712FC02A92046FDF7CBFF04A94046FD
:10CD3000FDF765FF002204A902A8E5F7D1FC060073
:10CD400002D1404600F0E2FAE08A6D1E284460837A
:10CD500000212046FEF70BFD01281CD0A08A7F1E73
:10CD60003844208302AA29212046F9F7E5F9224612
:10CD700022214046F9F7E0F92046FFF7E5FB0021C4
:10CD80002046FFF793FD002204A904F11400E5F703
:10CD9000A7FC36B904E0208BC01B401CA082E1E751
:10CDA00010B1404600F0B2FA0120A2E738B50446BF
:10CDB000E6F76BFD05460020ADF800006A4613213A
:10CDC0002046F9F7B9F9BDF90000A84202D0204683
:10CDD000FFF7BAFBA06818B1BDF80010C18209E0E6
:10CDE000BDF8000030B12046FDF7F0F8A168BDF8AD
:10CDF0000000C882BDF90000A84202D02046FFF71B
:10CE0000A3FB38BD70B505460021FFF755F8044671
:10CE100000212846FEF730FD42F2D1718C4203D04A
:10CE2000884201D0002070BD2846FFF728FC012071
:10CE300070BD00002DE9F04706462C4814460D460B
:10CE4000007800284FD03046FFF77EFB05F47F05C1
:10CE5000E0044FF470294FF6FF771ED54D4514D0EE
:10CE60009DB13046002141F20402FEF70BFF00B2F3
:10CE700042F2D178404508D03046002141F201020B
:10CE8000FEF700FF00B2404514D100222A213046AF
:10CE9000F9F752F93046FFF7F2FB4D4500D04DB996
:10CEA000BC4201D0A00405D53046FDF783FF08B190
:10CEB000FFF7E5FBBC4201D0200502D53046FFF765
:10CEC00075FF3046FFF740FBBC4204D060050AD531
:10CED00014F4C05F07D0B5F5803F04D03046BDE8FC
:10CEE000F04705F078BBBDE8F0870000EC000020BB
:10CEF000F0B4448C00230425C4F3C5040BE000BF48
:10CF0000C66805EBC307F659F70103D526F07F463F
:10CF1000964202D05B1C9C42F2D89C4202D1F0BCEB
:10CF200000207047C06850F83300F0BC01F0BCBF6F
:10CF30002DE9F05F4FF6FF7A0F0005461FFA82F8E1
:10CF400002F47F09564602D0F87900B90026002481
:10CF5000214659E0EA68042000EBC40B964652F8DB
:10CF60000B00C0F307424FEA024C524683B2904591
:10CF700001D0434509D1B9F5702F01D0CC4504D17A
:10CF80002FB15EF83430BB4201D0641C3CE080011C
:10CF900004D500234946284608F036FBE86850F8D7
:10CFA0000B10CA0101D489010CD550F8340001F0EE
:10CFB000DEFFE86850F83400FCF77CF9E9680020EF
:10CFC00041F83400204608220AE0E96802EBC00C70
:10CFD00001EBC0036144401CD1E900C1C3E900C1B9
:10CFE000698CC1F3C501491E8142EED8688CC10825
:10CFF000491E61F3C8006884C0F3C500C100E86839
:10D00000FCF79CF90121E860688CC0F3C500A042E0
:10D01000A0D8002908D0002E06D03246494628461E
:10D02000BDE8F05FFFF706BFBDE8F09F70B50646AC
:10D030000B480078002812D000200CE0002506E004
:10D04000E06850F82510304605F0A1FB6D1C606AC1
:10D05000A842F5D82046F6F777FA0400EED170BD65
:10D06000EC0000202DE9F0411646074690B00D4631
:10D0700051EA060076D0012B19D03C493846F3F727
:10D0800019F904463A493846F3F714F9804632460E
:10D090002946384605F0FAFC54EA080462D010B07C
:10D0A0003846BDE8F04100220A21F9F745B8384674
:10D0B000FDF70EFE80466846F3F740F92D484FF421
:10D0C000C874009703902DB34046F6F717FA401046
:10D0D0002A460021F3F799F9C82801D2C82002E0B6
:10D0E000A04200D920460A903846FDF7BCFF4142D5
:10D0F000281ACDE908101E4801901F480791069094
:10D100006A4609213846F9F717F801282AD16846F6
:10D11000F3F788F9002E25D04046F6F735FA40108F
:10D1200032460021F3F771F9C82801D2C82002E085
:10D13000A04200D920460A903846FDF79BFF4142A5
:10D14000301ACDE90810094801900B480791069064
:10D150006A4609213846F8F7EFFF012802D16846F0
:10D16000F3F760F910B0BDE8F0810000512B020820
:10D17000392B0208E7270208A30301082DE9F0472D
:10D180001546824699460C4651EA050065D0504640
:10D1900000F0BAFB5046FDF766FF40420FFA80F8F8
:10D1A00008EB040004B200215046FEF7E7FA01281C
:10D1B00013D0002C13DC25DA5046FDF781FE06461D
:10D1C0005046FDF7DDFE304400B2002800DA0020B2
:10D1D0004042844216DA04B214E0002C02DA4FF026
:10D1E00000040FE00EDD5046FDF76AFE064650468D
:10D1F000FDF7C6FE304400B2002800DA0020844269
:10D2000000DD04465046FDF735FF404206B2701976
:10D2100005B2002D02DD4FF0000510E00FDA504698
:10D22000FDF71AFF07465046FDF7D0FD384400B21F
:10D23000002800DA00204042854200DA05B2A4EB63
:10D24000080001B2A81B02B251EA020005D04B4609
:10D250005046BDE8F047FFF705BFBDE8F08770B561
:10D2600016461D4604461A4600F024F82A46314662
:10D270002046BDE8704000F033B8F8B50E460446CD
:10D2800000F042FB002000902046FDF793FD05468C
:10D2900004F114070AE033466A462146384605F091
:10D2A000AFFA2C462046FDF785FD0546002DF2D14C
:10D2B000F8BD000070B50D46144606460749F2F762
:10D2C000F9FF3046FDF7CFFE401B01B22346304642
:10D2D000BDE870400022FFF751BF0000392B020863
:10D2E00070B50D46144606460749F2F7E3FF30468F
:10D2F000FDF7C0FE401B02B223463046BDE8704039
:10D300000021FFF73BBF0000512B02081FB5044668
:10D3100002AA6946FDF7B6FE6846F3F75AFD20B942
:10D3200002A8F3F756FD002810D06846F3F751FD28
:10D3300018B169462046FFF73BF902A8F3F749FD0B
:10D34000002803D002A92046FFF732F91FBD0022B2
:10D3500000F02CBA70B50D460446FCF737FEA06805
:10D36000858270BD70B516461D460446002200F049
:10D3700047FA00223146204600F02AFA00222946C8
:10D38000204600F045FA04480022808981B22046F8
:10D39000BDE8704000F04ABA2C01002010B50446E8
:10D3A000002200F01DFA04480022808981B2204644
:10D3B000BDE8104000F03ABA2C01002010B5044638
:10D3C000002200F015FA2046FDF7F4FCBDE81040FD
:10D3D000FFF755B938B50C46054600236A4641F2B9
:10D3E0000401FDF7C7FC012807D0002804D1002262
:10D3F0002146284600F014FA38BD0098A042F6D124
:10D4000038BD10B5044689B2002200F00FFA20465C
:10D41000BDE81040FFF733B92DE9F0410C46154641
:10D420001F4606461946F0F7DBFE2A46214601F064
:10D430009BFE224639463046BDE8F041FFF7FABC74
:10D4400070B5064640680C46002867D0002C65D0B1
:10D450003046FFF779F82046FCF7B8FD304675688E
:10D46000FDF76DFC0146042207E0A86802EB81038A
:10D470000068C35840F82130491C2846FDF79BFB43
:10D48000801E8842F1DAA9684868401E4860A96891
:10D4900005D0820008681146FBF750FF03E00868DA
:10D4A000FBF708FF0020A9680860A1684868401CD5
:10D4B0004860A26881001068FBF740FFA16808601F
:10D4C0002046FDF778FB6FF0030101EB8000A168B7
:10D4D00009680E50002128467460FFF7E7F92846D6
:10D4E000FFF714FF324622212846F8F725FE0022D6
:10D4F00024212846F8F720FE324622212046F8F75C
:10D500001BFE002223212046F8F716FE3046FFF7C7
:10D51000B6F83046BDE87040FFF716B870BD70B57C
:10D520001546044600F0BDF929462046BDE8704086
:10D5300000F0CEB970B50C460546FCF747FDA8686B
:10D54000417E01F00F01A14200D0447670BD70B55C
:10D550000C460546FCF73AFDA868017E64F383019A
:10D56000017670BD70B50C460546FCF72FFDA86826
:10D57000017E64F30511017670BD70B50C46054659
:10D58000FCF724FDA868017E01F00302A24207D047
:10D5900064F3010101762846BDE87040FEF7D4BF70
:10D5A00070BD70B51546044600F064F92946204662
:10D5B000BDE87040FFF70EBF2DE9F34F87B08146FD
:10D5C000008C089988427DD00390A9F82010484625
:10D5D000089A0399E6F700FA5FEA000872D04FF460
:10D5E00020742046FBF708FE21460290FBF7ACFFB3
:10D5F0000025284693E000BFD9F80C10042201EB67
:10D60000CA0002EBCA040490085920F07F4000F0E1
:10D6100079F90090D9F80C00005920F07F4000F013
:10D620006EF9069008990098884376D1049840686E
:10D63000800172D4049867220068838819040AD58F
:10D64000006804E0914201D144681DE0083001887F
:10D650000029F7D161E0C179A9B301290FD9046884
:10D66000002004EB810307E033F81060964202D1FA
:10D6700004EB800007E0401C8142F5D84DE0C3F385
:10D680000E01672949D10468002740E0002620E008
:10D69000029806EB860100EB81010591D1F804B0F8
:10D6A000584600F02FF90190584600F028F92168FB
:10D6B00031F81720059909898A4209D106998842CB
:10D6C00006D101E06FE028E0DDE90001814202D2ED
:10D6D000761CAE42DCD3AE4218D1029A05EB85002F
:10D6E000A18922F82010029A218A02EB80006D1C89
:10D6F0004180A168C160216831F81710018161681B
:10D7000001610499496821F07F4141607F1C2068D4
:10D7100030F8170008B1202DB8D30AF10100824675
:10D72000B9F82200C0F3C501514502D9202DFFF4FC
:10D7300063AF002410E000BF029804EB840100EB0B
:10D740008106706800F0DBF8014600964846089BA9
:10D75000039AE6F7A1F8641CAC42EDD30298FBF7FC
:10D7600097FDB8F1010F0ED0B8F1030F11D0B8F149
:10D77000020F18D14846FEF7E7FE09B04846BDE85B
:10D78000F04FFFF713BB09B04846BDE8F04FFEF776
:10D79000DBBE09B04846BDE8F04F4FF6FF724FF4CC
:10D7A0007021FFF747BB09B0BDE8F08F13460A466A
:10D7B00041F20901FFF730BE13460A4641F26A41C1
:10D7C000FFF72ABE13460A4640F62801FFF724BE9B
:10D7D00013460A4601498988FFF71EBE2C01002026
:10D7E00013460A4601490988FFF716BE2C0100209E
:10D7F00013460A4601490989FFF70EBE2C01002095
:10D8000013460A4601494988FFF706BE2C0100204D
:10D8100013460A460149C988FFF7FEBD2C010020C6
:10D8200013460A4641F20401FFF7F6BD13460A46C5
:10D8300041F26901FFF7F0BD13460A4641F20201C9
:10D84000FFF7EABD13460A4641F25D41FFF7E4BD2A
:10D8500013460A4641F20101FFF7DEBD13460A46B0
:10D8600041F20701FFF7D8BD13460A4641F208010D
:10D87000FFF7D2BD38B50C46054600236A4641F293
:10D880000101FDF777FA012807D0002804D1002212
:10D8900021462846FFF7DCFF38BD0098A042F6D1AC
:10D8A00038BD38B50C46054600236A4641F20701EB
:10D8B000FDF760FA012807D0002804D10022214694
:10D8C0002846FFF7CBFF38BD0098A042F6D138BDFF
:10D8D00038B50C46054600236A4641F20801FDF7BB
:10D8E00049FA012807D0002804D100222146284601
:10D8F000FFF7BAFF38BD0098A042F6D138BD00F45A
:10D900007F00704780B2704770B50B4D29780029B1
:10D9100011D101212970FDF751FA044606E000BF3C
:10D9200020F0020060842046F2F7BAFA608C81078A
:10D93000F6D40020287070BDE400002008B513283C
:10D9400002D209B1042905D9F4F71AFE0090BDF8F6
:10D95000000008BD044A491EC9B202EBC00000EB3A
:10D960004100008808BD000058A8020808B5132827
:10D9700002D209B1052905D9F4F702FE0090BDF8DD
:10D98000000008BD054A491E00EB8000C9B202EB49
:10D99000400000EB4100008808BD00009AA7020883
:10D9A00008B5132805D3F4F7EBFD0090BDF800008F
:10D9B00008BD024901EB4000008808BD74A70208B9
:10D9C000002801DAC0F57A7040F4005000B27047C8
:10D9D00010B5B0F90420B0F900304088D21A02EB3B
:10D9E000D27252100C88134449881044E31A081A62
:10D9F00012FB02F113FB03F210FB0020884201D856
:10DA0000012010BD002010BD10B5E4F7A9F90E48A3
:10DA1000F5F792FC0C4CF0200D4A20804FF48C70EE
:10DA200060800A48A2F5525160614FF4D253A1F1CF
:10DA30001C00F5F771FC04F14C00E060BDE81040FB
:10DA40004C38F5F7A3BC0000CC4C00204D5F00081B
:10DA5000B481002010B5E2F7EDFCE2F749FD06487D
:10DA6000F9F748FF04480121017004494160F9F7C2
:10DA700055FF0349486010BD34B60020C153020869
:10DA8000BC00002070B50C460123002110E0D50732
:10DA900006D01D46A5FB003601FB006105FB041105
:10DAA000A0FB005604FB006600FB046452102846ED
:10DAB000002AECD1184670BD2DE9F04F544E0546B2
:10DAC00089B0706801688C6BC968896821600168D9
:10DAD00009698A0701D4C90723D0F5F755FD401E0F
:10DAE00007B27068F5F70AFD401E03B20022114626
:10DAF00001A80097F3F7B3F901A9616070680068A5
:10DB0000027CC068920705D5826942F002028261F8
:10DB1000A16076E08169826961F341028261A5605A
:10DB20006FE0A9882A88891A491C0FFA81F9E988C7
:10DB30006A88891A491C0FFA81F8F5F725FD014614
:10DB4000B5F90600814203DC7068F5F71DFD401E43
:10DB500007B242464946B2467068F0F7A9FB8146D3
:10DB60000026B5F902000DF10C0B28E02A88ADF86B
:10DB70000C20AA88ADF81020ADF80E00ADF81210F8
:10DB8000C4F804B0C4F808B0DAF804000168C96841
:10DB900089682160BDF91210B94201DDADF812703B
:10DBA000BDF91260B74205D10068C068816941F0D3
:10DBB00002018161204600F02DF80FFA88F000EB99
:10DBC0000908A8F10101B942D0DDB7421CD029886B
:10DBD000ADF80C10A988ADF81010ADF80E00ADF836
:10DBE0001270C4F804B0C4F808B0DAF80400016890
:10DBF000C968896821600068C068816941F00201D4
:10DC00008161204600F006F809B0BDE8F08F000001
:10DC1000F0000020F0B54F4C06468FB06068F5F775
:10DC200069FC0546006850B1686828B107E0606883
:10DC30000068816A01B1884728690028F7D100256A
:10DC40006068F5F78BFC0146706800F0CFF8074676
:10DC50006068416919B1706800F0C8F8054657EA74
:10DC600005004CD1B06AB0B16846F6F74DFF606868
:10DC7000C16A049190F829108DF81A10418DADF801
:10DC8000041090F829008DF80300B36A6946304605
:10DC90007268984733E06068C16A01B3084609A911
:10DCA000F9F77AFB01282AD109980022410D491E73
:10DCB000C0F38A230091114607A85B1EF3F7CFF843
:10DCC00001A8F5F7F5FE606807AA90F829108DF80D
:10DCD0000F10C36A01A93046F5F7C2FE0FE068468F
:10DCE000F6F712FF6068418DADF8041090F8290036
:10DCF0008DF80300694630467268F6F7F1FE6068F9
:10DD0000406928B105B905462946304600F072F948
:10DD10000FB9606807693046394600F06BF96068F2
:10DD2000F5F70AFC0146304600F064F96068F5F743
:10DD3000FBFB0146304600F05DF960680168097C34
:10DD4000890704D40FB0BDE8F040E9F783B80FB0FD
:10DD5000F0BD0000F000002070B5234D00202860C9
:10DD60006868B0F85041002C3DD0002603E001194E
:10DD700091F8301179B1641EF9D50168C9688A69D2
:10DD800022F001028A610068C068816921F0020105
:10DD90008161002422E02646EFE7011991F8301155
:10DDA000D9B9B44205D10168C9688A6942F0010253
:10DDB0008A610168C9688A6922F002028A6100EBFF
:10DDC000C4003030FFF778FE686800EBC4003030E4
:10DDD000F2F7FFFF296808442860641C6868B0F8FF
:10DDE0005011A142D9DC70BDF00000202DE9FC41AA
:10DDF0000D460024804622461431E4F771FC58B3E6
:10DE000001212846FEF7D2F830BB00208DF8000033
:10DE10006A4612212846CDF80480F8F78DF99DF85E
:10DE20000000022805D02846FCF7C5FE074600265C
:10DE30000CE00020BDE8FC81A868006850F82610BE
:10DE40004046FFF7D3FF040006D1761CBE42F3D351
:10DE50009DF8000000B92C462046EBE72DE9FC4177
:10DE60000025DFF8B4804FE0294491F83011E9BB78
:10DE7000002441E0011991F83011C1BBA5423AD00C
:10DE800000EBC40100EBC50030303031E4F77CFC1E
:10DE900068B37068B04600EBC40200EBC501684689
:10DEA00030313032E4F76FFD6846F2F792FF0646F4
:10DEB000D8F8040000EBC5003030F2F78AFF0746BF
:10DEC000D8F8040000EBC4003030F2F782FF384489
:10DED000864210D2D8F80400464600EBC5006946D9
:10DEE0003030F2F713FF0120716801E00BE002E02F
:10DEF000214481F83001641CD8F804004646B0F88B
:10DF00005011A142B6D86D1CD8F80410B1F85021B8
:10DF1000AA42A9D8BDE8FC81F00000202DE9F04319
:10DF20008846044687B001214046FEF73FF80028A6
:10DF30005DD102A94046A668FCF7C3FE4046E5F75E
:10DF4000A4FC0146024602A8F2F76FFF02AA31467E
:10DF500004A8E4F79DFB002849D00DF110092246E2
:10DF600014214046C4F80890F8F7E6F82246152137
:10DF70004046F8F7E1F8224616214046F8F7DCF86B
:10DF80004FF400214046FEF711F820B130680090B0
:10DF90007068019006E008F1140231466846E4F723
:10DFA00077FB90B1C4F808D04046FCF704FE074662
:10DFB000002508E0D8F80800006850F82510204631
:10DFC000FFF7ACFF6D1CBD42F4D32246172140463B
:10DFD000C4F80890F8F7B0F8224618214046F8F740
:10DFE000ABF8224619214046F8F7A6F8A66007B01C
:10DFF000BDE8F0832DE9F0470C00814605D11B48B0
:10E000004068F5F7ABFA04002AD021464846FFF7EE
:10E0100085FF1FE00027FCF7CEFD0646002508E03F
:10E02000A068006850F82510E7B14846FFF776FF72
:10E030006D1CB542F4D34A4617212046F8F77CF808
:10E040004A4618212046F8F777F84A461921204613
:10E05000F8F772F8A0464046FCF7ACFE0400D9D1B0
:10E06000BDE8F0874145E3D10127E1E7F00000205A
:10E0700010B591F82A000C4620F0010081F82A0022
:10E0800000208884C884088510212046FCF758F9B0
:10E090004FF400712046FCF753F921460548FCF780
:10E0A000A7F8FCF713F92046BDE81040002202A1B2
:10E0B00000F00AB9DCAA02084F7074696F6E203153
:10E0C0000A4F7074696F6E20320A4F7074696F6EF8
:10E0D00020330A4F7074696F6E20340A4F70746970
:10E0E0006F6E203500000000F8B50E465648FCF76C
:10E0F0003AFD01282ED13046F7F7DBFF05463046C2
:10E10000F8F715F804462C2D1CD02A2D23D0292DE4
:10E110002DD0012D2DD0022D37D0082D50D0032D1C
:10E120004ED00E2D50D00F2D5DD00D2D66D0132D5D
:10E130007CD0152D01D0182D0CD13046BDE8F8400B
:10E14000EBF7B3BA3046F7F7F0FF05462046F0F795
:10E150000DFB2880F8BDF0F73FF818B100222A2106
:10E16000F7F7EAFF2046FEF74DFE002141E00021CF
:10E1700040E0A06A20F400312046A162F0F72CF8BC
:10E18000BDE8F8403149F2F795B8F9F7EBFB69467D
:10E19000F9F72EFCBDF802000028DBD02046F0F78E
:10E1A0001BF80546FDF7DBFEBDF80210084401B27E
:10E1B0002846FFF78DFBA06A40F40030A062F8BD4E
:10E1C000BDE8F84004F026BAFCF7AEFDF8F7DAFB3C
:10E1D0000546F9F7C7FBF9F706FC042800D115B18D
:10E1E000E08C2085F8BDE18C208D8142FAD0E0845E
:10E1F00001212046BDE8F84004F006B93046F7F7A3
:10E2000094FF0078132812D0122810D0142801D0BF
:10E210001128E7D1E08C0028E4D0258D401E81B282
:10E220000122204600F0BBF82585F8BD06E0E08C11
:10E23000A18C401C8842F8D2258DF0E7EFF7CCFF87
:10E24000BDE8F840FEF7B2BDC0AA02087D2C020866
:10E2500070B50E460846F7F72CFF0446152805D082
:10E2600031461848FCF77FFC012823D13046F7F7E8
:10E270005EFF0546132C08D0292C1CD0152C19D173
:10E280003046BDE87040EAF7C3B83046F7F74DFFB7
:10E2900004462846FCF78EFDF0F768FA0646284645
:10E2A000FDF73BFE0246B4F90000B11A884200DCDB
:10E2B0000846208070BDFCF77DFDBDE87040002160
:10E2C00004F0A2B8DCAA02082DE9F84F15465FEA6F
:10E2D000010904460DD02046EFF77EFF4FF0000BFA
:10E2E0000090A4F826B0A4F828B0A4F824B05846AA
:10E2F00006E0FEE70A2902D1A18C491CA184401C3A
:10E3000019F800100029F5D1A08C401CA08494F8C5
:10E310002A00DDB340F0010184F82A104846E2F7F4
:10E320000EF8471CC7EBC7008246FAF765FF0646A2
:10E330000025A0F1010800BF07FB05604946E2F790
:10E3400013F86D1C07FB05F10A20EDB201F8080077
:10E35000072DF1D30AEB060101F801BC3146009804
:10E36000FAF79AFC3046FAF793FFA08C00EB4001D5
:10E37000E184C0EBC000A0842046F1F715F9E08CE1
:10E3800020850098BDE8F84FFEF710BD20F0010091
:10E3900084F82A0049460098FAF77EFCEFE730B48B
:10E3A00090F82A30DB070BD0C38C0724B3FBF4F3BF
:10E3B00013B1A3EBC3042144C3EBC303194489B2D3
:10E3C000838C8B4200D8591EC184018530BC114614
:10E3D00004F01AB870B50020086791F874000C4674
:10E3E00020F0030081F874004FF440712046FBF7E1
:10E3F000A7FF10212046FBF7A3FF0020F5F76CF8DC
:10E40000502505EBC000B0F5A07F08DB0020F5F734
:10E4100063F805EBC000A02190FBF1F000E00120C3
:10E4200001B22046BDE87040FEF794BF10B501462A
:10E430000348FBF7DDFE0446FBF748FF204610BD0E
:10E44000F8AA02082DE9F34F83B0FE480499FCF7BF
:10E450008AFB012852D10498F7F72BFE0546049851
:10E46000F7F765FE044600F047FA0646112D17D06F
:10E47000012D46D0022D78D0082D77D0032DFCD069
:10E480000E2D74D0292D73D0132D72D00D2D71D077
:10E49000152D33D1049805B0BDE8F04FE9F7F4BE6F
:10E4A0000498F7F742FE0546A06810B1B0F9147061
:10E4B00000E0002704F168016846F2F766FC3A467E
:10E4C00011466846F2F7B1FC002268462968E4F775
:10E4D000C7F92871002811D1022E0FD104F1600173
:10E4E0006846F2F752FC3A4611466846F2F79DFC40
:10E4F000002268462968E4F7B3F9287105B0BDE841
:10E50000F08F2046FEF720F894F8740040F00101E7
:10E5100084F874109EB1012E11D0022EEED1F9F7BD
:10E5200021FA6946F9F734FA2046FDF7F6FC05466C
:10E530002046FCF7FEFB854204DB012503E004F1E5
:10E5400024003BE0002500212046FDF733F9A5B368
:10E550000128BDF900000ED0B4F96C108842EEDC41
:10E56000B4F96010884241DB0DE062E0D6E008E1DA
:10E5700015E11AE189E1B4F968108842DFDBB4F9EA
:10E580006410884232DCB4F96410B4F96000091AEE
:10E5900001EBD17100EB6102BDF90000111A0029F5
:10E5A00000DC811A0BB2B4F96C20B4F96810521A6D
:10E5B00002EBD27201EB62022EE00DE020679DE7D4
:10E5C00008B298422DDA04F1240044F8700F207943
:10E5D00020F00200207191E7BDF90200B4F96A2031
:10E5E0009042ACDBB4F96610884202DD04F13000E1
:10E5F000E4E7B4F96230C91A01EBD17103EB6103AE
:10E60000191A002900DCC11A0BB2B4F96E10891A6C
:10E6100001EBD17102EB6102111A0029D0DC811AE1
:10E62000CEE704F1300044F8700F207940F002008A
:10E63000D0E7206F0028C2D0F9F794F90546F9F722
:10E64000D2F90128BBD169462846F9F7A1F9002182
:10E650002046FDF7AFF882462046FDF75EFC0646F1
:10E660002046FCF766FB054600212046FDF723FA0D
:10E67000804600212046FDF779FA07460021204612
:10E68000FDF7E4FA814600212046FDF79DF9024698
:10E69000D4E90A010B1AAE421FDBA6EB0802D21B1B
:10E6A00015B2BAF1010F11D0B4F91470BDF90060C0
:10E6B00007EB0802B21A5A4392FBF5F2236F04F1FA
:10E6C00030050244AB4214D1616A13E0B4F918205A
:10E6D000BDF90060D21B921BEDE7AE1AA6EB09054F
:10E6E000B4F91A70BDF902603A44B21A2DB252421E
:10E6F000E1E7206B824201DA024602E08A4200DD55
:10E700000A461868904296D020461A60FDF71CFF12
:10E7100000221C212046F7F70FFDEFE694F8740065
:10E7200020F0010184F87410002120462167FDF7D4
:10E730000BFF2046FCF7F8FA0546F8F723F90646E2
:10E74000F9F710F9F9F74FF90428E6D1002EE4D0D3
:10E75000204600F0D1F802280CD194F8740081070B
:10E7600004D440F0020084F87400C7E620F00200F0
:10E7700084F8740005B02846BDE8F04F0021F8F792
:10E780007CB9F9F7EFF8F9F72EF9042801D002283F
:10E79000C3D114F8740F20F002002070AEE605B06B
:10E7A0002046BDE8F04FFEF701BB4FF44037394635
:10E7B0002046FDF780F9814639462046FDF7D6F917
:10E7C000804639462046FDF741FA0646394620463E
:10E7D000FDF7FAF80546204643F60E023946FDF7E6
:10E7E00051FA00B2009039462046FDF757FB8246A9
:10E7F00039462046FDF744FB83462046FDF78DFB56
:10E8000000EB4A072046FCF794FA00EB4B008742E6
:10E81000204604DAFDF781FB00EB4A0003E0FCF739
:10E8200088FA00EB4B000099401010FB01F040F318
:10E830000F2049464246C14500DC1146B54203DD82
:10E840002A4602E0F8AA02083246914207DD49460C
:10E850004246C14501DD0D4604E0154602E0B542E1
:10E8600000DC354605444FF440312046AD1CFBF733
:10E8700037FC284404B20498F7F757FCB0F90010AD
:10E88000A14200DD0C46048038E60498F7F74DFC01
:10E890000078132812D0112810D0142801D0122883
:10E8A000F2D194F874008007204616D4F2F7FCFBEE
:10E8B000411E01222046F2F72AFC15E094F874006C
:10E8C0008007204604D4F2F7EFFB0122411CF1E758
:10E8D000F2F7DBFB0122411C03E0F2F7D6FB411EFD
:10E8E00001222046F2F7EEFB05B02046BDE8F04FCE
:10E8F00000221C21F7F720BC10B5F2F7C1FB01285C
:10E9000002D0022800D0002010BD00000FB40A463B
:10E9100008B505A9009101460348049BE5F7EAFB09
:10E9200001B05DF814FB0000E940000810B50020BC
:10E930000866B1F870000C4620F0FF00401DA1F8F9
:10E9400070000120C8660E48486640428866B1F8EB
:10E950007000012120F4E06000F58060A4F87000F0
:10E96000204601F031FB0121204601F0B7FA822157
:10E970002046FEF77FFF2046BDE8104000F010B9AA
:10E980009F860100C26E016E8B1A826E934209DB74
:10E99000002B03D5002901DD4A420266026EC16EDA
:10E9A000521A06E0B0F87030DB0502D5914200D172
:10E9B000426E026600F0F4B870B50E465848FCF797
:10E9C000D2F801287ED13046F7F773FB0546304672
:10E9D000F7F7ADFB0446082D17D00D2D72D1F8F7CF
:10E9E000C1FFF9F700F805463046F7F79EFB0168CE
:10E9F000132968D0142967D011297FD0122970D02B
:10EA00002046BDE8704000F099BFF8F7ABFFF8F77B
:10EA1000EAFF042820460CD001F057FA0546E1F73A
:10EA20008EFC216C6A5C2E2A31D0814233D1411E8A
:10EA300036E0FCF779F9F7F7A5FF00285BD0B4F8CA
:10EA4000700000F00F02012A55D9C0F341200228BE
:10EA50000DD00A200021521EFFF714F8E26ED317E2
:10EA6000101A8B4151DB0A212046E16603E0E06E7B
:10EA7000012804DD2046BDE8704000F06DB80A2092
:10EA80000021921EFEF7FEFFE06620463EE0204693
:10EA900001F0F7F807E031B9A06E002803DA012190
:10EAA000204601F021FAB4F87010226C01F00F0337
:10EAB000C1F303155B1E90B2AA4209D911F0F00F01
:10EAC00006D003E017E017E01DE017E0401E80B21B
:10EAD000191AA06E002800DA491C0120E066002007
:10EAE00007E017E0E26E02EB82025200401C80B2A7
:10EAF000E2668842F6D370BD042DBBD12046BDE846
:10EB0000704000F00FB8042D04D02046BDE87040DE
:10EB100000F02EB82046BDE87040FFF733BF00007C
:10EB200088710208C26E016E8B18426E934209DC36
:10EB3000002B03DD002901DA4A420266026EC16E33
:10EB40000A4406E0B0F87030DB0502D5914200D1EE
:10EB5000826E026600F024B8C16E0A2291FBF2F1C7
:10EB6000002901DDC16601E00122C26600F018B88B
:10EB7000D0E91921002901DA4B4200E00B469A4204
:10EB800001DD114602E0002900DA4942C26E02EBC3
:10EB9000820252008A4200DCC26600F001B8000026
:10EBA0002DE9F0418EB00546122108A8FAF7CCFCF9
:10EBB000A86E002708AC002809DA286E002801DBBF
:10EBC0002B2000E02D208DF82000641C00E00127A0
:10EBD0002B6E002B00DC5B4236A20E2102A8FFF751
:10EBE00095FE02A8E1F7ABFB95F870100DF108084F
:10EBF00001F00F010E1A002E12DD4046E1F79FFBD7
:10EC000081B2424601EB060C535C02F80C30491EFF
:10EC1000F8D50020302101E01154401CB042FBDB4C
:10EC2000B5F8700010F0F00F04D0C0F30316002008
:10EC3000414606E000F00F06F9E700BF04F8012B9B
:10EC4000401CB04202DA0A5C002AF7D195F8702025
:10EC500012F0F00F10D02E2204F8012B03E000BFB9
:10EC600004F8012B401C95F8702002F00F0282423C
:10EC700002DD0A5C002AF3D108A9284601F0E4F974
:10EC800095F870000A2200F00F00E96E04E000BF62
:10EC900091FBF2F1401EC0B20A29F9DAB04201DD5F
:10ECA000401CC0B2C01BC1B2284601F01DF90EB015
:10ECB000BDE8F0812564000030B50C4691B002211A
:10ECC0002046FBF73DFB6846F1F738FB1548CDE9D8
:10ECD00000404FF6FF70ADF83C00134801680A9100
:10ECE0004268079202F5B470CDE908206846F1F752
:10ECF00099FB0E48069000204FF4B475CDE9080545
:10ED000007900B4801906846F1F78CFB2A460021DA
:10ED10002046F1F7E8FE4FF487712046F1F794FFA3
:10ED200011B030BDA9490008F801002071030108A5
:10ED3000AF490008F0B584884FF0010623040BD5D5
:10ED4000006804E08B4201D1406815E00830038878
:10ED5000002BF7D10020F0BDC379002BFAD0012B96
:10ED600011D90468002004EB830509E035F8107020
:10ED70008F4204D154F8200010603046F0BD401C92
:10ED80008342F3D8E6E7C4F30E038B42E2D1006876
:10ED900010600120F0BD0821FAF7D6BBC07908B198
:10EDA00000207047012070471CB50022FF214E282B
:10EDB00066D01EDC332865D00EDC292860D006DC46
:10EDC00020284BD022284DD0252841D158E030288A
:10EDD00048D031283CD153E0462851D004DC3B28B0
:10EDE00040D0442834D13DE047283BD04D282FD196
:10EDF00038E040F63C04A0F63C03A04240D010DCD2
:10EE000040F25744A0F25743A0422BD004DC5228D2
:10EE100028D053281CD133E0012B31D00B2B17D134
:10EE20002EE040F2CA74A3F2CA70A3422FD006DCCF
:10EE3000092B25D0A3F5E063C73B09D127E0A0F556
:10EE40008060533821D0A0F2B530B0F5005F02D019
:10EE5000009200981CBD4FF4807014E0FF22114610
:10EE6000104602E0002211461046F3F7F9FC01902B
:10EE7000BDF804000190BDF80400ADF80000E8E71B
:10EE80000091E6E70F200090E3E70248FBE741F638
:10EE9000FF70F8E758A7020802490888401C80B2B2
:10EEA000088070475C0200202DE9F041828804460A
:10EEB0000F46100459D4E079002851D0012804D01D
:10EEC0002668002106EB80054DE0C2F30E00884263
:10EED0004BD1D00BC003A0800020E0713FE000BF09
:10EEE00035F81130BB423DD1022811D0401E00EB55
:10EEF00040004000FAF754F9010036D02160E07973
:10EF0000401EC0B2E07101EB8003002002461FE00A
:10EF10000120E071002907D0B5F8000060F30E026F
:10EF2000A28003D1706802E06888F7E7306820604B
:10EF300012E000BF35F810C0BC4508D056F820E0FC
:10EF400041F822E035F810C023F812C0521C401CD2
:10EF500094F807C08445EDD23046FAF7ABF90120AA
:10EF6000BDE8F081491C8842BAD80020F8E710B506
:10EF70000446808800040BD4E079012802D9206877
:10EF8000FAF798F92046BDE810400821FAF7DCBAF4
:10EF900010BD0A46652100F0E7B803B482B0BDF8A1
:10EFA0000C10ADF80010009A522104B000F0DCB84B
:10EFB0000A46512100F0D8B80A464FF4056100F026
:10EFC000D3B803B482B0BDF80C10ADF80010009AAD
:10EFD000202104B000F0C8B803B482B0BDF80C1012
:10EFE000ADF80010009A222104B000F0BDB80A4626
:10EFF00040F6280100F0B8B80A46212100F0B4B864
:10F0000003B482B0BDF80C10ADF80010009A3021A6
:10F0100004B000F0A9B80A46312100F0A5B80A46AC
:10F02000342100F0A1B80A46332100F09DB80A4609
:10F0300041F2320100F098B80A46612100F094B81C
:10F040000A46632100F090B80A46642100F08CB8AB
:10F050000A4641F2040100F087B803B482B0BDF85B
:10F060000C10ADF80010009A4D2104B000F07CB8EF
:10F070000A4640F6490100F077B80A4641F2060117
:10F0800000F072B80A4641F2030100F06DB803B413
:10F0900082B0BDF80C10ADF80010009A3B2104B00E
:10F0A00000F062B80A4640F63C0100F05DB80A463E
:10F0B00040F63D0100F058B80A4640F63A0100F02B
:10F0C00053B870B50C46054600F02EF82146284688
:10F0D00000F02FF82146284600F035F82146284652
:10F0E000BDE87040AFF300800A4641F6110100F020
:10F0F0003BB80A4641F6150100F036B870B50C462B
:10F10000054600F01BF821462846BDE87040FFF791
:10F11000F0BF70B50C46054600F006F821462846BB
:10F12000BDE8704000F005B80A4641F6120100F053
:10F130001BB80A4641F6130100F016B80A4641F61C
:10F14000140100F011B80A4641F6100100F00CB8A5
:10F1500070B50C460546FFF7F6FF21462846BDE888
:10F160007040FFF7C1BF00002DE9F04104468088E0
:10F170000E46010410D4E17901271546012935D93D
:10F180002268084602EB810308E000BF33F810C094
:10F19000B44503D142F82050BDE8F081401EF5D5BA
:10F1A000491C01EB410041001046FAF7C7F8010085
:10F1B000F2D02160E07901EB800205E002EB400C27
:10F1C00032F81030ACF80430401EF7D5E079401C1E
:10F1D000C2B201EB820000EB4200E27120F8026C47
:10F1E000E07901EB800040F8045C20E01AD1C0F324
:10F1F0000E00B04201D12260CEE70C20F9F7D0FF1B
:10F200000028C9D022682060E179491CC9B2E171A7
:10F21000A38800EB8101C3F30E030B804E80C0E98D
:10F22000002504E0E77166F30E00A08022603046FE
:10F23000E4F7F1FCA17987403943A171ACE70A46B4
:10F240006021FFF791BF03B482B0BDF80C10ADF898
:10F250000010009A442104B0FFF786BF0A4640F62A
:10F260004201FFF781BF0A4640F64501FFF77CBF28
:10F270000A4640F64301FFF777BF0A464FF40461A0
:10F28000FFF772BF70B50C46054600F02FF8214617
:10F290002846BDE87040FFF7DBBE0A4641F25D41FB
:10F2A000FFF762BF03B482B0BDF80C10ADF80010D8
:10F2B000009A40F2574104B0FFF756BF0A4641F2A8
:10F2C0005941FFF751BF0A4641F25B41FFF74CBF7E
:10F2D0000A4640F60B01FFF747BF0A4640F60A010F
:10F2E000FFF742BF0A466721FFF73EBF0A4641F2D9
:10F2F0000101FFF739BF00002DE9F0470F46DDE9B6
:10F3000008891E46154604461421FAF71DF92760A0
:10F3100005B9044DC4F80490083484E86001BDE8E0
:10F32000F0870000D70301084162FDF70DB90068BE
:10F330004FF0FF314162FDF707B910B54FF0FF30D4
:10F340000C46486210212046FAF7FAFF08212046B1
:10F35000FAF732FC2046BDE810404FF48061FAF71E
:10F360002BBC08460021F0F7A5BF00002DE9F047AF
:10F3700089463548FBF7F7FB01285CD14846F6F78C
:10F3800098FE04464846F6F7D2FE8046132C08D075
:10F390001C2C52D0152C4ED14846BDE8F047EAF758
:10F3A00046BA4FF440352946FCF78CFB0746294600
:10F3B0004046FCF7E2FB064629464046FCF74DFC7A
:10F3C000044629464046FCF706FBB74201DD3946B4
:10F3D00000E03146A04201DD024600E022469142B3
:10F3E00005DDB74201DD384604E0304602E0A042C8
:10F3F00000DC2046841C29464046FAF771FE204472
:10F4000005B24846F6F791FE0446B0F90000A8425E
:10F4100000DD054625804FF4003529464046FAF7C1
:10F420005FFE0146B4F90000814203DB29464046F5
:10F43000FAF756FE2080BDE8F08700F007F8404656
:10F44000BDE8F047FDF780B814AB0208F0B591B005
:10F45000064600216522FCF715FC07002DD030463A
:10F46000FCF75CF9746A00F00100611C4FF48075D0
:10F4700001D038B905E008B1002403E02C4600258E
:10F4800003E00025601B002801DD601B00E0281B55
:10F490007843070A00213046F0F70CFF6846F0F782
:10F4A0004DFF074808A9CDE900600648039007947E
:10F4B00081E8B0006846F0F7B5FF11B0F0BD00007C
:10F4C00029F301082FF3010810B501208884C884AE
:10F4D0000C460220F9F764FE2063E08C4000F9F747
:10F4E0005FFEE062216B82200880E16A0880E08C88
:10F4F000A18C48438100A06AF9F720FF0021A06297
:10F50000016010BD70B500250C462E460AE000BF14
:10F5100050F8250020B1F9F7CDFEA06A40F825602B
:10F520006D1CADB2A08CE18C4843A842A06AEFDC10
:10F5300008B1F9F7BFFEE06A08B1F9F7BBFE206B2E
:10F54000002803D0BDE87040F9F7B4BE70BD0000DC
:10F550002DE9FC410F466B48FBF705FB012843D121
:10F560003846F6F7A6FD05463846F6F7E0FD0446B0
:10F570002A2D14D02C2D17D0012D37D0022D35D0A7
:10F580004FF6FF76082D49D00E2D66D00D2D68D090
:10F59000152D29D13846BDE8FC41EAF7F9B9BDE897
:10F5A000FC41002102F0BABF3846F6F7BEFD034623
:10F5B00000200146A28C05E0256B35F81150491C4E
:10F5C000284400B28A42F7D800210A46E58C05E0BB
:10F5D000E66A36F81260521C314409B29542F7D8F7
:10F5E000401E1880491E5980BDE8FC8101AA694669
:10F5F000EEF7D5FE0128F7D1A18EBDF804008142B7
:10F6000004D1E18EBDF800209142EDD0A086BDF876
:10F6100000102046E186FCF797FFE5E7FCF794FF32
:10F62000F8F7A0F9F8F7D3F9A18EB1420AD0E18E2C
:10F63000B14207D030B900221C212046F6F77CFDEC
:10F640000128D1D1F8F78EF9F8F7CDF9012801D0CA
:10F650000328C9D1A686E686C6E7BDE8FC41FCF7CB
:10F6600073BF3846F6F761FDA18E0568E08E0F4640
:10F670008446B14201D0B04204D10020A086E08689
:10F680002046EAE7A38C8B4200DC0021E28C824218
:10F6900000DC0020142D0ED0132D0ED0112D0ED015
:10F6A000122DA1D1401C8B420DDC511E814208DD80
:10F6B0000021401C0EE0491EF5E7491CF3E7401EFF
:10F6C000F1E7591E06E0002904DA10B1591E401E68
:10F6D00000E00021824201DC501E02E0002800DA36
:10F6E00000208F4201D1844597D0A186E086204634
:10F6F000FCF72AFF02B02046BDE8F04100221C21A1
:10F70000F6F71ABD30AB02082DE9F041434E0C4626
:10F71000307881F82C00012849D0022849D00428EB
:10F7200002D0082806D101E0012100E0092120468D
:10F73000FDF734FE42F2640529462A462046FDF7CD
:10F7400030FF2046F1F7B6FD07462046FAF78AFE5D
:10F75000804601213846F2F795F90420F9F720FD9B
:10F760002FA1606201603846616AF2F7B7F80023A2
:10F770001C222C493846FAF7E1F94FF4804138460B
:10F78000FAF71AFA00231A4627494046FAF7D6F93B
:10F7900000214046FDF7F1FE94F82C00012815D019
:10F7A000022813D0042806D008281DD103E0002128
:10F7B000BDE70821BBE7B6F9022029463846FDF728
:10F7C000F0FE29464046FEF755F809E02A46B6F90C
:10F7D00002103846FDF7E5FE29464046FDF7FAFDE2
:10F7E00001214046FDF7EAFDF7F7C6F810B13946AA
:10F7F000F7F734F800214046FDF7D0FD03214046DD
:10F80000FDF7A5FE80214046FAF7D6F94046BDE84F
:10F81000F0414FF48061FAF793BD00000002002030
:10F8200000000000CD4C0008E15B000870B591F8C5
:10F830002C000C4610F00C0F4FF000060DD00025E8
:10F8400008E0606A50F82500F9F734FD606A40F876
:10F8500025606D1C208DA842F3D894F82C008007F9
:10F860000DD0002508E0606A50F83500F9F722FD58
:10F87000606A40F835606D1C208DA842F3D8606A3C
:10F88000F9F718FD666270BD70B50C460A48FBF7C3
:10F890006AF901280ED12046F6F70BFC05462046F2
:10F8A000F6F745FC292D05D1418DBDE870400022B9
:10F8B00000F00AB870BD0000C07102080121FBF71A
:10F8C00068B90021FBF765B92DE9F0470646008DC0
:10F8D0000C469146A04200D8441E3046FEF714F86C
:10F8E0003046FFF7EBFF050025D0002141F6150259
:10F8F000FCF7C8F907B22846FBF7C9F98046002192
:10F900003046FBF750FF012804D007EB08006043A6
:10F9100001B204E0604207EB0801414309B24A46E4
:10F920002846FDF7C7FC3046FFF7CBFFA1B2802287
:10F93000F1F794FF7485BDE8F087000073B592B0CD
:10F94000044613981090002010AD119029462046CF
:10F95000EFF712FF012862D194F85C00000704D58C
:10F9600013980A285BD00D2859D0304A002113A8DB
:10F970001268904701462046E5F7E6FC00284ED085
:10F9800094F85C00400702D5204602F089FBA06A8B
:10F9900038B1606AF8F7AEFD007810B92046FCF780
:10F9A000D3FD2A46216C606AF8F7AAFD204600F0D4
:10F9B000D3F894F85C00400727D5E06AE0F7BFFC75
:10F9C00006462846E0F7BBFC3118491CE06AF9F707
:10F9D000B5FCE06228B32A46216CE4F7E9F9208FF0
:10F9E00000B36846F0F7AAFC11480121CDE90040B8
:10F9F000208F0A9000200790CDE908010D4806905D
:10FA00000D4803906846F0F70DFD216C2046491C17
:10FA100000F06AFA00221C212046F6F78DFB14B094
:10FA200070BDFEE7204602F03BFBEEE778020020C7
:10FA300035210208FB03010837210208F0B591B017
:10FA40000D00044609D094F85C00400702D520461A
:10FA500002F026FB206B18B900E0FEE7606BA0B156
:10FA60000020374E374F009009E03268694628463B
:10FA700090473968884701462046FFF75FFF0098A6
:10FA8000285C0028F1D111B0F0BD29462046EFF7DF
:10FA900073FE0128F7D1A06A38B1606AF8F72AFD31
:10FAA000007810B92046FCF74FFD2A46216C606AA9
:10FAB000F8F726FD204600F04FF894F85C00400768
:10FAC00027D5E06AE0F73BFC06462846E0F737FC1E
:10FAD0003118491CE06AF9F731FCE06250B32A465C
:10FAE000216CE4F765F9208F28B36846F0F726FC0F
:10FAF00015480121CDE90040208F0A900020079091
:10FB0000CDE9080111480690114803906846F0F7C6
:10FB100089FC10492846266C096888473118204618
:10FB200000F0E2F911B02046BDE8F04000221C21AF
:10FB3000F6F702BBFEE7204602F0B2FAE9E7000062
:10FB4000780200208002002035210208FB03010812
:10FB5000372102088C02002070B50446406AF8F78D
:10FB6000CDFC4FF6FF75A84204D1606AF8F7C4FCDB
:10FB7000A84209D02946606AF9F7F0F82946606A78
:10FB8000BDE87040F9F7E7B870BD000010B591F816
:10FB90005C000C4620F0040081F85C000020C86284
:10FBA00040F2DC5121872063606394F8501041F0EB
:10FBB000010184F850100121216494F8501041F0A3
:10FBC000020184F85010A08794F85C1021F00A011B
:10FBD00084F85C106062A0622046F8F7F3F9606276
:10FBE0006420FDF7EDFE0146606AFDF743FE0CA1BF
:10FBF000606AF9F751F800231A460A49606AF9F772
:10FC00009DFF4FF480612046F9F7D6FF0021204682
:10FC100000F06AF92046BDE8104003F0B1B90000D9
:10FC20000000000065FE000838B50446016C406A1B
:10FC30006A46F8F779FB00212046FCF70CF90546E7
:10FC400000212046FCF7CBF80089BDF802106D1C9E
:10FC500008442844ADF80200A08FADF80000606AA7
:10FC6000FBF767F8BDF90210884209DD6946606A52
:10FC7000F8F75AFA01462046A58F00F035F9A58716
:10FC800038BD016C002902D0491E00F02DB9704723
:10FC9000016C491C00F028B938B50446016C406A73
:10FCA0006A46F8F741FB00212046FCF7D4F80546E8
:10FCB00000212046FCF793F80189BDF80200294491
:10FCC000401A401CADF80200A08FADF80000694654
:10FCD000606AF8F729FA0146A58F204600F004F97A
:10FCE000A58738BD38B50446006C00283FD021A058
:10FCF0006946006800902046EFF73EFD012836D1A6
:10FD0000606AF8F7F7FB216C05460122491EE3F70C
:10FD100097FF2946606AF8F7BFFF2046FFF71CFFF0
:10FD2000A06A38B1606AF8F7E5FB007810B92046A0
:10FD3000FCF70AFC94F85C0040070ED5216C012208
:10FD4000491EE06AE3F77CFFE06AE0F7F8FA411C3D
:10FD5000E06AF9F7F3FAE06250B1216C2046491EDF
:10FD600000F0C2F800221C212046F6F7E5F938BD64
:10FD7000FEE700007F00000070B5056C0446691CBA
:10FD800000F0B2F8206CA84204D02046BDE87040D4
:10FD9000FFF7A8BF70BD70B5C86A0C46002510B14A
:10FDA000F9F788FAE562A06A002802D0F9F782FA2A
:10FDB000A56270BD70B50E463F48FAF7D4FE012823
:10FDC00078D13046F6F775F904463046F6F7AFF9C4
:10FDD00005460E2C12D00D2C14D0012C60D0022C14
:10FDE0005ED0032C5CD0082C5AD0152C5DD0182C7A
:10FDF00060D13046BDE87040E7F718BABDE8704002
:10FE000003F0BEB83046F6F790F90168132910D018
:10FE1000142913D0112916D0122919D008291CD061
:10FE20007F291FD0022922D0032922D00A2927D0D6
:10FE300031E02846BDE87040FFF72ABF2846BDE8FC
:10FE40007040FFF71EBF2846BDE87040FFF724BF93
:10FE50002846BDE87040FFF7E7BE2846BDE8704081
:10FE6000FFF740BF2846BDE87040FFF785BF00217F
:10FE700001E047F6FF712846BDE8704000F034B855
:10FE8000284600F01DF830B12846BDE87040002239
:10FE90001F21F6F751B92846BDE87040FFF74EBD67
:10FEA0003046BDE8704005F083BC3046BDE8704088
:10FEB000EAF776B970BD00004CAB0208006C7047E1
:10FEC00090F85C00C0F3C000704790F85C104907E0
:10FED00002D4406AF8F70EBBC06A704710F8502F82
:10FEE00061F3410202707047F8B50546006C0C469C
:10FEF000A04266D0686AF8F7FDFA32490968884777
:10FF0000002C00DA0444844203DCA4F5FE41FF39EE
:10FF100000D1044628462C64FDF7F6FC0021284653
:10FF2000FBF75DFF06466A462146686AF8F7FCF96A
:10FF3000B6F908402846FBF78FF8BDF90210884251
:10FF400003DD01222846FDF7CBF92846FAF785FEA6
:10FF500006462846FBF780F8BDF902100A19101A68
:10FF6000B04206DD881B204401B201222846FDF77D
:10FF7000B7F92846FAF7A4FFBDF90010884203DD5F
:10FF800001222846FDF796F92846FAF780FE064634
:10FF90002846FAF795FFBDF900100A19101AB04269
:10FFA00006DD881B204401B201222846FDF782F9B4
:10FFB000BDF800102846A98702F0E2FF284602F0AB
:10FFC000D3F8F8BD8C02002070B5044690F85C00B0
:10FFD000C0F3C0028A4235D0B1B140F0080184F8C4
:10FFE0005C1042F2D1752946606AFDF743FC64203B
:10FFF000FDF7E6FC01460022606AFDF71DFC29467C
:020000040802F0
:100000002046FDF7E7F915E020F0080184F85C10C0
:100010006420FDF7D5FC0146606AFDF72BFC002249
:100020001146606AFDF708FC002241F204012046F7
:10003000FCF75EFF2046BDE8704000231A461946D3
:10004000FDF70DB970BD0000F0B591B00D0004468C
:1000500006D0FFF781FD206B47F6FF7618B900E068
:10006000FEE7606B10B334A1606AF8F715FE314605
:100070002046FFF739FF94F85C0041074FF000007D
:1000800001D5E16A08702D4E2D4F009009E03268CD
:100090006946284690473968884701462046FFF759
:1000A0004DFC0098285C0028F1D107E02946606AE1
:1000B000F8F7F2FD31462046FFF716FFA06A38B187
:1000C000606AF8F717FA007810B92046FCF73CFA96
:1000D00094F85C00400721D52846E0F730F9411C30
:1000E000E06AF9F72BF9E06200B32946E0F73CF942
:1000F000208FE0B16846F0F721F912480121CDE9DF
:100100000040208F0A9000200790CDE908010E489A
:1001100006900E4803906846F0F784F911B0204627
:10012000BDE8F04000221C21F6F706B8FEE72046A5
:1001300001F0B6FFF2E700000000000078020020A6
:100140008002002035210208FB0301083721020844
:1001500070B5044600F081F805000AD02046054A33
:100160000021FCF7E5FE21462846BDE87040E4F793
:100170000BBC70BDFFFF0F0000B500F059F8002860
:1001800000D0014800BD00007CB700202DE9FF47EA
:10019000994607460C9E00F04BF8214D40B90020CF
:1001A00028704FF41270F8F7FBFF1E490860E860F2
:1001B000F3F78CF9F3F7A2F94FF00108B0F5A07F3F
:1001C00001DC032007E0F3F781F9F3F797F9B0F5C5
:1001D000347F02DA0220687001E085F80180124C59
:1001E000A4F12800E760BDF804100187BDF80810ED
:1001F000418766610D48A6612060C4E9076902F085
:10020000EFFE27B13846F3F7B9F9A04202D100203A
:10021000FCF70CFF85F8008004B00348BDE8F087C8
:100220000C010020480200207CB700207D45020818
:1002300002480068002800D00120704748020020D2
:1002400008B500F00AF808B1006902E01120FDF7D6
:10025000A7FB0090BDF8000008BD10B510B1FAF77B
:1002600037FD01E0F3F732F9BDE81040F3F786B946
:1002700010B5044600F002F8001B10BD034901222E
:1002800048680A700B78002BFBD070472C020020C6
:10029000034900220A704A68104448607047000011
:1002A0002C02002010B50C4642F264010A4620469A
:1002B000FDF777F900231A4608492046F9F73EFC76
:1002C00080212046F9F778FC03212046FDF73FF90D
:1002D0002046BDE810400321FDF744B9F952020859
:1002E0002DE9F0410D460846FAF764FD064642F254
:1002F00064010A462846FDF754F92846FDF704FB39
:100300003046FAF7AAFC0E4C2189484307B2304622
:10031000FAF7BDFCA1883A46484301B22846FDF7EA
:10032000FEF8217885F82410D4E90102104304D1A5
:100330003046BDE8F041FDF7FDB8BDE8F0810000B2
:10034000040200202DE9F041074615460E460B48F1
:10035000E3F714FA040010D0A7604FF0FF302660D6
:10036000206100206061FFF789FFE560044960605B
:10037000012008712046BDE8F081FEE7A0B700200B
:100380006002002010B5044601460548E3F73BFA39
:1003900004490120C8702046BDE81040F8F78ABF24
:1003A000A0B70020600200202DE9F047494CA0785A
:1003B00010B10120BDE8F0870120A0702078002650
:1003C00028B1FFF75BFF5FEA000902D007E0A670E3
:1003D000EFE72069401C2061642800D926613E4D6A
:1003E0004FEA060884F8038084F804803B48E3F76A
:1003F000A0F9286037E03948E3F7ADF92E680746E1
:10040000307DC0072ED18246304600F078F888B99A
:100410003069B0F1000A01DD401E3061FFF72EFFA8
:100420007060B16821B1BAF1000F01D03046884741
:100430004FF0010AE07820B9306910B93046FFF773
:10044000A1FFBAF1000F0DD02079E178084309D05F
:1004500028680028C6D100BF4FF0FF351F48E3F7DA
:1004600068F911E02F6029680029C4D1F4E7307DD4
:10047000C00705D1304600F042F8A84200D2054638
:1004800031461648E3F767F90600F0D14846FFF712
:10049000EFFEE1680844E060A068FFF7E9FEB0F510
:1004A000FA7F13D3E16864225143B1FBF0F0C0B28C
:1004B0006070642801D9002001E0C0F16400607020
:1004C0002646C4F80C80FFF7D9FEB06084F802809D
:1004D00028466FE76002002044020020A0B70020F9
:1004E00001214161704710B50446FFF7C7FE21683E
:1004F000401A401E606010BD00214161704710B578
:1005000004464068FFF7B4FE2168814201D800200C
:1005100010BD081A10BD70B50346083A0C4602F02B
:100520000300111AA00705D1A1F10C004FF6F572D6
:10053000904201D3002070BD2078251F00F00300F9
:10054000084320F0020040F00101216029461846CE
:10055000E4F74BFA2846E4F77DFA0179022141607D
:10056000204670BD70B5810701D0002070BD00230A
:100570008060C0E90303194600EB810200EBC1145F
:100580005361002204EB8206521CF063202AF9DB3F
:10059000491C0A29F0DB70BD70B50C460546FFF713
:1005A000E1FF0646A4F23C5205F23C51FFF7B3FFCF
:1005B000304670BD70B5002926D008390646087946
:1005C0000C46C00700D0FEE70846E4F799FA217907
:1005D000304689070CD52568A5B12979C90712D0FD
:1005E0002946E4F7F5FA21462846E4F7E3F90446FC
:1005F00021463046E4F79EFA01463046BDE8704099
:10060000E4F7F3B9FEE7FEE770BD00F23C50704737
:1006100070B50A46054604211046E3F795FF0446E7
:1006200001462846E4F71CFA014622462846BDE862
:100630007040E4F7A5BA2DE9F05F90460C008146C2
:100640004FF000051FD0B8F1000F18D0A4F1080535
:100650002846E4F78AFA82466868042120F00307F6
:10066000DAF8040020F00300384400F1040B40469F
:10067000E3F76AFF06462879C00709D0FEE7484637
:10068000FFF798FF41E01146FFF7C2FF05463CE047
:10069000BE4216D99AF80400C00701D05E4510D9B1
:1006A00041464846FFF7B4FF05002ED04046474577
:1006B00000D307463A4621462846F8F767FE21460A
:1006C000DDE7BE4206D929464846E4F733FA284614
:1006D000E4F723FA28794F46C00700D0FEE73146F9
:1006E0002846E4F778F978B131462846E4F781FAEC
:1006F0000146406820F0020048603846E4F71AFAE4
:1007000001463846E4F771F925462846BDE8F09FD2
:1007100070B5164601B90D49001F0D460DE000BF2A
:1007200010F0010F0FD0002220F0030104F10800A7
:100730003346A8472046E4F718FA040002D0606860
:100740008108EDD170BD0122EEE70000D55E000802
:100750005A3000B200F004B85A3000B2AFF3008053
:100760004FF4B47190FBF1F201FB1200002802DAA1
:1007700000F5B47000B20E495A2802DA31F91000BF
:100780007047A0F15A025A2A03D2C0F1B40000B255
:10079000F4E7A0F1B4025A2A01D210B202E0C0F587
:1007A000B47000B231F81000404200B2704700004F
:1007B000F0A802082DE9FF4F83B05FEA0009119FFE
:1007C0007BD099F80000002877D00498002871D0D9
:1007D0001098800702D541F6FF70069000243F4A2A
:1007E000009401945268A346254626464FF0FF38F0
:1007F00069464846904782460098019050E0374A43
:1008000001A948465268904783461098761CC00755
:1008100004D051461298E3F7F5FA98BB5A46514670
:100820000498F5F764FD00B229180DB2002802DD26
:100830000598284405B2B8F1FF3F05D10598291A5B
:100840000698814200DDA0465046BAF10A0F1AD040
:10085000BAF10D0F17D00146A0F59C4045F2A51244
:10086000904210D9002005E01DA2125C8A420AD0F5
:10087000401CC0B21AA2125C002AF5D117B1B8F11F
:10088000FF3F08D008E024B9B8F1FF3F01D107B11C
:100890003D60761E08E03D60DDE90040DA460090EC
:1008A00019F804000028AAD1B8F1FF3F06D0139828
:1008B00070B1404607B0BDE8F08F0CE02EB1BAF140
:1008C0000D0F03D1BBF10A0F00D1009C2046F1E7C8
:1008D0000FB1002038600020ECE700007402002017
:1008E000202C2E3B3A2D5F002DE9FF4F83B00446AC
:1008F0004FF00000DDF848A0DDF8409020809346DE
:100900000F00608049D0BBF1000F46D05FEA8A70CB
:1009100002D541F6FF7011900025A846BBF808608B
:1009200025E00020CDE9000A781902905946119B74
:10093000069AE3F7BDF98044B4F9020006EB090119
:100940000144B1F5004F28D2304448446080A8EB00
:100950000501CDF800A05A46069B029800F022F847
:10096000B4F90010814200DB084620804546785DDE
:100970000028D6D15DB1781910F8010C0A2801D0F1
:100980000D2804D1618806EB090008446080B4F9A1
:10099000020028B1A0EB0900608007B0BDE8F08F2D
:1009A0006680FAE72DE9FF471E46DDF83090904655
:1009B0000D4607000CD0B8F1000F09D03878002898
:1009C00007D00020044602908DF80C00EDB923E01A
:1009D000002004B0BDE8F08702AB01AA69463846A2
:1009E000E3F74EF95FEAC97004D003A80099E3F772
:1009F00009FA50B9DDE900124046F5F778FC00B27B
:100A0000002802DD2044304404B20298A842E3D317
:100A1000002C01DDA01B04B22046DAE710B5014628
:100A2000802825D3002301F03F0242F08002B1F577
:100A3000006F0AD2C0F3841141F0C00161F30700D6
:100A400062F30F2063F3174010E0C1F3851444F004
:100A50008004B1F5803F0CD2C0F3033141F0E001D6
:100A600061F3070064F30F2062F3174063F31F6024
:100A700010BDB1F5881FFBD2C1F3824343F0F003F0
:100A8000C1F3053163F3070041F0800161F30F20EA
:100A900064F3174062F31F6010BD00002DE9F041C0
:100AA00000240F4606462546DFF8248007E0D8F8E4
:100AB00000103019884700B9012004446D1CBD4264
:100AC00002D2305D0028F2D12046BDE8F08100005E
:100AD00074020020F8B5074600200D460446064E75
:100AE000009004E07268694638469047641C00989C
:100AF000A842F7D32046F8BD74020020F8B50024C0
:100B00000546074E009404E07268694628469047FF
:100B1000641C0098285C0028F6D12046F8BD00002F
:100B20007402002078B500250446009501B9694695
:100B30000A68A05C030601D4054634E006260223B9
:100B4000B6EB501F06D1C006400D24E004F03F0371
:100B50001D1828E00E26B6EB101F02D10007000C6E
:100B60000FE01E26B6EBD00F1DD1521C0A604007C5
:100B7000A55CC00AB3EB951F13D105F03F0500EB50
:100B80000530521C0A60A55CB3EB951F09D105F036
:100B90003F0500EB8510521C0A60A45CB3EB941F68
:100BA000D4D0002078BD521C28460A6078BD0000D1
:100BB000F8B5074608680025401E0C460D4E086033
:100BC00001E0042D13D2206831683844884718B9F1
:100BD000216861B1491E21606D1CEDB20028F0D082
:100BE000206800907268694638469047F8BD00203A
:100BF000F8BD0000740200200078010601D4012035
:100C000070470621B1EB501F01D1022070470E2121
:100C1000B1EB101F01D1032070471E21B1EBD00FA3
:100C200001D10420704700207047000008B50093F0
:100C300013460A4601460248E3F75CFA08BD000085
:100C4000E940000870B50D460846FAF7B3F80646C5
:100C5000FAF76FF804463046FBF75FF90146224683
:100C60002846FCF79EFC01212846FCF797FB284606
:100C7000F9F7F8FB0446104842F264063146B0F931
:100C800000202046FCF78DFC00212046FCF786FB67
:100C900002231A4600212046FCF764FB2846F9F798
:100CA000E1FB04460121FCF789FB31462046BDE803
:100CB0007040FCF7DFBD000010020020DFF730FFBE
:100CC000E1F746FBE1F782F9E1F758F9E1F7BEF900
:100CD000E1F7E0F900F086FCE1F766F900F094FC3A
:100CE000FEE770B50D4606468022F0F7ABFD0446E0
:100CF00080213046F0F7BBFA002C06D0294630465A
:100D0000BDE870408022F0F7A9BD70BD2DE9FF4F0E
:100D100098468A880B8883B0D21A521C16B2CA88A9
:100D200049888146511A491C1498DDF848B00FB221
:100D300001280AD002280AD003282FD1314D00BF44
:100D40005FEA0B0027D0002058E02F4DF8E72F4D29
:100D5000F6E7002415E000BF09EB440B119ABBF83D
:100D60000000ADF8040008EB44000088ADF8000076
:100D7000DDE90001A8470090BDF80010ABF80010B5
:100D8000641CB442E8DB05990AF1010009EB410952
:100D9000109908EB41088246B842DADB07B0BDE89B
:100DA000F08F00241EE000BF1BF80400C8B1FD282E
:100DB00001D3119A02E011994843020A09EB440059
:100DC00001900088ADF8080008EB44000299008803
:100DD000ADF800000098A84700900198BDF80010F9
:100DE0000180641CB442DFDB05990AF1010009EBC4
:100DF0004109109908EB410813998B448246B84287
:100E0000CFDBCBE7D35A00084B5A0008575B0008EA
:100E10002DE9FF4F06468A8808888BB0101A401CBF
:100E200007B2CA884888DDE919BA101A401C0FFABF
:100E300080F85FEA0A001D46584605D0FD287CD997
:100E4000A7F1040B002027E1FD2813D300247F0025
:100E50000BE03A4629463046F8F798FA0D98641C9C
:100E600006EB4006189805EB40054445F1DB0FB052
:100E7000BDE8F08F002021E0002415E006EB440AD5
:100E80005A46BAF80000ADF8180005EB4400008897
:100E9000ADF81400DDE90501F1F78DFD0590BDF811
:100EA0001410AAF80010641CBC42E7DB0D9806EB96
:100EB0004006189805EB400509F1010081464045C0
:100EC000DADBD4E7D14600241CE000BF99F800200B
:100ED000AAB1FF2A06EB44001AD009900088ADF8A9
:100EE000200005EB44000088ADF81C00DDE9070197
:100EF000F1F761FD0690BDF818100998018009F11D
:100F00000109641CBC427CDA5FEA8970DED178E0BA
:100F100005EB44010988F1E7D9F80000F0B3401C63
:100F200074D099F80020BAB1FF2A06EB44007AD0B9
:100F300009900088ADF8200000E0B6E005EB440021
:100F40000088ADF81C00DDE90701F1F734FD0690DB
:100F5000BDF818100998018009F10100059099F871
:100F60000120AAB1FF2A06EB440060D00990408816
:100F7000ADF8200005EB44004088ADF81C00DDE929
:100F80000701F1F718FD0690BDF818100998418087
:100F90000598401C05900278BAB100E02EE0FF2AC7
:100FA00006EB440047D009908088ADF8200005EB9F
:100FB00044008088ADF81C00DDE90701F1F7FBFC77
:100FC0000690BDF818100998818005984278AAB15A
:100FD000FF2A06EB440032D00590C088ADF820000F
:100FE00005EB4400C088ADF81C00DDE90701F1F70E
:100FF000E2FC0690BDF818100598C18009F10409BB
:10100000241D5C4588DB3BE000E00CE005EB440080
:1010100006EB440102880A8042884A8082888A80DE
:10102000C088C880EAE705EB4401098893E705EB2F
:1010300044014988ABE705EB44018988C4E705EB27
:101040004401C988D9E700BF99F80020AAB1FF2A56
:1010500006EB440025D009900088ADF8200005EB90
:1010600044000088ADF81C00DDE90701F1F7A3FC9E
:101070000690BDF818100998018009F10109641C57
:10108000BC42E1DB0D981B9906EB400618988A4498
:1010900005EB40050198401C01904045FFF612AF5A
:1010A000E5E605EB44010988E6E700202DE0002491
:1010B0001FE000BF1AF80400D0B1FD2801D35A4642
:1010C00002E000FB0BF0020A06EB440003900088EC
:1010D000ADF8180005EB44000088ADF81400DDE918
:1010E0000501F1F768FC05900398BDF81410018024
:1010F000641CBC42DEDB0D981B9906EB4006189879
:101100008A4405EB400509F1010081464045CEDBEC
:10111000ADE600002DE9FF4F85B09A460C46DDF89C
:1011200050B0E2F771FD0390A0882188401A401C5E
:1011300006B2E0886188401A401C0FFA80F8BBF1C3
:10114000000F01D000204BE000271DE0002515E036
:10115000139802900AEB4500079A0088ADF8040046
:101160006088384400B2009020880599284403B272
:1011700003980068D0F81CC0E0476D1CB542E7DB5F
:1011800012997F1C0AEB410A4745DFDB09B0BDE835
:10119000F08F00251BE000BF1BF80500B0B11399CC
:1011A0004843000A02900AEB4500079A0088ADF810
:1011B0000400618801EB090000B2009020880599C5
:1011C000284403B203980068C769B8476D1CB5424C
:1011D000E2DB159909F101008B4412990AEB410AEF
:1011E00081464045D5DBD1E770B515460E4604462D
:1011F000802805D2E117002004EB9171891006E0E8
:1012000004F0D7F8411FCC4084F02001801F3060EB
:10121000296070BDFD2902D2022901D80020704743
:1012200010FB01F000EBC01101EBC030C0F3C75060
:10123000704700002DE9F041F4F779FF0746F9F710
:10124000B9FD0646F9F7B6FD0546F0F7B5FC0468AA
:1012500000213046F9F79DFCB84244F3074008D11D
:10126000012801D0401E07E00C2060F31744601EE7
:101270001FE00C2819D0401C60F3174444F30747C3
:10128000A1B20C463A462846F0F798FC01213046B8
:10129000F9F77FFC0849224601EB870151F8043C2D
:1012A000BDE8F04105A1F7F72EBD012060F317441A
:1012B000601C60F30F04E1E7700100202564202525
:1012C0007300000070B50546F4F731FF0446284668
:1012D000F4F72FFF05462046F4F7C2FC04462846E3
:1012E000F0F76AFC0088641C62B262F3174081B2B6
:1012F0002846BDE87040F0F761BC000070B50D46AF
:1013000000212846FBF790FA00212846FCF746F812
:101310000023022219462846FCF724F82846EFF756
:1013200083FF0646002228A1FCF74CFA42F2640132
:101330003046FCF74FF83046FCF7E6FA3046F9F74E
:10134000F8FC044601463046FCF794FA00230722D5
:101350001E493046F8F7F2FB04213046F8F7F0FF5B
:101360002846F6F72FFE06460321F7F759FC002220
:1013700002213046FCF766FA01213046FCF71EF8E0
:101380002846EFF751FF0646002211A1FCF71AFA92
:10139000224611463046FCF704F9002307220B4988
:1013A0003046F8F7CBFB04213046F8F7C9FF00239D
:1013B0001C2208492846F8F7C1FB2846BDE87040C2
:1013C00000221C21F4F7B8BEEF8193003512020809
:1013D000EF819400F55D02082DE9F0410F460846C3
:1013E000F9F7E8FC044600213846FBF71DFA002116
:1013F0003846FBF7D3FF3846F4F790FB164D064608
:101400006968F4F7BBFD23461C2214493046F8F7FF
:1014100095FB01213046FBF7D1FF3846F4F77EFB00
:1014200006462968F4F7AAFD23461C220C493046DB
:10143000F8F784FB01213046FBF7C0FF00231C2294
:1014400008493846F8F77AFB3846BDE8F0410022F3
:101450001C21F4F771BE0000A00100204D690208B4
:10146000C5120208395E020870B5094D0446686865
:10147000002808D044B12046ECF742FCA96820447B
:10148000884200D3002070BD0248006870BD000093
:10149000F800002050020020002902D00068091D39
:1014A00042507047002901D00068425070472DE932
:1014B000F041044600222121F4F73EFE00287ED0B0
:1014C00000212046F9F765FB10B1FFF7F0FFF7E7C1
:1014D0002046F9F729FC06460020F6F749FA0546AA
:1014E00000271CE0686AA04202D0A86AA04203D18B
:1014F00021462846F6F7E0FA286BA04200D12F6378
:10150000286DB04207D1F6F73DFAA04203D121463B
:101510002846F6F7D1FA2846F6F72AFA0546002DAE
:10152000E0D12046E2F7A3F96068042600282046AF
:1015300002D0F9F704FC29E0F9F7CAFB05460020C0
:10154000EA68696A04E052F82030A3420AD0401CDD
:101550008142F8D806E0E96806EB80028A5841F833
:101560002020401C696A491E8142F4D8686A401EE6
:1015700081006862E868F7F7E1FEE8601BE009684F
:1015800006EB80028A5841F82020401C6168896877
:101590004A68521E8242F2D8606880684068401EE5
:1015A000486061688200896808681146F7F7C6FEDE
:1015B0006168896808602046BDE8F04100E001E00C
:1015C000F7F778BEBDE8F08110B5EFF3058111B1F2
:1015D0006FF0050403E0002408B104F0DDFA2046B2
:1015E00010BD0000EFF3058010B16FF005007047EB
:1015F0000448016811B14FF0FF30704701210160CC
:10160000002070478C00002010B5EFF3058010B16A
:101610006FF0050010BD08480168012902D04FF0A5
:10162000FF3010BD054A002182F8141D022101601F
:1016300004F062FB002010BD8C0000200BE000E0F5
:101640002DE9FF414FEA01034FF00005EFF305815B
:10165000039549BB40B38027182100244AB316687C
:1016600006B1344696691EB13146761E382E02D236
:101670001679F60703D0002004B0BDE8F081566962
:1016800006B1B708D2F808C0BCF1000F0DD0D5687C
:101690005C2D18D312693AB136B18DE806103A467E
:1016A000214604F06AFF03900DE0D6685EB9126926
:1016B0004AB903AACDE90012BAB2214604F030FFBC
:1016C000012800D003950398D6E7F0B50027DDE99F
:1016D00005458E1A012B05DC03280CD004280AD0FE
:1016E000052808D0891A09B206282AD2DFE800F0B6
:1016F000290A0320140E2F80208806EBD67100EBF8
:1017000061001CE02F802088304418E05B1E18B276
:1017100091FBF0F02880F0BD91FBF3F0298808449C
:1017200000B22880218800EBD07001EB600006E059
:101730005B1C18B291FBF0F02880218808442080BF
:10174000F0BD2F80F0BD2DE9F05F05460C46501E20
:1017500053B12188A1EB620121800844A080E88A6E
:101760006080688BE08009E06188A1EB62016180A4
:101770000844E080A88A2080288BA0804FF440365F
:1017800031462846FAF797F9814631462846FAF756
:10179000EDF9824631462846FAF758FA8046314636
:1017A0002846FAF711F9834631462846FAF776FBC0
:1017B000074631462846FAF763FB0146208809EBC5
:1017C0000702801A2080A0880AEB07021044A0803C
:1017D000608808EB0102801A6080E0885944084460
:1017E000E080BDE8F09F70B50446ECF7EEFC050024
:1017F0001DD0F9F79EFA06462046F9F72EFA8642E2
:1018000015DD00212846FAF7DAFA06890021284674
:10181000FAF705FBE18E3044414309B20022606AC9
:10182000FBF75EFD606ABDE87040FAF78DBE70BDE3
:101830002DE9F041134C0F460546E6682068001D6F
:1018400004F075F8681C07D137B12168BDE8F04194
:101850000D48091D04F0BCB820683544B542456008
:10186000216805D2A06BBDE8F041091D04F098B8CD
:10187000606B091D04F094F8A06A854200D2A5624D
:10188000BDE8F0813C000020E80800202DE9F0418F
:10189000054604F0A9F82D4CA068401CA060206803
:1018A0002B4F10B1606930B32BE02560A068012890
:1018B00027D1002606EB860007EB800004F062F8D3
:1018C000761C382EF6D3234804F05CF821481430F7
:1018D00004F058F81F48283004F054F81D483C30F4
:1018E00004F050F81B48503004F04CF8194860637D
:1018F0001430A06305E02068E96AC06A884200D815
:101900002560606A401C60626864E86A21698842F8
:1019100000D9206100EB800007EB8000291D04F056
:1019200057F804F081F8606900280CD02068E96A53
:10193000C06A884207D208494FF080500860BFF360
:101940004F8FBFF36F8FBDE8F08100003C00002097
:10195000380400209808002004ED00E038B504F0B9
:1019600043F8104C2068C8B90F4804F00BF80E4833
:10197000143004F007F80C48E060143020610A4B82
:101980000020F03B009003F1500210210A2004F0E7
:1019900069FB206010B105A104F0C8F8BDE838402B
:1019A00004F042B878000020EC090020546D725118
:1019B0000000000030B4026C0B46002A0BD0C16856
:1019C0001144C1608468A14201D30168C16030BC88
:1019D0001846DEF790BC30BC70472DE9F041856BAE
:1019E000174604460026026C82B1C7B1E068DEF7F4
:1019F00082FCE168206C091AE1602268914202D2FF
:101A0000A168081AE060022F16D017E02068A8B974
:101A1000A06804F05DFE06460020A0600EE060684D
:101A2000DEF769FC216C606808446060A168884248
:101A300004D32068606001E005B16D1E6D1CA563D4
:101A40003046BDE8F08110B5044690F8590058B111
:101A500001280CD002280FD0502080F31188BFF34A
:101A60004F8FBFF36F8FFEE7206B03F0F1FF20462F
:101A7000BDE8104003F0ECBF10BD000010484FF46B
:101A80007051420706D0C01D0D4920F00700411AD1
:101A9000C1F570510B4A00230144C2E90003083923
:101AA000183A21F0070111604B600B600B1AC0E976
:101AB000001393604FF00040536050617047000086
:101AC000CC100020A8000020144E154CA6F29C4714
:101AD0004FF08058DFF84C9012E000BF03F084FF15
:101AE000F068C568281D03F022FFA068401EA060B2
:101AF0006068401E606003F097FF2846FFF7A3FF71
:101B000060680028EAD138680128F9D9C9F800804E
:101B1000BFF34F8FBFF36F8FF2E70000D4080020B0
:101B20003C00002004ED00E070B51D46049C51B15E
:101B3000C4F80020C4E90F010121204604F0C6FAD0
:101B400084F84C5070BD2460F4E700002DE9F05F8C
:101B50008846DDE90B941546834691009A460A9E15
:101B6000A522206BDEF7D9FB6FF00301206B01EBA0
:101B70008501084420F00707780707D0502080F33C
:101B80001188BFF34F8FBFF36F8FFEE70025B8F1C9
:101B9000000F0FD05FF00000221818F8001082F834
:101BA000341018F8001011B1401C1028F4D384F838
:101BB000435001E084F83450382E00D33726E662D3
:101BC000C4E91365201D03F0E8FE04F1180003F0DA
:101BD000E4FE2461C6F138006462A061656584F8A2
:101BE000585052465946384600F0A8FA2060B9F1DC
:101BF000000F01D0C9F80040BDE8F09F30B5114991
:101C000000E011460A688242FBD34B685C188442AC
:101C100003D1406818444860084643681C18944241
:101C200009D1084C183C2468A24209D052681A44D1
:101C300042600A6812680260814200D0086030BDCC
:101C40000460F9E7A800002070B5002441600B4D46
:101C50000061914206D8D11A8269914206D2011DD3
:101C6000286907E09A4203D2994201D3012403E094
:101C7000011DE86803F094FE204670BD7800002046
:101C800010B5044603F0B0FEA06B28B15FF000046D
:101C900003F0CAFE204610BD0124F9E730B589B033
:101CA0003C4D6EE00498002806DADDE90601059A4D
:101CB00090470498002864DB069C606910B1201DE1
:101CC00003F035FE03A800F0D7F8024604980A286E
:101CD00057D2DFE800F00505052D334A05052D3301
:101CE00094F8280040F0010084F828000599A069C4
:101CF000059B01442046FFF7A7FF68B3216A2046F1
:101D0000884794F8280040073BD5002000900598AC
:101D1000A169002342181946204604F0E3FDD8B912
:101D2000502080F31188BFF34F8FBFF36F8FFEE712
:101D300014F8280F20F00100207022E094F8280009
:101D400040F0010084F828000598A06128B18118AE
:101D500013462046FFF778FF13E0502080F31188E8
:101D6000BFF34F8FBFF36F8FFEE794F82800810712
:101D700003D4204603F06CFE03E020F0010084F859
:101D80002800002204A9286804F0F4FA002889D168
:101D900009B030BD780000202DE9FC410F46054612
:101DA00003F0EEFF01A800F067F80446019818B1AF
:101DB00004F006FDBDE8FC81254EAFB13069006836
:101DC000D0B30027291B3A46306803F0C3FE04F065
:101DD000F7FC0028EED11F494FF080500860BFF398
:101DE0004F8FBFF36F8FE5E7A542EBD804F0E8FC17
:101DF000F0682746C068C468201D03F098FD94F879
:101E00002800410719D5A0692B4641193A462046BA
:101E1000FFF71AFFA8B100200346014600902A46AA
:101E2000204604F05FFD60B9502080F31188BFF3B5
:101E30004F8FBFF36F8FFEE707E020F0010084F8BB
:101E40002800216A20468847B4E70127BAE7000046
:101E50007800002004ED00E00648416B096829B1D4
:101E6000416BC968C9684968816270474FF0FF31AA
:101E7000FAE700003C00002070B5054604F0B6FB10
:101E8000064E0446B068844203D200F009F80120EF
:101E900000E0002028602046B46070BD780000207B
:101EA000F8B5194D20E0C068C4680668201D03F02D
:101EB0003EFD216A2046884794F82800400713D544
:101EC000A0693044B04206D924616060211DE868F1
:101ED00003F066FD08E0002003460146009032460C
:101EE000204604F0FFFC38B1E86801680029DAD127
:101EF0002969C5E90310F8BD502080F31188BFF3AC
:101F00004F8FBFF36F8FFEE77800002008484068CE
:101F1000401C4FF0500080F3118804D0BFF34F8F66
:101F2000BFF36F8FFEE7BFF34F8FBFF36F8FFEE7F7
:101F3000B0000020074CE068016841B1C068002192
:101F4000D0F80000FFF728FFFFF7A8FEF3E7012114
:101F50000020F7E7780000202DE9F041044603F067
:101F600043FD94F9455004F1240609E0606A48B144
:101F7000304604F0EDFB08B103F084FE6D1E6DB237
:101F8000002DF3DC4FF0FF3684F8456003F04CFD84
:101F900003F02AFD94F9445004F1100709E0206988
:101FA00048B1384604F0D4FB08B103F06BFE6D1E57
:101FB0006DB2002DF3DC84F84460BDE8F04103F01D
:101FC00033BD00002DE9F0410546002703F0D8FE9F
:101FD000324E306808B9FFF751FD706905424ED1A5
:101FE000C5B3083568070ED005F00700C0F108003A
:101FF0000544680707D0502080F31188BFF34F8F46
:10200000BFF36F8FFEE72DB37068854237D8234842
:10201000183001460C6801E020460C466168A94270
:1020200002D221680029F7D131688C4227D0076895
:102030002168016060680837411B10290FD96019B9
:10204000420708D0502080F31188BFF34F8FBFF3B1
:102050006F8FFEE713E041606560FFF7CFFD6168B9
:102060007068401A7060B268904200D2B0607069C7
:1020700001430020C4E90001F068401CF06004F056
:102080009FFB780707D0502080F31188BFF34F8F54
:10209000BFF36F8FFEE73846BDE8F0819000002067
:1020A0002DE9FF47064690F85C00400739D5706A75
:1020B000F6F720FA1C4909688847040031D000214E
:1020C0003046F9F78CFE002342F222026946F4F70B
:1020D0009EF808B115A000E015A08146DEF72FF9A3
:1020E000074604FB07F0401CF7F786F880460025FA
:1020F00007E000BF05FB07803A464946F7F746F977
:102100006D1CA542F6DB7D43002108F80510414611
:10211000706AF6F7C1FD4046F7F7BAF8304600F0AE
:1021200023F8BDE8FF8700008C020020E280A200B7
:102130002A00000070470068FFF7B2BF10B5031F08
:102140004FF080741C601B1F21F001011960191FE2
:10215000044B0B6014390A60091F6FF00202443807
:102160000A6010BD0D1F02082DE9F04F91B0044622
:102170000021F9F734FE099000212046F9F76BFEA3
:102180000890206C0590606AF6F7B4F9784A8246A8
:10219000059912689047DFF8DCB106460AEB0600A5
:1021A000DBF8002081460021904707000998B0F92C
:1021B00008807DD00A2FFCD00D2FFAD0002239469E
:1021C0000998F4F794F805B203AA606A0599F6F73E
:1021D000ABF8606AF6F78EF902460021606AF7F7FD
:1021E000EBFF616ABDF90C20B1F91430B1F9181098
:1021F0001A442A448A4228DD94F85C10090724D442
:10220000032822D00020ADF80C000899BDF80E205C
:1022100008EB01001044ADF80E00002F7ED05649A7
:102220004846096888470644DBF800200AEB0600A8
:1022300000219047010071D00A296FD00D296DD07F
:1022400000220998F4F753F805B24FF4E02B20462A
:102250005946E664F9F7F7FA064659462046F9F773
:102260000AFD00EB060A204641F611025946F9F72D
:1022700009FD00EB060959462046F9F731FC87199C
:10228000204641F613025946F9F7FCFCBDF80C2034
:102290003044D11BADF83410BDF80E3010446D1E23
:1022A000A3EB0A012844ADF83610ADF8380000E081
:1022B00057E003EB0901A8F101000844ADF83A002A
:1022C00004F144010D4601A8EEF768FD606ABDF80F
:1022D0000410828A1144ADF80410BDF80610C08ABB
:1022E0000844ADF80600606ABDF80810808A08440A
:1022F000ADF80800606ABDF80A10C08A0844ADF85D
:102300000A0001A92046FAF753F90DA92846EEF76D
:1023100045FD294601A8EEF741FD00E024E0606A92
:10232000BDF80410828A1144ADF80410BDF80610FF
:10233000C08A0844ADF80600606ABDF80810808ABB
:102340000844ADF80800606ABDF80A10C08A084465
:10235000ADF80A0001A92046FAF72AF911B0BDE844
:10236000F08F002220212BE70022202169E70000C6
:102370007C02002078020020740200202DE9F04148
:102380000446EDF7DDFA2046F9F7C7FD05460021C2
:102390002046F9F7DEF9281A00EBD07040F34F061B
:1023A00094F83C0000F003016420012903D00229C5
:1023B00004D0A08C0BE094F8261001E094F82710CC
:1023C0004FF4B47211FB02F1B1FBF0F080B200B235
:1023D0000746FEF7C5F910FB06F0C1132185384604
:1023E000FEF7B6F910FB06F0228D05EBD571C01390
:1023F00002EB6102228500EB610060852046BDE8AA
:10240000F041EDF79DBA00002DE9F04790B0884605
:102410000646EBF7E1FE05006BD0F6F76BF80246D7
:1024200000212846F7F7C8FE012838D0022802D03C
:10243000032819D10CE03046F8F729FC0446284659
:10244000F9F76BFD201A00EBD07040F34F0108E064
:102450003046F8F71CFC04462846F9F75EFD201AC2
:1024600001B22846FBF71DFA00213046F9F7AFFC10
:10247000044600213046F9F7E0FC8246B4F90870C2
:102480003046F8F7EAFB8146304600216522F9F72D
:10249000F9FB84B2B8F1000F03D014B104E00021BD
:1024A000DFE73046EDF780F8F18C07EB0A00484390
:1024B00009EBD971491007EBD772A1EB6201081A39
:1024C00006B2B8F1000F17D0B4B16846EDF736FF89
:1024D0000F48CDE900502846F9F741FDCDE908063F
:1024E00007900C4803900C4806900A946846EDF754
:1024F00099FF10B0BDE8F08705492846EDF7DAFEF0
:1025000010B031462846BDE8F047FBF7E1B90000BE
:102510007D2C0208F1270208A30301082DE9F04FE2
:102520000C464FF4A02689B005463146F9F7D1FA9A
:10253000079031462846F9F727FB82463146284660
:10254000F9F792FB814631462846F9F74BFA804667
:1025500031462846F9F755FC069031462846F9F7EA
:1025600073FC834631462846F9F735FC0590314621
:102570002846F9F7B9F9074631462846F9F7ADF983
:1025800006461FE0079BCDF800B0CDE9013ACDE942
:102590000398DDE90523A1B22846ECF729F8E96A9A
:1025A000B04221F81400E96A01DA024600E032463E
:1025B000BA4201DA384602E0B04200DB304621F888
:1025C0001400641CE88CA042DCD809B02846BDE8A1
:1025D000F04FFAF717BC2DE9F0410746F8F7EBFA90
:1025E0000546002412E0B868006850F824603046C0
:1025F000F9F7AAFF00222A213046F3F79DFD304665
:10260000F9F7A2FF3046FFF7E6FF641CAC42EAD3BD
:10261000BDE8F0812DE9FE4F0446EBF7DDFD060035
:1026200009D0F5F79FF98046F5F7DDF9042805D0C4
:10263000022803D012E00120BDE8FE8FE28C214683
:10264000228504280AD10846F8F76EFB0546F4F700
:1026500099F918B100212846F4F70FFA4046F5F72A
:10266000C2F9012804D04046F5F7BDF9032863D12B
:10267000A06A800331D4002569464046F5F788F901
:10268000BDF80200F18A401AADF80200BDF8000062
:10269000B18A401AADF8000069463046F5F744FDAE
:1026A00007463046F5F726FF82460020804606465C
:1026B000DFF8949001900DE0D9F8002001A9504670
:1026C00090470A2803D1B84501D06D1C2DB2DDF822
:1026D0000480761CBE42EFD327E000212046F9F7A4
:1026E00076FB054600212046F9F7A7FB2989B4F9B6
:1026F0001A200844B4F9161007B2501A00EBD07033
:1027000001EB600005B20C214046F5F726FAF18A8C
:10271000084400B2281A90FBF7F0002800DA0020E5
:10272000A18C814200DC481E05B2002D04DBA9B259
:1027300001222046FBF733FEE08C029002AA1C2106
:102740002046F3F7F9FC77E77802002070B5D1E96D
:102750000245D5B1D4B1E560AC6000EBC21505EB24
:102760008305EE6B8E420FD1EC6384420CD100EBFB
:10277000820501216C6901FA03F39C436C6103D16A
:10278000036991408B43036170BDFEE7FEE72DE9CD
:10279000F0410C46498C06460020C1F3C5010EE00D
:1027A00026B1E26852F83020B24207D14FF6FF72EC
:1027B0004FF470212046FAF73DFB02E0401C8142B5
:1027C000EED82046F8F7F7F90746002507E0A0689D
:1027D000006850F825103046FFF7D9FF6D1CBD4248
:1027E000F5D3BDE8F081002200680A21F3F7A4BC0C
:1027F00010B50068F8F7DEFABDE81040ECF7D4BE7B
:102800002DE9FF4F85B090460C460846F8F7D2FAFE
:1028100006461021F9F7CAFB00286FD03046F8F7BA
:1028200027FB834600253046F8F70FFC1434CDE92A
:10283000024000B9059C00213046F8F7E8FF8246C7
:1028400000213046F9F7CAF9504407B2002130465A
:10285000F9F789F8504400B20190F08A6188384451
:10286000421AB8F80210501A0FFA80F9728B0198C8
:10287000101AE288801A081A00B200903046F8F761
:1028800058FAC11B0198081A00B20490B9F1000F60
:102890000CDB0098002814DAB9F1000006DD0546CB
:1028A0003046F8F7D9FB401B0AD40AE0009800280C
:1028B00007DD404205B23046F8F788FAE84200D515
:1028C00000250398012804D0022807D003280DD141
:1028D00015E0F08A61883844294421E0718B019821
:1028E000091AE0882844081A284405B20024304612
:1028F000F8F7A4FB0090A8B1029F14E0BEE0049892
:10290000F18A00EBD07007EB60000844E288618830
:10291000521A521C12B202EBD27205EB620211443F
:10292000401AE1E7059F00213046F9F793F850443B
:102930000FFA80F900213046F9F7E7F85044B18AE0
:102940000FFA80FA01EB09003988338B421AB8F884
:102950000010501AA3EB0A02BB8800B2D21A891ADF
:1029600009B200280BDB002913DA002807DD044632
:102970003046F8F7A5FA2044002809DC09E00029D0
:1029800007DD484204B23046F8F7FAFAE04200D5D3
:1029900000243046F9F7C1FAA0EB0901A1EB0A00C7
:1029A000009900B2012904D0022907D003290DD1D2
:1029B00022E0B18A01EB0900398803E0318BA1EBF9
:1029C0000A00B9882144401A204404B22D493046F7
:1029D000EDF770FC07462C493046EDF76BFC3843A9
:1029E00006D000220A213046F3F7A6FB012845D184
:1029F0005FEACB7011D013E000EBD072B18A09EB23
:102A000062000844B9883A88891A491C09B201EB66
:102A1000D17104EB61011144D5E7002C00DA0024E8
:102A20005FEA8B7002D4002C00DD00245FEA4B705B
:102A300002D4002D00DA00255FEA0B7002D4002DCD
:102A400000DD00250898B8F90010002800D02046C5
:102A50000844A8F80000B8F9021002D14FF00000B5
:102A600000E028460844A8F80200089B09B02A465E
:102A700021463046BDE8F04FFAF7F4BA09B0BDE898
:102A8000F08F0000512B0208392B020870B5164652
:102A900005460C4651EA06001CD02846F7F796FA80
:102AA000A86801233246018A21440182A868418A2C
:102AB0003144418221462846F9F7F6FD00220B21D8
:102AC0002846F3F739FB012804D12846BDE87040B9
:102AD000F9F73ABD70BD30B5AAB1B0F91630B2F908
:102AE00000401D19B0F93240A54201DAE31A138003
:102AF000B0F91640B2F90030E518B0F936309D4211
:102B000001DD1B1B1380002915D0B0F91430B1F979
:102B100000209C18B0F93020944201DAD21A0A80C1
:102B2000B0F91420B1F90030B0F9340013448342F5
:102B300001DD801A088030BD10B50346F8F793FA1E
:102B4000084401B2BDE8104000221846FFF79EBFBE
:102B500010B50346F8F78EFA084402B2BDE81040FB
:102B600000211846FFF792BFF8B505460C46084607
:102B7000F1F7CAFF4FF4803631462846F8F72CFEAD
:102B8000E070022808D9284631462022F9F77AF861
:102B90000090BDF80000A080284631463122F9F7A8
:102BA00071F8C0B2002784F82200022815D92846FF
:102BB000314641F23202F9F765F800B2208400286C
:102BC00009DD284631463022F9F75CF80090BDF85F
:102BD0000000E08301E084F822702846314640F688
:102BE0004502F9F74FF8C0B284F8360002281CD924
:102BF000284631464FF40462F9F744F800B2E08504
:102C0000002810DD284640F643023146F9F73AF82D
:102C1000A086284644223146F9F734F80090BDF8E2
:102C20000000A08501E084F8367031462846F8F7A8
:102C300062FEFD280AD2E17811FB00F1090AE17079
:102C40004143080A84F8220084F83600E07830B95D
:102C500094F8220018B994F83600002805D03146BF
:102C60002846F9F777F820800120F8BDA0F8441035
:102C7000F9F76ABCA0F84610F9F766BC09B2FAF792
:102C800027BE00002DE9F84F04464F1091460D462F
:102C90004FEA610AC80700D17F1E60008346F6F73D
:102CA000ABFA06464B46002026E000BF03EB44008B
:102CB000009030F8021C6943601E15D4002200EB1E
:102CC0000A0C26F81010A44501DA33F81C208A1AE1
:102CD000C11B012901D5198803E003EB410131F83B
:102CE000021C401E1144E9D55A4631461846F6F7F3
:102CF0004DFB009B08F101008046A042D6DB4FF45B
:102D00007F51B1FBF5F2002093B214FB04FC0CE000
:102D100039F8102042B18A4202D129F8103003E07C
:102D200092FBF5F229F81020401C8445F0D80020D1
:102D300039E000BF09EB4002934613886B43002142
:102D400023E0002B02DA4FF0000C01E04FEAA31C55
:102D500026F811C0A1EB0A0CBCF1000F02DCB2F89E
:102D600000C003E00CFB040839F818C0A3EB0C0CFE
:102D7000CB195B1CA34200DB631E03FB040802EBC0
:102D8000440239F81830491C6344A142D9DB5A4641
:102D9000002105E036F81130138002EB4402491C93
:102DA000A142F7DB401CA042C4DB3046BDE8F84F2F
:102DB000F6F76EBA2DE9F0470E468AB01F468046F8
:102DC000014615469146D41907A8EDF7BAFF05EB61
:102DD000D57007EB600145F30002891A891EADF832
:102DE0002010012101EB6000ADF81E004046EEF717
:102DF0000AF8BDF82010081AADF81C004046EDF79F
:102E0000D6FFBDF81E1000230844ADF822003A4654
:102E100007A901A8F1F7A8FD4D46B9F1010F01D0AE
:102E20004FEA69052046F6F7E7F98246B0460027E3
:102E300034E021465046F6F7B5FB01A80090DDF8D6
:102E400004C023B23AB200215046E04740B19AF89C
:102E50000000800190FBF5F1A8F80010012018E0B7
:102E600061004046F6F770FB15E000BF0AEB000278
:102E70001AF8001012F8012C914204D108EB40011D
:102E800031F8022C02E0890191FBF5F228F81020BC
:102E9000401CA042EADB08EB44087F1CA742C8DBC9
:102EA0005046F6F7F5F901A8F1F7D6FA012D14D03E
:102EB00020B2324629460746FFF7E4FE09F001003A
:102EC000284401B2012926DD4FF47F5090FBF1F236
:102ED000002093B204FB04F517E00020644304E0F3
:102EE00036F810108A093254401C8442F8DC0AB0CB
:102EF000BDE8F08736F8102032B1FF2A0ED09201DB
:102F000092FBF1F226F81020401C8542F2D832469E
:102F10003846FFF7B7FE0020644307E026F810307C
:102F2000F2E700BF16F810103154401C8442F9DC5F
:102F3000DDE7F0B597B0074614460D4601A8F1F756
:102F4000E3FDFF2211461046EFF7F4FB0090BDF8B9
:102F500000000090BDF80000ADF8080000262A46E9
:102F600001A93846F1F7BCFD0FA8F1F757F8234641
:102F70002A460FA938460096F0F7B4FD17B0F0BD09
:102F800030B591B005464FF4E0216522F8F77AFE9E
:102F9000040017D06846EDF7D1F90F480A94CDE93F
:102FA000005001200D9400210790CDE908010B4845
:102FB00006904FF6FF70ADF83C006846EDF732FA28
:102FC00011B030BD04492846EDF774F915F8500FDB
:102FD00040F001002870F3E7835C0008FB03010860
:102FE0002DE9FC47FE4DFF4C95F82000C00703D0AB
:102FF000FD48EFF733FB03E004211220FAF7B6FC9B
:103000000090BDF80000608095F82000C00704D053
:1030100005211220FAF7AAFC03E004211220FAF796
:103020008DFC0090BDF80000A08095F82000C0073E
:1030300003D0EE48EFF712FB01E0EFF7CFFE009070
:10304000BDF80000E08095F82000C00703D0E848F4
:10305000EFF704FB03E002211220FAF787FC00904F
:10306000BDF80000208100264620CDE90006DC489E
:103070005023E04AE0492838FCF73EF9D84800964A
:103080005023DC4ADC4914380196FCF735F9E06836
:10309000D03001F069FAD249E0682839D030FCF725
:1030A00021F9E068D83001F05FFACD49E0681439C1
:1030B000D830FCF717F9E068083001F055FA95F8B8
:1030C0002000C00704D002211220FAF737FC02E0EA
:1030D0001220FAF765FC0146E0680830FBF771FF43
:1030E000E06847F6FF7A51460830FCF7A8F8072158
:1030F000E868F0F7F6F80146E0680830FBF7E1FF12
:103100000521E868F0F7EDF80146E0680830FCF7C3
:10311000EDF8E06866210830FBF76EFFB049E06823
:1031200014390830FCF7DEF8E068103001F01CFAC2
:10313000E068FF211030FBF75FFFE06801F014FA50
:10314000FF21E068FBF758FF6088ADF800000099A8
:10315000E068FBF736FFA088ADF800000099E06852
:10316000FCF7A0F8607801287ED00228E8687CD0BF
:103170005FF00A01F0F7B5F80146E068FBF7DEFF03
:103180006078012872D00228E86870D05FF00A01E8
:10319000F0F7A7F80146E068FBF7ABFFE0681830EE
:1031A00001F0E2F960780128E8687DD05FF008015D
:1031B000F0F797F80146E0681830FCF740F8E0684F
:1031C000FF211830FBF718FFE088ADF80000E06839
:1031D00000991830FBF7F5FE2089ADF80000E06893
:1031E00000991830FBF70CFF0221E868F0F779F836
:1031F0000146E0681830FBF71AFFE068012118303B
:10320000FBF70DFFA088ADF80000E06800991830CA
:10321000FCF748F8607801287ED00228E8687CD066
:103220005FF01001F0F75DF80146E0681830FBF739
:1032300048FF6078012871D00228E8686FD00A2121
:10324000F0F74FF80146E0681830FBF777FF607839
:10325000012865D00228E8687ED00A21F0F741F8FD
:103260000146E068183003E083E085E086E088E00E
:10327000FBF73FFF1220FAF793FB0146E068183096
:10328000FBF7EBFE0121E868F0F72BF80146E06858
:103290001830FBF7EDFEE068A03001F065F9DFF8CB
:1032A0004081A8F1280800E06DE0E0684646D8F8C3
:1032B0003810A030FBF7EBFE0321E868F0F711F8B7
:1032C0000146E068A030FBF7F7FE0321E868F0F75D
:1032D00008F80146E068A030FBF7E9FEE0687F21CE
:1032E000A030FBF7DFFEE068A83001F03DF9708FF9
:1032F000ADF80000E0680099A830FBF7C8FE032194
:10330000E868EFF7EEFF0146E068A830FBF7D4FE6F
:10331000E0687F21A83004E037E039E03AE03CE0A3
:103320003DE0FBF7BFFEE068203001F01DF960785A
:10333000012839D00228E86839D00821EFF7D1FFF9
:103340000146E0682030FBF77AFFE068FF2120307B
:10335000FBF752FE208900E024E0ADF80000E068B1
:1033600000992030FBF72DFE95F82000C00720D0F3
:103370006FE00E21E868FDE60C21FBE60E21E8680F
:1033800006E70C2104E70C2112E71821E86849E759
:10339000142147E70E21E86852E70C2150E70E217F
:1033A000E8685BE70C2159E71021E868C6E70C21C3
:1033B000C4E71220FAF7F4FA0146E0682030FBF780
:1033C00042FF0020F0F788F800EB40004FF4A079AE
:1033D000A0265030484517DB0020F0F77DF80DE0BF
:1033E0007CB700200C0100201A171500302B280094
:1033F00037322F00D7030108746B020800EB40003E
:10340000503090FBF6F000E0012001B2E06820307F
:10341000FBF733FFE0687F212030FBF724FF00201B
:10342000F0F75AF8502707EB8000484507DB0020EB
:10343000F0F752F807EB800090FBF6F000E0012077
:1034400001B2E868EFF74DFF0146E0682030FBF776
:1034500005FFA088ADF80000E06800992030FBF778
:1034600021FF607801287DD00228E8687BD01021F8
:10347000EFF737FF0146E0682030FBF74AFE60783F
:10348000012871D00228E8686FD00A21EFF729FFE0
:103490000146E0682030FBF75BFE0521E868EFF7A6
:1034A00020FF0146E0682030FBF723FE0521E86895
:1034B000EFF717FF0146E0682030FBF73FFEFF49BA
:1034C000FD4808600831FE480860E068583001F0A7
:1034D0004BF8E068F9495830FBF7B2FDE06823216A
:1034E0005830FBF7B1FDE068603001F03DF8F3497A
:1034F000E06808316030FBF7A3FDE0687F216030B1
:10350000FBF7A2FDE068C03001F02EF8E068012171
:10351000C030FBF791FDE0680121C030FBF77FFD73
:10352000E068803001F020F8607801287ED0022821
:10353000E8687CD05FF01001EFF7D3FE0146E06849
:103540008030FBF7BEFD6078012871D00228E86862
:103550006FD01021EFF7C5FE0146E0688030FBF721
:10356000EDFD03E0ECE3ECE3ECE3ECE36078012851
:103570007ED00228E8687CD05FF01001EFF7B1FE42
:103580000146E0688030FBF7B4FDE068783000F079
:10359000EBFF607801286DD00228E8686BD00A2123
:1035A000EFF79FFE0146E0687830FBF78AFD607810
:1035B00001287CD00228E8687AD00A21EFF791FE32
:1035C0000146E0687830FBF799FDE068883000F04C
:1035D000CBFF0A21E868EFF784FE0146E0688830F7
:1035E000FBF7ACFD0A21E868EFF77BFE0146E068D7
:1035F0008830FBF77EFDE068903000F0B5FF1421C5
:10360000E868EFF76EFE0146E0689030FBF75BFE7E
:10361000E068983000F0A8FFE06802219830FBF7DE
:103620003CFEE068683000F09FFF03E0FEE3FEE34D
:10363000FEE3FEE3E06800216830FBF742FDE0684E
:1036400000216830FBF77AFDE06800216830FBF765
:1036500050FDE068703000F087FF607801287CD072
:103660000228E8687AD00221EFF73BFE014603E02A
:10367000FEE3FEE3FEE3FEE3E0687030FBF721FDCE
:10368000607801286BD00228E86869D05FF00201F9
:10369000EFF727FE0146E0687030FBF74FFD6078DA
:1036A00001287DD00228E8687BD0022101E0E6E312
:1036B000E6E3EFF716FE0146E0687030FBF719FD10
:1036C000E068283000F050FFE0684646D8F838102F
:1036D0002830FBF776FCEFF781FB0146E0682830E5
:1036E000FBF7E0FDE068FF212830FBF785FCE06890
:1036F000303000F039FFE068B16B3030FBF761FC2F
:10370000E068B16B3030FBF7CDFDE068332130303D
:10371000FBF772FCE068383000F026FF708FADF8E0
:103720000000E06800993830FBF74BFCEFF756FBE0
:103730000146E0683830FBF7B5FDE068FF2138301E
:10374000FBF75AFCE068403000F00EFF708FADF8D8
:103750000000E0680099403003E0FDE3FDE3FDE395
:10376000FDE3FBF72EFC708FADF80000E0680099D8
:103770004030FBF797FDE06833214030FBF73CFC1D
:10378000E068483000F0F0FE2089ADF80000E06805
:1037900000994830FBF715FCE068FF21483001E054
:1037A000FDE3FEE3FBF728FCA088ADF80000E0682D
:1037B00000994830FBF776FDE068503000F0D4FE09
:1037C000E088ADF80000E06800995030FBF7F9FBA5
:1037D000E068FF215030FBF70FFCA088ADF8000037
:1037E000E06800995030FBF75DFDE068B03000F014
:1037F000BBFEE06857465146B030FBF720FDE0685D
:10380000B83000F0B1FEE0680021B830FBF717FDDA
:10381000E068C83000F0A8FE0321E868EFF761FD1A
:103820000146E068C830FBF758FD0321E868EFF770
:1038300058FD0146E068C830FBF74AFDE068F0300B
:1038400000F092FEE068B16BF030FBF7BAFBE06885
:10385000FF21F030FBF7D0FB0621E868EFF741FDD0
:103860000146E068F030FBF72CFCE0683946F030A8
:10387000FBF7E5FCE068E03000F076FEE068C82188
:10388000E030FBF786FBE068E83000F06DFEE068B2
:103890007821E830FBF77DFBE06800F5807000F0F0
:1038A00063FE2089ADF80000E068009900F58070A3
:1038B000FBF773FB0F2105E0F15C00081C01002001
:1038C00091E80008E868EFF70CFD0146E06800F5B4
:1038D0008070FBF771FBE068012100F58070FBF759
:1038E00067FBE06800F5847000F03EFEE068B16BB5
:1038F00000F58470FBF751FBE06800F5987000F06C
:1039000033FEE0684FF4827100F59870FBF7B5FB69
:10391000E06800F59C7000F027FE0321E868EFF7EF
:10392000E0FC0146E06800F59C70FBF7CAFB022151
:10393000E868EFF7D6FC0146E06800F59C70FBF7FD
:1039400076FBE068B16B00F59C70FBF759FBE088F3
:10395000ADF80000E068009900F59C70FBF731FBC2
:10396000E068FF2100F59C70FBF746FB60780128BA
:10397000E8687CD05FF00801EFF7B3FC00EBD07093
:103980004110E06800F59C70FBF759FCE06800F519
:10399000A07000F0E9FDE068FCA100F5A070FBF765
:1039A00026FBEFF71BFA0146E06800F5A070FBF775
:1039B00079FCE068696900F5A070FBF77FFCE068BE
:1039C00000F5A47000F0D0FD0421E868EFF789FC51
:1039D000404201B2E06800F5A470FBF772FBEFF71C
:1039E000FDF90146E06800F5A470FBF7EAFAE0682B
:1039F00000F5A87000F0B8FDE068012100F5A8709E
:103A0000FBF736FBA088ADF80000E068009900F5F0
:103A1000A870FBF722FBE06800F5947000F0A4FDAD
:103A2000E068002100F59470FBF7F9FA0A21E868D4
:103A3000EFF757FC0146E06800F59470FBF759FB7F
:103A40002089ADF80000E068009900F59470FBF75C
:103A500004FBE06800F5887000F086FD0321E8684B
:103A6000EFF73FFC0146E06800F5887000E019E3DD
:103A7000FBF7FEFA0321E868EFF733FC0146E06844
:103A800000F58870FBF7DBFB0821E868EFF729FCFD
:103A90000146E06800F58870FBF7F4FB0221E86856
:103AA000EFF71FFC0146E06800F58870FBF721FB8B
:103AB000E06800F58C7000F057FDE068394600F5CD
:103AC0008C70FBF7BCFB0821E868EFF70AFC0146A5
:103AD000E06800F58C70FBF7D5FBE068B16B00F592
:103AE0008C70FBF76EFAE068FF2100F58C70FBF735
:103AF00083FAE06800F5907000F036FD0121E86877
:103B0000EFF7EFFB0146E06800F59070FBF7B0FAC5
:103B1000A088ADF80000E068009900F59070FBF710
:103B20009CFA0221E868EFF7DCFB0146E06800F54B
:103B30009070FBF7C6FA1220F9F732FF0146E068F1
:103B400000F59070FBF7AEFBE06800F5D07000F078
:103B50000BFDE068002100F5D070FBF7B2FAE068D9
:103B6000002100F5D070FBF7C9FAE068002100F5EC
:103B7000D070FBF764FBE068012100F5D070FBF723
:103B80005BFAE068002100F5D070FBF74CFAE068C2
:103B900000F5EC7000F0E8FC60780128E8687CD063
:103BA0005FF00801EFF79DFB0146E06800F5EC705F
:103BB000FBF745FBE068012100F5EC70FBF73CFAF0
:103BC000E068FF2100F5EC70FBF716FAE088ADF82D
:103BD0000000E068009900F5EC70FBF7F2F9A088AE
:103BE000ADF80000E068009900F5EC70FBF75AFBB7
:103BF000E06800F5D47000F0B7FC607801287DD053
:103C00000228E8687BD00A21EFF76BFB0146E068E9
:103C100000F5D470FBF77DFA6078012870D0022897
:103C2000E8686ED05FF00A01EFF75BFB0146E068E1
:103C300000F5D470FBF78CFA607801287ED002285A
:103C4000E8687CD05FF00A01EFF74BFB0146E068C3
:103C500000F5D470FBF752FA0121E868EFF741FB59
:103C60000146E06800F5D470FBF7E1F9E06819213E
:103C700000F5D470FBF7CFF9A088ADF80000E0683C
:103C8000009900F5D470FBF7BBF9E068002100F55E
:103C9000D470FBF7C8F9E06800E005E200F5D870E1
:103CA00000F062FCE068002100F5D870FBF709FA2B
:103CB000E068002100F5D870FBF720FA0121E868E0
:103CC000EFF70FFB0146E06800F5D870FBF7AFF99E
:103CD000E068192100F5D870FBF79DF9A088ADF8D0
:103CE0000000E068009900F5D870FBF789F9E068FA
:103CF000082100F5D870FBF796F903E0D6E1D8E18A
:103D0000D9E1DBE1E06800F5DC7000F02DFCE06853
:103D1000002100F5DC70FBF7D4F9E068002100F524
:103D2000DC70FBF7EBF9E06800F5E47000F01CFCD8
:103D3000607801287ED00228E86805E0C0E1C2E191
:103D400074E177E178E17BE175D00A21EFF7C9FAF8
:103D50000146E06800F5E470FBF7DBF960780128C4
:103D60006AD00228E86868D05FF00201EFF7B9FA7C
:103D70000146E06800F5E470FBF7EAF96078012895
:103D80007AD00228E86878D00A2101E0EF808C0020
:103D9000EFF7A7FA0146E06800F5E470FBF7AEF92B
:103DA000E06800F5E87000F0DFFB6078012865D07E
:103DB0000228E8687DD00221EFF793FA0146E06817
:103DC00000F5E870FBF7A5F96078012872D00228A9
:103DD000E86870D05FF00201EFF783FA0146E0680F
:103DE00000F5E870FBF7B4F9E068002100F5E87031
:103DF000FBF739FAE068002100F5E870FBF7FCF802
:103E0000A088ADF80000E068009900F5E870FBF7C5
:103E100049FAE06800F5E07000F0A6FBE0680021D8
:103E200000F5E070FBF775F9002107E00AE10DE10C
:103E30000EE111E149E14BE14CE14EE1E06800F5B2
:103E4000E070FBF75BF9E06800F5F07000F08CFBC8
:103E5000E068332100F5F070FBF7CEF81220F9F797
:103E60009FFD0146E06800F5F070FBF7AAF808E056
:103E7000F4E0F7E0F8E0FBE031E133E134E1F9E0D0
:103E8000FCE0E06800F5F47000F06EFBE0680021F3
:103E900000F5F470FBF7B0F8607801287ED00228B6
:103EA000E8687DD05FF00201EFF71BFA0146E06899
:103EB00002E01CE11DE11FE100F5F470FBF748F999
:103EC000E06800F5B07000F04FFB0521E868EFF7FF
:103ED00008FA0146E06800F5B070FBF7C9F8A08861
:103EE000ADF80000E068009900F5B070FBF7B5F898
:103EF0001421E868EFF7F5F90146E06800F5B070C5
:103F0000FBF7C0F90F21E868EFF7EBF90146E0682D
:103F100000F5B070FBF708F9E06800F5B47000F048
:103F200023FBE068394600F5B470FBF788F9A088F8
:103F3000ADF80000E068009900F5B470FBF741F8B7
:103F4000E068FF2100F5B470FBF756F80F21E86830
:103F5000EFF7C7F9014603E092E095E096E099E0BB
:103F6000E06800F5B470FBF78DF9E06800F5AC701F
:103F700000F0FAFA0121E868EFF7B3F90146E068CA
:103F800000F5AC70FBF753F82089ADF80000E0684D
:103F9000009900F5AC70FBF733F803E0AEE07BE08E
:103FA000B0E07DE0E068032100F5AC70FBF73BF882
:103FB000E06800F5B87000F0D7FAA088ADF800000E
:103FC000E068009900F5B870FBF71AF80221E8687C
:103FD000EFF787F90146E06800F5B870FBF727F8BE
:103FE0000121E868EFF77DF9404201B2E06800F591
:103FF000B870FBF799F8E068042100F5B870FBF79A
:1040000012F8E0684FF4C87100F5B870FAF7C1FF14
:10401000E06800F5BC7000F0A7FA95F82000C00732
:1040200072D002211220F9F789FC71E01821E868AA
:10403000FFF71EBA1421FBE70E21E868FFF726BA46
:104040000C21FBE71821E868FFF776BA1421FBE79B
:104050001821E868FFF77EBA1421FBE71821E86809
:10406000FFF78CBA1421FBE70E21E868FFF798BA36
:104070000C21FBE70E21E868FFF7A0BA0C21FBE753
:104080000821E868FFF7F0BA0621FBE70821E86895
:10409000FFF7FEBA0621FBE70821E868FFF706BB39
:1040A0000621FBE70C2167E40C217BE50E21E86883
:1040B000AAE50C21A8E50E21E868B5E50C21B3E5D9
:1040C0000E21E868C0E50C21BEE50E21E8683DE65A
:1040D0000C213BE60821E86848E6062146E60E2169
:1040E000E86852E60C2150E60821E86864E60621FB
:1040F00062E60821E8686FE606216DE60821E868B7
:10410000D2E601E00621CFE601211220F9F72EFCCC
:104110000146E06800F5BC70FBF7C4F8E06800F504
:10412000C07000F021FA607801287DD00228E8688C
:104130007BD00A21EFF7D5F80146E06800F5C070A2
:10414000FAF7BFFF6078012870D00228E8686ED0C7
:104150005FF00A01EFF7C5F800EBD0704110E0689E
:1041600000F5C070FAF7CAFFE06800F5C47000F00F
:10417000FBF90121E868EFF7B4F80146E06800F5C3
:10418000C470FAF754FF2089ADF80000E068009988
:1041900000F5C470FAF734FFE088ADF80000E0687D
:1041A000009900F5C470FAF70CFFE068332100F5C0
:1041B000C470FAF721FFE06800F5C87000F0D4F988
:1041C000607801287DD00228E8687BD05FF00A0182
:1041D000EFF787F80146E06800F5C870FAF799FF35
:1041E000607801286FD00228E8686DD05FF00A017E
:1041F000EFF777F80146E06800F5C870FAF7A3FF1B
:10420000607801287DD00228E8687BD05FF0020149
:10421000EFF767F80146E06800F5C870FAF764FF49
:10422000607801286FD003E05BE160E161E163E168
:104230000228E86868D00A21EFF753F80146E068E1
:1042400000F5C870FAF75AFFE06800F5CC7000F08E
:104250008BF90A21E868EFF744F80146E06800F5B9
:10426000CC70FAF7A9FEE06800F5FC7000F07CF96C
:104270000421E868EFF735F80146E06800F5FC70C6
:10428000FAF71FFFE06800F5F87000F06DF9E068DC
:1042900042F2640100F5F870FAF7F4FEE06800F508
:1042A000007000F061F91220F9F77AFB0146E0682E
:1042B00000F50070FAF785FEE0687F2100F50070D8
:1042C00003E01BE11EE11FE121E1FAF795FEE06842
:1042D00000F5027000F048F9E068002100F5027076
:1042E000FAF7CBFF607803287ED00128E8687CD0FD
:1042F0005FF00801EEF7F5FF0146E06800F5027097
:1043000003E006E108E109E10DE1FAF798FFE06852
:1043100000F50E7000F028F9E068B16B00F50E7042
:10432000FAF76EFE0221E868EEF7DBFF400001B20B
:10433000E06800F50E70FAF77AFEE068012100F5FA
:104340000E70FAF770FEE06800F50C7000F00CF9E2
:104350000221E868EEF7C5FF404201B2E06800F5CF
:104360000C70FAF7A4FEE06800F5047000F0FCF8A9
:10437000607801287ED00228E8687CD05FF01001C8
:10438000EEF7AFFF0146E06800F50470FAF7C1FEF2
:10439000E068002100F50470FAF7DAFEE068002119
:1043A00000F50470FAF7AAFEE068012100F5047038
:1043B000FAF742FEE06800F5067000F0D5F801213A
:1043C000E868EEF78EFF0146E06800F50670FAF740
:1043D0002EFE2089ADF80000E068009900F5067017
:1043E000FAF70EFE012101E09FE0A6E0E06800F58B
:1043F0000670FAF718FE6078012875D00228E86880
:1044000073D00A21EEF76DFF0146E06800F50670F3
:10441000FAF757FE6078012868D00228E86870D063
:104420005FF00A01EEF75DFF0146E06800F50670F7
:10443000FAF75FFEE06800F5087000F095F8607824
:1044400001286ED00228E8686CD01021EEF749FFF1
:104450000146E06800F50870FAF73FFFE06800F5F4
:10446000107000F081F8E068FF2100F51070FAF795
:10447000C3FD01E063E065E0EEF7B0FC0146E068F3
:1044800000F51070FAF79DFD1220F9F789FA014640
:10449000E06800F51070FAF79FFDE068394600F516
:1044A0001070FAF7CCFE0F21E868EEF71AFF01460C
:1044B000E06800F51070FAF7E0FEEEF78FFC0146B9
:1044C000E06800F51070FAF7BEFE0521E868EEF727
:1044D00008FF0146E068BDE8FC4700F51070FAF7F8
:1044E000C7BE0E21E86825E62EE030E031E00C2161
:1044F00020E60E21E8682DE60C212BE60E21E86867
:1045000066E629E00C2163E60E21E86870E60C21DE
:104510006EE60821E8687BE6062179E60E21E86868
:104520008AE61BE01DE00C2186E60821E868EEF72C
:10453000D8FE00EBD0704010DEE60C21DAE6182140
:10454000E8681DE714211BE70E21E8685AE70C21F3
:1045500058E70E21E86865E70C2163E71821E86851
:1045600074E7142172E700000349097809B1FAF7EA
:10457000FEBCFAF710BC00000C0100202DE9F35F2F
:104580000198F6F717FCFE4C00287DD0FD490198F4
:10459000F5F724FE00284BD00198F6F70BFC0546F2
:1045A000F949F5F71BFE00286FD12846F6F702FC03
:1045B000F549F5F713FE30B1E1680022803101982A
:1045C000F5F734FBF1E30198F6F7B9FB88B90198E8
:1045D000F6F7F0FBED49F5F701FE50B1E168002276
:1045E00048310198F5F722FBE1680022703101980B
:1045F0003DE20198F6F7A3FB01280CD10198F6F7EC
:10460000D9FBE249F5F7EAFD28B10022E1680198FB
:10461000F5F70CFBD0E70198F6F7CCFBDC49F5F792
:10462000DDFD0028C0D1E168002218310198C7E7FC
:10463000D8490198F5F7D2FD40B3E1680022203156
:104640000198F5F7F3FAE168002228310198F5F7AF
:10465000EDFAE1680022D0310198F5F7E7FAE16858
:10466000202258310198F5F7E1FAE1682022D8318B
:104670000198F5F7DBFAE1680422A0310198F5F71B
:10468000D5FA2022E16802E0FEE39CE024E0C83194
:104690000198F5F7CBFAE168012238310198F5F776
:1046A000C5FAE168802260310198F5F7BFFA0198F8
:1046B000F6F780FBB849F5F791FD38B90198F6F7A0
:1046C00079FBB649F5F78AFD00287CD0E168002225
:1046D00001F5E8710198EFE3B1490198F5F77EFD26
:1046E00028B1E168002201F5A871019880E7AD4981
:1046F0000198F5F773FD4FF4A02808F1010908F1BE
:10470000040A002870D00198F6F754FBA649F5F783
:1047100065FD20B3E168002201F5FC710198F5F711
:1047200085FAE168002288310198F5F77FFAE1689F
:10473000424620310198F5F779FAE1689B4A5831F1
:104740000198F5F773FA994AE1686032603101988F
:10475000F5F76CFAE1684A4628310198FDE30198C3
:10476000F6F728FB8849F5F739FD68B3E1680022C0
:1047700050310198F5F75AFAE1680422A031019806
:10478000F5F754FAE168042201F50C710198F5F788
:104790004DFAE168854A58310198F5F747FAE16822
:1047A0004D464A4630310198F5F740FAE1682A460D
:1047B00001F50E710198F5F739FAE1685546524650
:1047C000A031019801E0FCE30FE0F5F72FFA774AFA
:1047D000E168183AA8310198F5F728FAE1682A4605
:1047E00001F50C71019803E762E00198F6F7E2FA2F
:1047F0006749F5F7F3FC0028E16801984FF00002E3
:1048000022D001F5C071F5F711FAE1680422A03158
:104810000198F5F70BFAE1680822A8310198F5F73D
:1048200005FAE168424601F5C4710198F5F7FEF911
:10483000E1685E4A58310198F5F7F8F95B4AE1689A
:1048400060326031019825E01831F5F7EFF9E16841
:104850000422A0310198F5F7E9F9E1680822A831AE
:104860000198F5F7E3F9E168424620310198F5F740
:10487000DDF94E4AE168603260310198F5F7D6F90A
:10488000E1684A4A58310198F5F7D0F9E1684A469B
:1048900028310198F5F7CAF9E1685246A03101982C
:1048A000F5F7C4F9414AE168183AA83101989FE642
:1048B0003F490198F5F792FC4FF4003510B3E168D9
:1048C000002230310198F5F7B1F9E1680022B031EA
:1048D0000198F5F7ABF9E1680422A0310198F5F7EA
:1048E000A5F9E1680822A8310198F5F79FF9E16878
:1048F0002A4628310198F5F799F9E1682A46B0313E
:104900000198B4E02B490198F5F768FC4FF4403664
:10491000A0B3E168002230310198F5F787F9E1682A
:104920000022B0310198F5F781F9E1680422A03145
:104930000198F5F77BF9E1680822A8310198F5F7AD
:1049400075F9E1682A4628310198F5F76FF9E168B1
:104950002A46B0310198F5F769F9E1683246F0313D
:104960000198F5F763F9144DE1682A46C8310198BA
:10497000F5F75CF9E1683246D0311FE020E0000035
:104980000C010020106A0208C071020814720208AB
:104990008C6B0208E0A90208FC700208E0700208B3
:1049A000A4AA0208FCA9020834710208200005002C
:1049B000C4A90208F8AA0208200003000198F4E044
:1049C000FA490198F5F70AFCE8B3E16800221831CA
:1049D0000198F5F72BF9E168002268310198F5F7A5
:1049E00025F9E1680022B8310198F5F71FF9E1686F
:1049F0000422A0310198F5F719F9E1680822A831DD
:104A00000198F5F713F9E1684FF480320831019805
:104A1000F5F70CF9E168E64A10310198F5F706F967
:104A2000E1684546424650310198F5F7FFF8E168E4
:104A30002A4601F5AC710198F5F7F8F8E1682A46C5
:104A40008031019800E013E0F5F7F0F8E168D94A09
:104A500058310198F5F7EAF8E16852462831019893
:104A6000F5F7E4F8D34AE168183A3831019821E2C1
:104A7000D1490198F5F7B2FBD04FDFF840B37F3F43
:104A8000F0B3E168002288310198F5F7CFF8E168CA
:104A90000422A0310198F5F7C9F8E1685A4660315F
:104AA0000198F5F7C3F8E1682A4601F59C71019871
:104AB000F5F7BCF8E1683A4628310198F5F7B6F801
:104AC000E1683A4601F5A0710198F5F7AFF8BB4EE1
:104AD000E168603E324658310198F5F7A7F8E16881
:104AE0003246C8310198F5F7A1F8E1683246D8316D
:104AF0000198F5F79BF8E1682A46D0310198E8E380
:104B0000FFE7AF490198F5F769FBE8B3E1680022D8
:104B100048310198F5F78AF8E1680022B031019830
:104B2000F5F784F8E1680022E8310198F5F77EF89E
:104B3000E168802260310198F5F778F8E168042295
:104B4000A0310198F5F772F8E1683A4628310198EA
:104B5000F5F76CF8E1682A46B0310198F5F766F888
:104B6000E1685A4660310198F5F760F8E16832462D
:104B7000F0310198F5F75AF8E16832465031019862
:104B8000F5F754F8324600E016E0E168019801F5C7
:104B9000A471F5F74BF8E1688A4A60310198F5F79E
:104BA00045F8E1683A46D8310198F5F73FF8E168F1
:104BB0002A46D83101988CE383490198F5F70EFB1A
:104BC0004FF4E02BD8B3E168002218310198F5F7D3
:104BD0002DF8E168002278310198F5F727F8E168AF
:104BE000002201F594710198F5F720F8E1684FF47F
:104BF000803208310198F5F719F8E1686C4A1031F4
:104C00000198F5F713F8E168424601F588710198BB
:104C1000F5F70CF8E1682A4601F58C710198F5F773
:104C200005F8E1684FF4C02201F590710198F4F79E
:104C3000FDFFE1685A4601F58871019849E3FFE7F5
:104C400062490198F5F7CAFA4FF4802728B3E16862
:104C5000002218310198F4F7E9FFE1680022E03101
:104C60000198F4F7E3FFE168002290310198F4F72E
:104C7000DDFFE168002298310198F4F7D7FFE16881
:104C80000422A0310198F4F7D1FFE1680822A8318D
:104C90000198F4F7CBFF3A4687E24D490198F5F7C2
:104CA0009DFA40B3E168002218310198F4F7BEFF85
:104CB000E168002278310198F4F7B8FFE16800223A
:104CC000D0310198F4F7B2FFE1682022D831019881
:104CD000F4F7ACFFE168202258310198F4F7A6FF01
:104CE000E1680422A0310198F4F7A0FFE1680822EE
:104CF000A831019859E737490198F5F76FFAA0B341
:104D0000E168002218310198F4F790FFE168002271
:104D1000C0310198F4F78AFFE168002290310198D0
:104D2000F4F784FFE168002201F598710198F4F727
:104D30007DFFE1684FF4803208310198F4F776FF87
:104D4000E1681B4A10310198F4F770FFE1683A46B8
:104D500050310198F4F76AFFE1681F4A2831019841
:104D6000F4F764FF1C4A1F3264E1FFE71B49019816
:104D7000F5F734FAA0B3E168002201F580710198DB
:104D8000F4F754FFE1682A4601F580710198F4F7C1
:104D90004DFFE1682A4601F584710198F4F746FF5A
:104DA000E1683246F031019893E245E230AB020807
:104DB000400001002000050018AA0208800002003F
:104DC00014AB020880000300E06B0208C0AA0208CE
:104DD00034AA020850AA020801000400A8A9020887
:104DE000FFE7F8490198F5F7F9F998B1E168002271
:104DF00001F580710198F4F719FFE1682A4601F581
:104E000080710198F4F712FFE1682A4601F5847178
:104E100001985EE2EC490198F5F7E0F988B1E168A4
:104E2000002218310198F4F701FFE1680022B03147
:104E30000198F4F7FBFEE1682A4601F5B471019888
:104E400047E2E2490198F5F7C9F9A0B3E168002209
:104E500018310198F4F7EAFEE168002278310198F0
:104E6000F4F7E4FEE1680422A0310198F4F7DEFED5
:104E7000E1680822A8310198F4F7D8FEE1684FF400
:104E800080320831019800E098E1F4F7CFFEE16844
:104E9000CF4A10310198F4F7C9FEE168CD4A01F517
:104EA000B8710198F4F7C2FEE1684FF4002201F5F1
:104EB000BC7101980DE200E014E1C7490198F5F7D3
:104EC0008DF920B1E168002218310198C8E1C34989
:104ED0000198F5F783F928B1E168002201F5C8715E
:104EE0000198F6E1BE490198F5F778F90028F3D169
:104EF000BC490198F5F772F980B30022E168019886
:104F0000F4F794FE6078E168012846D07031002201
:104F10000198F4F78BFEE1680422A0310198F4F7C0
:104F200085FEE1680822A8310198F4F77FFEE16868
:104F30004546424620310198F4F778FEE168AA4AD6
:104F400060310198F4F772FEE1682A465031019809
:104F5000F4F76CFE2A46E16801E010E01FE001F57D
:104F600002710198F4F762FE9F4AE168603A583195
:104F70000198F4F75BFEE1684A4648310198F4F77E
:104F800055FEE168524630310198F4F74FFE964ADB
:104F9000E168783A403101989BE17831B7E793496D
:104FA0000198F5F71BF968B1E16800221831019802
:104FB000F4F73CFEE168002201F504710198FFF767
:104FC000FFBA8BE18A490198F5F708F958B1E16811
:104FD000002248310198F4F729FEE168002201F52A
:104FE0000871019875E183490198F5F7F7F828B33E
:104FF000E168002250310198F4F718FEE1680022C0
:1050000001F506710198F4F711FEE16804222831D8
:105010000198F4F70BFEE168042201F5087101988C
:10502000F4F704FEE168202201F508710198F4F715
:10503000FDFD2022E168019858314AE16E4901984E
:10504000F5F7CCF858B1E168002218310198F4F76F
:10505000EDFDE168002201F5D071019839E1674961
:105060000198F5F7BBF828B1E168002201F5D87185
:105070000198A4E762490198F5F7B0F828B1E16812
:10508000002201F5DC71019899E75E490198F5F776
:10509000A5F8C0B1E168002201F5D4710198F4F7D8
:1050A000C5FDE168202201F5F0710198F4F7BEFD1D
:1050B000E168212230310198F4F7B8FDE16801225E
:1050C0003031019805E150490198F5F787F820B98A
:1050D0004E490198F5F782F860B1E168002201F5C8
:1050E000E4710198F4F7A2FDE168202201F5F07166
:1050F0000198EEE046490198F5F770F828B1E168AB
:10510000002201F5E071019859E742490198F5F74D
:1051100065F828B1E168002201F5EC710198D8E04A
:105120003D490198F5F75AF828B1E168002201F5E8
:10513000F4710198CDE039490198F5F74FF858B16D
:10514000E168002218310198F4F770FDE16800224F
:1051500001F5F8710198BCE031490198F5F73EF886
:1051600028B1E168002201F500710198B1E02D49F4
:105170000198F5F733F8E0B1E168002218310198A1
:10518000F4F754FDE168002278310198F4F74EFD00
:10519000E1680422A0310198F4F748FDE168082293
:1051A000A8310198F4F742FD5A46E1680198283188
:1051B0008FE01D490198F5F711F8B8B30022E168B6
:1051C0000198FCE6A4710208187102084CAB0208B1
:1051D00040000100020007008C6B0208A86B020867
:1051E000C46B0208186C020880000500C86F020832
:1051F00000700208E46F02081C700208A870020820
:10520000C470020854700208FC700208E0700208C2
:1052100038700208707002088C700208347102083D
:105220006C71020888710208DC710208FFE72C49E2
:105230000198F4F7D3FF58B1E1684FF48032083198
:105240000198F4F7F3FCE168264A1031019840E038
:1052500025490198F4F7C2FF48B10022E16801989E
:10526000F4F7E4FCE16800226831019831E01F495D
:105270000198F4F7B3FF20B1E1680022C031019832
:1052800027E01B490198F4F7A9FFB8B1E1680022B3
:1052900001F5CC710198F4F7C9FCE1680022803176
:1052A0000198F4F7C3FCE168324650310198F4F7F5
:1052B000BDFCE1683246803101980AE00D49019851
:1052C000F4F78CFF002809D0E1680198002201F56D
:1052D000107102B0BDE8F05FF4F7A8BCBDE8FC9F18
:1052E000F871020840000100C0710208147202083F
:1052F000FC6B0208AC6F02082DE9F84F0546F0F789
:10530000D8FE04462846F0F712FF05460A2C46D17F
:10531000F5F7BDFC06462846F5F79FFC04466946AE
:105320002846F5F7ADFDBDF9002006EBD67002EB7F
:10533000600090FBF6F07043BDF9021007B204EB79
:10534000D47001EB600090FBF4F060430F260FFA7D
:1053500080F800241AE021462846F5F71AFC814619
:10536000F6F7E1FD82464846F6F7F9FD0146BA45F3
:105370000BD1414509D1C5F8249099F82460002249
:105380001C212846F0F7D8FE05E0641C2846F5F7F6
:1053900012FCA042DFD831462846F8F7CBF8BDE82A
:1053A000F88FC143491C0840B0FA80F0C0F11F00DB
:1053B000704718B1B0FA80F0C0F12000401E70476D
:1053C0002DE9F0410C46DBF761F878B1DBF75EF8C8
:1053D000FF280BD00A4E0127B51CDBF75BF8094804
:1053E0000188318080882880A77301E00020A073A5
:1053F00003480188218040886080BDE8F08100007A
:10540000BC00002004000020FEB50446002506680C
:1054100004200BE0F26800EBC503D258930104D5D9
:10542000A36822F07F429A4206D06D1C728CC2F3B0
:10543000C502AA42EED8FEBDA08847285ED00EDC89
:1054400034284ED006DC202858D0302856D03328B7
:1054500016D146E03B2851D0442811D14EE06828AF
:105460003FD004DC63283FD0672809D139E0A0F59C
:105470008060573842D000F6FE70B0F5005F30D043
:1054800059B3FF292BD0D4E90302121A4A4300EB87
:1054900022200090F0680127A18850F8350001AA69
:1054A000F9F748FC50B1DDE90001884206D1BDF8AA
:1054B0000000BDF80410884200D10027F068A188E0
:1054C000009A50F83500F9F74FFE002FB3D0A288AC
:1054D000A1682068F7F7AEFCFEBDE068D9E7206957
:1054E000D7E7FF29FBDAF8E7E0680028F7D0226960
:1054F000002ACED08029CCDB0092CBE7002901DC4A
:10550000A0890BE0FF2901DB208A07E0CAB2D4E9B9
:105510000310EDF7BEF90290BDF80800ADF80000E9
:10552000B8E700002DE9F04104682648A688256800
:10553000DEF7FFF810E0A1420BD008682268904225
:1055400007D18868A268904203D18888A2889042D7
:1055500036D01C48DEF7FFF80100ECD1698C00273B
:105560000420C1F3C50129E0EA6800EBC703D25863
:10557000930122D5A36822F07F429A421DD1214691
:105580001048DEF740F92046F3F794FEE86831460C
:1055900000EBC7042068F9F787FCE86850F837008B
:1055A000F9F7FCFB00280BD06068216820F07F42EF
:1055B0002846BDE8F041F7F7BBBC7F1CB942D3D801
:1055C000BDE8F081F4B7002070B50468A068A28837
:1055D00000F47F0631462068F6F754FBE060A588AA
:1055E0000020A08023462A463146206800F00CF8AF
:1055F000A580A1682068E9F7F5F8A1880068E2684D
:10560000BDE87040F9F7B0BD2DE9FF4F064681B007
:105610009B46894600272648DEF7A4F804464FF447
:10562000702A4FF004083DE05C453DD021462048FB
:10563000DEF795F800902068B04232D1A168494564
:1056400001D0D1452DD1A1880398814203D0A0F586
:105650007F41FF3925D100251EE000BFF06808EB2F
:10566000C50141588A0116D5D14503D021F07F42AA
:105670004A4510D150F83500A188F9F715FC0021F2
:105680002046EAF717FE21460948DEF7BCF8204617
:10569000F3F710FE01276D1C708CC0F3C500A84203
:1056A000DCD8009C002CBFD105B03846BDE8F08F97
:1056B000F4B7002010B50020F4F7D4FE274C1021D9
:1056C0002060F4F73DFE2068F8F7B0FE00210A469E
:1056D0006060EBF71CFD6068EBF7D2FC012806D098
:1056E000022804D100210A466068EBF7EBFC962102
:1056F0006068F8F7BFF80A216068F7F76BFE0C21C5
:105700006068F8F7CEF81C216068F8F7E1F8092125
:105710006068F7F71CFE2068EBF786FD6421A06047
:10572000F8F7A8F83221A068F7F754FE0521A06821
:10573000F8F7B7F86FF02801A068F8F7C9F8092161
:10574000A068F7F704FE4FF48061A068F4F734FA1C
:10575000A068BDE810401021F4F7F2BD2000002041
:1057600038B5EDF7B3FE05460020F8F719F9044601
:105770000520F8F715F90146094800900123224653
:105780002846FAF703FD01462846EDF73BFFFFF7F1
:1057900091FF04480068BDE83840EDF70BBF0000FA
:1057A00058A702082000002000880988401A704786
:1057B0002DE9F04186B00446F2F7D4F8050072D026
:1057C0002046F0F776FC06462046F0F7B0FC04468B
:1057D00090F85000800766D52846F2F704F90228B1
:1057E00061D02846F2F7FFF804285CD06946606A69
:1057F000F5F767FA03A92846F2F7CAF804A928467C
:10580000F2F7F6F8BDF90C1000294CDBBDF90E00DB
:10581000002848DBBDF80020891AADF80810BDF853
:105820000210401AADF80A00606AF6F776FB0146EE
:10583000606ABDF908200546002A01DA002703E066
:105840008A4203DB47F6FF77012009E002A9F2F75D
:105850006BFC87B202A9606AF2F786FE80F0010055
:1058600094F85C104FF6FF788A0723D550EAC1728E
:105870004FF4407001D1012E08D0C9071ED0022E6E
:1058800012D0032E12D0082E10D019E0C4E91578DA
:1058900094F85C1041F00102014684F85C20204637
:1058A000F4F74EFD06E03FE0A76503E00146204621
:1058B000F4F782F994F85C00C00701D1012E33D1CE
:1058C00039462046FAF710FB94F85C00C0072BD04D
:1058D000D4E91501884208D9EA6B8A4202D12A6CC0
:1058E000824218D0E963606D11E008D2EA6B82420F
:1058F00002D12A6C8A420ED0E863A06D07E0E96B02
:105900004046814202D1296C814204D0E863286478
:105910002046F6F719FE032E01D0082E04D114F804
:105920005C0F20F00100207006B0BDE8F081D0E9E6
:10593000013201699A60D0E901235A604A688242C3
:1059400001D182684A60002202610868401E086036
:1059500008687047034B036003F15C000860802017
:1059600010607047140A0020044B036003F15C00D0
:1059700008604FF48070106070470000700C0020C9
:10598000DCF78CBD00F108014FF0FF32C0E90112D5
:10599000C160016100210160704700210161704711
:1059A00030B50B685A1C02D000F1080202E002690F
:1059B00004E02246546825689D42FAD953684B603A
:1059C00099608A60516008610168491C016030BDBE
:1059D00042684A6093688B6093685960916008617F
:1059E0000168491C01607047502080F31188BFF3A3
:1059F0004F8FBFF36F8F0A494868401C48600128E9
:105A00000CD10848006810F0FF0F07D0502080F339
:105A10001188BFF34F8FBFF36F8FFEE77047000011
:105A2000B000002004ED00E00849486828B1401E9D
:105A3000486001D180F311887047502080F31188AD
:105A4000BFF34F8FBFF36F8FFEE70000B000002061
:105A500070B500282AD0164DA0F108046068696965
:105A6000084207D1502080F31188BFF34F8FBFF356
:105A70006F8FFEE722683AB1502080F31188BFF3A0
:105A80004F8FBFF36F8FFEE78843606000F078F9B7
:105A900060686968084468602046FCF7AFF82869C8
:105AA000401C2861BDE8704000F08ABE70BD000057
:105AB000900000204FF0E020002101618161054944
:105AC0004FF47A720968B1FBF2F1491E4161072176
:105AD000016170473800002010B5DAF7C5FB1149A5
:105AE00010280ED300F1E02090F8F0030A789042DD
:105AF00007D2502080F31188BFF34F8FBFF36F8F11
:105B0000FEE709480068896800F4E060884207D928
:105B1000502080F31188BFF34F8FBFF36F8FFEE7E4
:105B200010BD0000B00000200CED00E010B5084BE7
:105B3000002200BF53F832401CB1521C082AF9D38E
:105B400010BD43F8321003EBC201486010BD0000E5
:105B5000F803002070B515460E460446FFF744FFD3
:105B600094F944100020491C01D184F8440094F9B0
:105B70004510491C01D184F84500FFF755FFA06B83
:105B800028B92A46314604F1240000F099F820464D
:105B9000BDE87040FCF7E0B910B5020014D00F4822
:105BA000006B38B1502080F31188BFF34F8FBFF3E3
:105BB0006F8FFEE700F0E4F800211046FBF738FE97
:105BC00000F0FEFD002807D105494FF08050086025
:105BD000BFF34F8FBFF36F8F10BD00003C0000205C
:105BE00004ED00E070B50546FFF7FEFE1E4C05B95A
:105BF0002568281DFFF79BFEA86A18B105F118005B
:105C0000FFF795FE606A401C60622068854207D1FC
:105C1000291D1648FFF7DCFE6068401C606007E045
:105C2000A068401EA0602846FBF70DFFFCF714F9A2
:105C3000FFF7FAFE6069002814D02068854211D170
:105C4000206B38B1502080F31188BFF34F8FBFF322
:105C50006F8FFEE706494FF080500860BFF34F8F0B
:105C6000BFF36F8F70BD00003C000020D4080020FF
:105C700004ED00E002490A6A0260C96841607047A9
:105C80003C00002001490120C86170473C00002011
:105C900010B50C4650B1094909681831FFF780FE6C
:105CA0002046BDE810400121FBF7C2BD502080F323
:105CB0001188BFF34F8FBFF36F8FFEE73C000020CA
:105CC00070B514460D4668B10A4909681831FFF7E6
:105CD0007FFE0CB14FF0FF3521462846BDE87040ED
:105CE000FBF7A6BD502080F31188BFF34F8FBFF3A1
:105CF0006F8FFEE73C00002030B587B0002403948E
:105D000005AA04A903A80494FFF724FEDDE9030112
:105D10000094CDE90110002315A11748059A00F061
:105D20002CFC164D0028E8621FD000F0ABFD0128C6
:105D300009D0401C19D1502080F31188BFF34F8F38
:105D4000BFF36F8FFEE7502080F31188BFF34F8FB2
:105D5000BFF36F8F4FF0FF30A86201206861EC60E5
:105D600007B0BDE8304000F0EDB807B030BD00002E
:105D700049444C4500000000C91A02083C000020BC
:105D80000248016B491C0163704700003C00002081
:105D9000164810B5016B11B10121C16110BD002180
:105DA000C1610169124A01E0B9B1491E01EB8103E9
:105DB00052F82330002BF7D001EB810302EB830272
:105DC00002F1080453685B685360A34201D15B6829
:105DD0005360DA680260016110BD502080F31188C1
:105DE000BFF34F8FBFF36F8FFEE700003C00002032
:105DF0003804002070B5F0F79AF90546F4F7DAFF99
:105E0000EBF7DAFE044601212846F4F7C2FE054608
:105E100094F902000549228801EB800004A150F8A2
:105E2000043C2846BDE87040F2F76DBF70010020C9
:105E3000256420257300000070B5F0F778F9054659
:105E4000F4F7B8FFEBF7B8FE044600212846F4F754
:105E5000A0FE02462088A0F2E770404281B21046C0
:105E6000F0F7FEF801212846F4F793FE024694F974
:105E70000200BDE87040401E81B21046F0F7F0B855
:105E8000F8B50446B0F92E0010F5004F59D0B4F91A
:105E90002C30678D99B2B94202D201F5B4710BB2C0
:105EA00094F83410C1F34101D9B301290ED002296D
:105EB00047D10093B4F93220B4F930103B46F3F7E0
:105EC0005DF905B22046A28DA9B237E0F91801EBC1
:105ED000D171B4F93050B4F9322041F34F06A9180A
:105EE00001EBD17141F34F0188420CDA0A463B467F
:105EF00029460096F3F742F905B2A9B22046EAF71F
:105F0000A6FEB1B209E000933346F3F737F905B2C4
:105F1000B1B22046EAF79BFEA9B22046EAF75BFE43
:105F20000EE0FFE70093B4F93220B4F930103B469D
:105F3000F3F724F905B2AAB22046618DEAF7C7FD4E
:105F4000A587F8BD1CB537480168374A914207D18B
:105F5000502080F31188BFF34F8FBFF36F8FFEE7A0
:105F600000683149491E884207D1502080F31188CA
:105F7000BFF34F8FBFF36F8FFEE72C490878019076
:105F8000FF20087008788DF800009DF800009DF84B
:105F9000002000F0F000904207D0502080F31188DC
:105FA000BFF34F8FBFF36F8FFEE79DF80000204CCB
:105FB00000F0500020700720A06005E09DF8002050
:105FC00052008DF80020401E9DF800201206F5D4E6
:105FD000A060032807D0502080F31188BFF34F8FB3
:105FE000BFF36F8FFEE74FF44070A0600198087018
:105FF0000C482030016841F470010160016841F0F3
:1060000070410160FFF756FD00206060DAF7F4F898
:106010000848016841F040410160DAF7D9F80020F2
:106020001CBD000000ED00E071C20F4100E400E083
:10603000B000002034EF00E010B5502080F311884C
:10604000BFF34F8FBFF36F8F00F0D6FA18B104493A
:106050004FF080500860002080F3118810BD0000D0
:1060600004ED00E038B5049D18B153B1CAB181B157
:1060700020E0502080F31188BFF34F8FBFF36F8F64
:10608000FEE7502080F31188BFF34F8FBFF36F8F6F
:10609000FEE7502080F31188BFF34F8FBFF36F8F5F
:1060A000FEE739B1502080F31188BFF34F8FBFF363
:1060B0006F8FFEE750241C46012384F846302B46A0
:1060C0000094FBF731FD204638BD000070B50D4649
:1060D000040025D0FFF788FCD4E90F20216802FBDB
:1060E0000011A1600021A163216861600A46D4E922
:1060F0000F01401E00FB0121E16021464FF0FF30FF
:1061000001F8440F487004F110008DB1FFF73AFC1C
:1061100004F12400FFF736FCFFF786FC012070BD78
:10612000502080F31188BFF34F8FBFF36F8FFEE7CE
:1061300021690029F0D000F00BFB0028ECD00449C5
:106140004FF080500860BFF34F8FBFF36F8FE3E7CE
:1061500004ED00E02DE9FF4782B01D468A464FF06E
:106160000008040003D0BAF1000F08D011E050205D
:1061700080F31188BFF34F8FBFF36F8FFEE7206C62
:1061800038B1502080F31188BFF34F8FBFF36F8F6A
:10619000FEE7022D0AD1E06B012807D0502080F3E2
:1061A0001188BFF34F8FBFF36F8FFEE700F010FA37
:1061B0003F4F4FF000094FF0805648B9049838B16E
:1061C000502080F31188BFF34F8FBFF36F8FFEE72E
:1061D000FFF70AFCA06BE16B884207D3022D05D0C4
:1061E0000498D0B1B8F1000F1AD01EE02A465146EB
:1061F0002046FBF7F2FB616A19B104F1240000F0BC
:10620000A7FA20B13E60BFF34F8FBFF36F8FFFF748
:106210000BFC012006B0BDE8F087FFF705FC22E08B
:106220006846FFF727FD4FF00108FFF7FDFBFFF77A
:10623000A7FDFFF7D9FB94F94400401C01D184F875
:10624000449094F94500401C01D184F84590FFF733
:10625000EBFB04A9684600F029F930B12046FBF7B2
:106260007BFE00F0ADFA0020D4E7FFF7BDFBA06B8A
:10627000E16B884213D1FFF7D7FB04F110000499BA
:10628000FFF706FD2046FBF767FE00F099FA0028AD
:106290009ED13E60BFF34F8FBFF36F8F98E7FFF73C
:1062A000C3FB2046FBF758FE00F08AFA90E7000097
:1062B00004ED00E02DE9F0471F46904689460400B2
:1062C00003D0B9F1000F08D011E0502080F31188FD
:1062D000BFF34F8FBFF36F8FFEE7206C38B15020B4
:1062E00080F31188BFF34F8FBFF36F8FFEE7022F4C
:1062F0000AD1E06B012807D0502080F31188BFF34A
:106300004F8FBFF36F8FFEE7FFF7E6FB5020EFF3F1
:10631000118680F31188BFF34F8FBFF36F8FA06B8F
:10632000E16B884206D3022F04D0002086F3118847
:10633000BDE8F08794F94550A06B3A46494620469F
:10634000FBF74BFB681C04D06D1C84F84550012002
:10635000ECE7606A0028FAD004F1240000F0F8F9B4
:106360000028F4D0B8F1000FF1D00121C8F80010D6
:10637000EDE700002DE9F747002683B08A460400C8
:1063800003D0BAF1000F08D011E0502080F311883B
:10639000BFF34F8FBFF36F8FFEE7206C38B15020F3
:1063A00080F31188BFF34F8FBFF36F8FFEE700F0CC
:1063B0000FF9DFF8F4804FF000094FF0805748B92B
:1063C000059838B1502080F31188BFF34F8FBFF389
:1063D0006F8FFEE7FFF708FBA56BC5B1514620465E
:1063E000FBF7E8FA6D1EA563206950B104F11000B7
:1063F00000F0AEF928B1C8F80070BFF34F8FBFF3BB
:106400006F8FFFF711FB012006B0BDE8F0870598FC
:1064100008B11EB106E0FFF707FB27E06846FFF76B
:1064200029FC0126FFF700FBFFF7AAFCFFF7DCFAC7
:1064300094F94400401C01D184F8449094F945003B
:10644000401C01D184F84590FFF7EEFA05A9684693
:1064500000F02CF8002820460AD0FBF77DFD00F064
:10646000AFF92046FBF70CFC0028B3D00020CBE7A7
:10647000FBF706FC90B104F124000599FFF708FC36
:106480002046FBF769FD00F09BF90028A2D1C8F86F
:106490000070BFF34F8FBFF36F8F9BE72046FBF772
:1064A0005BFD00F08DF995E704ED00E02DE9F0418A
:1064B0000C46050011D0C4B1FFF796FA174BDA6805
:1064C0006E682068911B471C17D02F681B6A9F427B
:1064D00019D0964217D8012410E0502080F311887B
:1064E000BFF34F8FBFF36F8FFEE7502080F311880B
:1064F000BFF34F8FBFF36F8FFEE70024FFF794FACF
:106500002046BDE8F081884205D9401A206028461F
:10651000FFF7B0FBF1E700202060DCE73C00002043
:106520002DE9FF5F8346DDE90E87994616468A46C8
:106530009000FBF747FD05001CD05C20FBF742FDF7
:10654000040014D00020256384F85900CDE90240EE
:10655000CDE900874B46324651465846FBF7F6FADE
:106560002046FBF793F9012004B0BDE8F09F2846D0
:10657000FFF76EFA4FF0FF30F6E7F0B585B0DDE9D2
:106580000B640A9DA6B1DCB15C2700972663022646
:1065900084F85960002604AFCDE90246CDE90057E2
:1065A000FBF7D4FA2046FBF771F9049805B0F0BD6B
:1065B000502080F31188BFF34F8FBFF36F8FFEE73A
:1065C000502080F31188BFF34F8FBFF36F8FFEE72A
:1065D0000548416919B1006B18B1002070470120CE
:1065E00070470220704700003C0000200148C0684E
:1065F000704700003C0000202DE9F041324C00279C
:10660000206B38B1A069401CA061FFF7B9F938468A
:10661000BDE8F081E668761CE66013D1606B006827
:1066200038B1502080F31188BFF34F8FBFF36F8FC5
:10663000FEE7606BA16B6163A063206A401C20626F
:10664000FBF70AFCA06ADFF88480864209D3606BFE
:10665000006890B1606BC068C568686886420FD2F8
:10666000A0622068C06A00EB800158F82100012870
:1066700000D90127A069F8B120E04FF0FF30EFE723
:10668000281DFFF754F9A86A18B105F11800FFF7A3
:106690004EF9E86A2169884200D9206100EB800147
:1066A00008EB8100291DFFF793F9E86A2168C96AA0
:1066B0008842CCD30127CAE7FFF762F9E0690028D6
:1066C000A5D00127A3E700003C00002038040020EB
:1066D00070B504004FF0000133D01B4D2868844290
:1066E00007D0502080F31188BFF34F8FBFF36F8F17
:1066F000FEE7206D38B1401E2065E36CE26A9A42E5
:106700001FD040B11DE0502080F31188BFF34F8FA0
:10671000BFF36F8FFEE7201DFFF709F9E06CE06221
:10672000C0F13800A061E06A2969884200D9286177
:10673000064900EB800001EB8000211DFFF748F9BE
:106740000121084670BD00003C00002038040020F4
:1067500070B5C068C46854B104F118000646FFF76C
:10676000E6F8144D286B50B13146134815E050201F
:1067700080F31188BFF34F8FBFF36F8FFEE7201DAB
:10678000FFF7D5F8E06A2969884200D928610B49EA
:1067900000EB800001EB8000211DFFF719F9E06A92
:1067A0002968C96A884202D90120E86170BD0020C9
:1067B00070BD00003C000020C0080020380400200C
:1067C0002DE9F0472C4D00242746286B38B1FFF700
:1067D0000BF9286B401E2863286B40B146E050201F
:1067E00080F31188BFF34F8FBFF36F8FFEE7A96867
:1067F000224E0120D1B3A6F5916980463068E0B100
:10680000F068C46804F11800FFF791F8201DFFF745
:106810008EF8E06A2969884200D9286100EB80017E
:1068200009EB8100211DFFF7D3F8E06A2968C96AE6
:106830008842E3D3C5F81C80E0E70CB1FBF70CFB02
:10684000AC694CB14FEA0806FFF7D6FE00B1EE6125
:10685000641EF9D10020A861E86938B10849012710
:1068600038070860BFF34F8FBFF36F8FFFF7DCF877
:106870003846BDE8F08700003C000020C00800203A
:1068800004ED00E010B586B0FBF768F8114C206805
:10689000B8B100200390049005AA04A903A8FFF74B
:1068A00063F8DDE9032102208DE8070000230AA137
:1068B0000B48059AFFF761FE606010B106B0012039
:1068C00010BD502080F31188BFF34F8FBFF36F8F3F
:1068D000FEE7000078000020546D722053766300BC
:1068E000351F02082DE9FF411E46134602000A9D8E
:1068F0004FF0000016D0144C2768002F0FD0CDE9C0
:1069000000130292062917DAFFF762FE02284FF001
:1069100000030FD0002269462068FFF71BFC04B07B
:10692000BDE8F081502080F31188BFF34F8FBFF393
:106930006F8FFEE72A46EEE7002332466946384667
:10694000FFF7B8FCEBE700007800002070B50546C3
:10695000EFF7EDFB04462846EFF7EBFB0546204634
:10696000EFF77EF904462846EBF726F90068A4F213
:10697000E774614240F307422846BDE8704089B29F
:10698000EBF71CB968AB0208000000000000000033
:1069900000000000000000000002000018000000DD
:1069A000000000000000000084AB020800000000AE
:1069B00000000000000000000000000000050000D2
:1069C00028000000000000000000000074AB020876
:1069D00000000000000000000000000000000000B7
:1069E000000C000009000000000000000000000092
:1069F000000610160006101600000000000000003F
:106A00000102030406070809000000000102030454
:106A100000000000EDA30108E5A40108000000004B
:106A20002DA80108820082004A020000000001E057
:106A300001E0000000FF0055AAFF00112233445579
:106A400066778899AABBCCDDEEFF0001020304053E
:106A5000060708090A0B0C0D0E0F1011121314155E
:106A6000161718191A1B1C1D1E1F2021222324254E
:106A7000262728292A2B2C2D2E2F3031323334353E
:106A8000363738393A3B3C3D3E3F4041424344452E
:106A9000464748494A4B4C4D4E4F5051525354551E
:106AA000565758595A5B5C5D5E5F6061626364650E
:106AB000666768696A6B6C6D6E6F707172737475FE
:106AC000767778797A7B7C7D7E7F808182838485EE
:106AD000868788898A8B8C8D8E8F909192939495DE
:106AE000969798999A9B9C9D9E9FA0A1A2A3A4A5CE
:106AF000A6A7A8A9AAABACADAEAFB0B1B2B3B4B5BE
:106B0000B6B7B8B9BABBBCBDBEBFC0C1C2C3C4C5AD
:106B1000C6C7C8C9CACBCCCDCECFD0D1D2D3D4D59D
:106B2000D6D7D8D9DADBDCDDDEDFE0E1E2E3E4E58D
:106B3000E6E7E8E9EAEBECEDEEEFF0F1F2F3F4F57D
:106B4000F6F7F8F9FAFBFCFDFEFF80808081818278
:106B5000828384858687898A8C8D8F919395979976
:106B60009B9EA0A2A5A7AAADAFB2B500FF1FFF1FB5
:106B700001E001E0210020000A080B080D300C3074
:106B80000E380F386400630000000000106A02082D
:106B9000BD1A010800000000000000000000000015
:106BA000C300C300041C0000106A0208FD120208A2
:106BB00000000000000000000000000064202B0026
:106BC00000000000106A0208D9130208000000004B
:106BD00000000000000000006420D1270000000039
:106BE000106A0208071D0108611D0108000000006D
:106BF000C51D010864200401C0080000106A0208D5
:106C0000112E010800000000000000005D2E0108A8
:106C10000401040101040000FCA90208697C0108C8
:106C2000000000000000000000000000642032208E
:106C300001040000B4AE020808AF020820AF020849
:106C4000E0AE02080CAF020814AF020828AF020839
:106C500018AF0208ECAE020800AF020804AF020849
:106C60003CAF0208ACAE0208C8AE0208D0AE0208C3
:106C700010AF0208DCAE0208E4AE0208E8AE02087B
:106C8000C0AB0208F0AE0208F4AE0208C8AB0208BE
:106C900044AF0208ACAE0208CCAE0208BCAE02089B
:106CA0002CAF020824AF0208D8AE02081CAF0208BD
:106CB000D4AE0208FCAE0208F8AE0208C0AE02086C
:106CC000B8AE0208C4AE0208ACAE020840AF02087B
:106CD00034AF0208B0AE020838AF020830AF020885
:106CE00048AF0208950104020402040204020402EF
:106CF0000402040204020402040287009601030253
:106D0000030203020302030203020302030203025B
:106D100087008102810201020102010201020102D7
:106D200001020102810281028102920182000600B9
:106D300082009201B4AE02088CAF0208A4AF020830
:106D40005CAF020890AF020898AF0208ACAF02082F
:106D50009CAF02086CAF020884AF020888AF02083B
:106D60003CAF0208ACAE0208B4AF02084CAF020858
:106D700094AF020858AF020860AF020864AF02087F
:106D800068AF020870AF020874AF020878AF02085B
:106D900044AF0208ACAE0208CCAE0208BCAE02089A
:106DA000B0AF0208A8AF020854AF0208A0AF0208B3
:106DB00050AF020880AF02087CAF0208C0AE0208E4
:106DC000B8AE0208C4AE0208ACAE020840AF02087A
:106DD00034AF0208B0AE020838AF020830AF020884
:106DE00048AF0208950104020402040204020402EE
:106DF0000402040204020402040287009601030252
:106E0000030203020302030203020302030203025A
:106E100087008102810201020102010201020102D6
:106E200001020102810281028102920182000600B8
:106E300082009201E8AF0208ECAF0208F0AF02084E
:106E4000F4AF0208F8AF0208FCAF020800B0020875
:106E500004B0020808B00208E4AF02083CAF020820
:106E6000ACAE0208B4AF0208DCAF0208BCAE020848
:106E7000E0AF0208D8AF020814B00208C8AF020899
:106E8000B8AF02081CB00208C0AF020810B0020878
:106E900018B00208ACAE020828B0020820B0020800
:106EA000C4AF0208D0AF0208D4AF020830B0020865
:106EB00034B0020824B002082CB002080CB002085A
:106EC000BCAF0208CCAF0208ACAE020840AF02086B
:106ED00034AF0208B0AE020838AF020830AF020883
:106EE00048AF02080102010201020102010201028F
:106EF000010201020102010282009201010201026B
:106F00000102010201020102010201020102010269
:106F10000102010201020102010201020102010259
:106F20000102010201020102010292018200060037
:106F300082009201E8AF0208ECAF0208F0AF02084D
:106F400040AF0208ACAE0208F4AF0208F8AF020886
:106F5000FCAF020830AF0208ACAE020800B0020875
:106F600004B0020808B002083CAF0208ACAE020848
:106F700038B00208E4AF0208C0AE020834AF02081D
:106F800038AF020848AF0208010001000100920179
:106F90000100010001009201010001000100020056
:106FA000010001000100010001000000106A020858
:106FB000D18D01080000000000000000ED8D0108E7
:106FC0001A001A0080020000106A02080000000087
:106FD000000000000000000000000000C3000401E9
:106FE00000000000E0A9020800000000000000000E
:106FF0000000000000000000000000000000000091
:1070000088AA020800000000000000000000000044
:10701000000000000000000000000000106A0208EC
:10702000C596010829980108000000000000000032
:10703000C300040140060000106A020831980108EC
:107040006598010800000000000000006420D127BE
:1070500080020000106A0208059801080000000084
:1070600000000000000000006420D12700000000A4
:10707000106A0208ED9801080000000000000000FE
:10708000000000006420D12700000000106A020800
:1070900000000000000000000000000000000000F0
:1070A000D127D12700000000106A0208000000006C
:1070B00000000000000000000000000000000000D0
:1070C00000000000106A020800000000000000003C
:1070D00000000000000000000000000000000000B0
:1070E000106A02080000000000000000000000001C
:1070F000000000000000000000000000106A02080C
:10710000000000000000000000000000000000007F
:107110000000000000000000106A0208319A010817
:107120004D9A010800000000659A01080000000067
:10713000C0030000106A0208000000000000000008
:1071400000000000000000000401D12780030000BF
:10715000106A0208000000000000000000000000AB
:10716000000000006420D12740020000106A0208DD
:10717000000000000000000000000000000000000F
:1071800064206420400200004CAB02082DE9010895
:107190000000000000000000B9E901080000000044
:1071A00041070000A8A90208B9EC0108000000008E
:1071B00000000000000000000000000000000000CF
:1071C000106A020809F701082DF801080000000004
:1071D00089F801086420642000030000106A020896
:1071E000A5020208000000000000000000000000EE
:1071F0000000000080020000106A0208E10202089C
:10720000000000000000000000000000000000007E
:1072100080020000106A0208450C0208000000000D
:107220000000000000000000642064204002000014
:107230000EA0D90D90C80C80B70A60110B80D91F21
:107240000991F0881F0880F088000000000D203CA4
:1072500000000F0069002FFFFFFFF7015C11A6106F
:10726000006900C300008800D2009FFFFFFFF012FA
:10727000C523E22000D203C00000F004B0000000EB
:10728000700000000E00000000E0000019EFEA307E
:107290000CD6E6A702F40E00001F80E000006FEF9E
:1072A00050000016FFE500000E0AF00100E05F1339
:1072B000F85E6EB005CFFE9100000E000000007079
:1072C000000008DD3000A7004B02D004C0007700AA
:1072D000D01D20004B03D0A7000007DC34C4CC3005
:1072E00000001D2D22D00000A63B00B30005C03ACF
:1072F00000A3001D200D00D000A60004CC40004DCE
:10730000FC300000F718C00001F205D00000BB6E91
:107310004000005FF3000007E6DB03802F301DBA5A
:10732000A05F0001DF401FB448FEC003BFFC40B2B5
:1073300000000000001F01F01F00F0000003F10B2F
:10734000900F404F007D009B00AA00AA009B007D8B
:10735000004F000F400B9003F15E000E6008C00468
:10736000F001F300F500E600E600F501F304F00893
:10737000C00E605E0000930088A6C209FE404DDD8D
:10738000B1429350005200000450000008A00000D9
:1073900008A0001FFFFFF30339B3300008A000006E
:1073A00008A0000103F61E60E12C00000003FFF9B5
:1073B0000333100003F52E4000000E400004E000EF
:1073C000009A00000E400004F000009A00000E40F9
:1073D0000003F000009A00000E500003F000009A35
:1073E00000000E500003F00000004CFE70004FB68D
:1073F0008F900DB0005F32F40000E74F20000CA426
:10740000F20000CA2F40000E70DB0005F204FB689A
:10741000F90004CFE700EFFB44CB00AB00AB00ABBF
:1074200000AB00AB00AB00AB00AB07DFEA108E8512
:107430007EC0010006F1000006F000000D90000083
:10744000CC00001CC00001DB00001DE544427FFFB2
:10745000FFF97FFFFFF024445F900000BC000009AB
:10746000E100003FD81000046DD0000002F41000CD
:1074700002F4BD757DD019DFEA1000000DA00000F8
:1074800000AC00000007E10000004F40100002F6D1
:1074900000F5001DA000F5007FFFFFFFF31333335D
:1074A000F730000000F500000000F50009FFFFF0D4
:1074B0000AB444400C8000000E7000000FFFFC4036
:1074C00003345CF2000000F7100000F78E856CF1C9
:1074D00008DFFB30002AEFD5003FD657400CC00034
:1074E0000002F40000004F5BFFA104FE845DD03F6A
:1074F00080003F30E80003F206F845DC0005DFE9D4
:10750000109FFFFFFD9D4444E99C0004F200000B26
:10751000B000002F400000AD000001F6000008E0C0
:1075200000000E8000006F1000019EFE9100BE63FF
:107530006EC00F60006F00CC202BC002EFFFE20096
:10754000DC424CD05F20001F55F20002F50ED5350D
:10755000DE001AEFEA1003BFEA202FA44BE18E00F1
:1075600000E99D0000DD4F7129FF07FFFC9E00022E
:1075700010AC000002F607658FB00AEFD7002E535B
:10758000F50000000000003F52E42E53F50000001B
:107590000000002E52F60D21D00100000000310045
:1075A000006CF2018ED6000FC300000AFB40000001
:1075B00017EE70000005C3000000001FFFFFF3037B
:1075C00033333000000000000000001FFFFFF30312
:1075D000333330040000000ED71000005CF92000A7
:1075E000002AF20003AFB106DE82001C600000003A
:1075F00000000007DFEA109E746EC0010006F00074
:107600000009C000008E200006F200000870000093
:10761000000000000B8000000C900000006CEFDA0E
:107620004000003DA41016D90001E509EE98CA906B
:107630000A80BD43AFC0D30F13F2000CC0693C06F3
:10764000D00007C03B4B06D00007C02C3C03F20023
:107650000CC04A0F10BD439EE3C50A8009EE91CFCE
:107660009001E50000000000003DA410280000008B
:10767000007CEFD9100000000CF1000000003FD7A3
:1076800000000000B96E00000002F20E5000000978
:10769000A007D000001F3000F400007FFFFFFB00B8
:1076A00000E733334F2005F000000C900C900000F1
:1076B00006F18FFFFEC408E3334BF28E00001F5823
:1076C000E00018F18FFFFFF808E33337F68E000073
:1076D00009C8E000009D8E33347F78FFFFFD700005
:1076E00007CFFB4000CF966AF50AE20000301F602A
:1076F0000000004F200000004F200000001F60002D
:1077000000000AE200003001CF966AF50007DFFBB7
:10771000408FFFFEA4008E4446CF708E000007F31A
:107720008E000000DA8E0000009D8E0000009D8E0D
:10773000000000DA8E000007F38E4446BF708FFF12
:10774000FEA4008FFFFFF68E4444418E0000008EA1
:107750000000008FFFFFC08E3333208E0000008EAC
:107760000000008E4444428FFFFFF98FFFFFF68E2A
:107770004444418E0000008E0000008E0000008F07
:10778000FFFFC08E3333208E0000008E0000008E7D
:107790000000000007CFFC5000CF966AF60AE20016
:1077A00000201F600000004F200000004F2000005C
:1077B000B91F600000B90AE30000B900CF966AF86B
:1077C0000007DFFC608E000008E8E000008E8E00FD
:1077D0000008E8E000008E8FFFFFFFE8E333339EF0
:1077E0008E000008E8E000008E8E000008E8E0004F
:1077F000008E8E8E8E8E8E8E8E8E8E8E02FFFFC0AF
:107800000444BC000009C000009C000009C0000046
:107810009C000009C02000BA0EB58F603CFE808E2F
:1078200000004F508E0004F6008E003F70008E0363
:10783000F800008E2EC000008EECF600008FB07FA6
:1078400030008E000AE1008E0000CC008E00001E89
:10785000A08E0000008E0000008E0000008E000050
:10786000008E0000008E0000008E0000008E0000E0
:10787000008E4444408FFFFFF28E00000008E8F7BE
:10788000000002FE8FF10000BFE8DCA0004F9E8DDB
:107890002F300D87E8D09C06E07E8D01E7E507E8F4
:1078A000D006FC007E8D000A2007E8D00000007E94
:1078B0008E100008E8FC00008E8FF90008E8E6F65C
:1078C000008E8E09F308E8E00CE18E8E001EB8E809
:1078D000E0003FEE8E00006FE8E00000AE0007CF52
:1078E000EB500000CF966BF9000AE200005F601FCA
:1078F0006000000AD04F20000006F04F2000000674
:10790000F01F6000000AD00AE200005F6000CF961E
:107910006BFA000007DFEB50008FFFFD7008E445B5
:107920008FB08E00005F38E00001F58E00003F4808
:10793000E0014DD08FFFFFB208E33310008E00004E
:107940000008E00000000007CFEB500000CF966B6E
:10795000F9000AE200005F601F6000000AD04F20BB
:10796000000006F04F20000005F01F6000000AD064
:107970000AE200005F6001DF855AFA000008DFFCC0
:107980005000000001EC21940000001BFFC100002A
:10799000000012008FFFFD7008E4458FB08E0000DC
:1079A0005F38E00001F58E00003F38E0014DD08FD8
:1079B000FFFFC208E333DA008E0002F608E000059C
:1079C000F3019EFDA200CE646B702F40000001F811
:1079D00000000006FD950000016AEE500000009FC7
:1079E00000200005F13FA547EB004BEFE910FFFF3A
:1079F000FFFF2444BD44400009C00000009C00007B
:107A00000009C00000009C00000009C00000009CAC
:107A100000000009C00000009C00009C00000BA9B1
:107A2000C00000BA9C00000BA9C00000BA9C000076
:107A30000BA9C00000BA8E00000D94F40003F50CF1
:107A4000F868FD0009EFE9100CB000000AC05F20E3
:107A50000001F500E900008E0008F0000E70001F24
:107A60006005F10000AD00C9000003F43F300000E4
:107A70000CBAC00000005FF500000000EE00006FCF
:107A800010000DB00002F21F60003FF10008D00BA3
:107A9000B0008BE6000D7006F000E69B002F200181
:107AA000F503F14F108D0000CA09B00E60D8000038
:107AB0006F0E6009B2F300001F9F1004F9D00000A0
:107AC0000CFB0000EF80000007F600009F30003F35
:107AD00050000DA008F2009D0000CC04F300002F20
:107AE0009E70000006FC00000009FE1000004F4DD3
:107AF000B00001E802F7000BD0007F207F20000BD0
:107B0000D00CB000009C002F50002F30009E000CC5
:107B1000900000E805F1000005F3E60000000CFD10
:107B2000000000003F4000000002F3000000002FB2
:107B30003000000002F300004FFFFFFF9144444A71
:107B4000F3000003F6000001EA000000CC00000092
:107B50009E1000006F4000003F7000001ED444449F
:107B600036FFFFFFFC8FF68D318D008D008D008D6F
:107B7000008D008D008D008D008D008D008D318F6A
:107B8000F65D000000F200000B8000006D000001B7
:107B9000F200000B8000006D000001F200000B708D
:107BA00000006D000001F200000B7000006D00008D
:107BB00001F2BFF325F302F302F302F302F302F33F
:107BC00002F302F302F302F302F325F3BFF300AD75
:107BD00000001EC4000885A000E20E105B00970B99
:107BE0005002E0EEEEEEE00BC00009B004CFEA1068
:107BF0000B745DB0000004F004CEEEF21F8214F2AC
:107C00004F1004F21F703DF204DFD7F2BA000000FB
:107C1000BA000000BA000000BA8EFC30BFD54BF3AA
:107C2000BE1000CABA00007EBA00007EBE1000CAB4
:107C3000BFD55BF3B98EFC30007DFD6009F748F4D9
:107C40002F5000205F0000005F0000002F50002038
:107C500009F748F4007DFD600000001F40000001AE
:107C6000F40000001F4008EFC4F40AF748FF42F593
:107C70000007F45F00002F45F00001F42F50006F63
:107C800040AE637EF4008EFC4F40008EFC400AD56F
:107C900038F42F20008C5FEEEEFF5F2111112F7062
:107CA000001009F846E4007DFE80009EE305F441E3
:107CB00008C000CFFFF029D32008D00008D000086A
:107CC000D00008D00008D00008D000007EFC4E6034
:107CD000AF747FF62F50005F65F00000F65F000084
:107CE0000F62F60006F609F747FF5007EFC4F500EC
:107CF00000003F20CB646EB003AEFD8000BA0000F0
:107D000000BA000000BA000000BA8EFB20BFC56DAB
:107D1000D0BE0003F2BA0000F4BA0000F5BA0000C9
:107D2000F5BA0000F5BA0000F5BAA800BABABABAB6
:107D3000BABABABA000AB0009900000000AB000A53
:107D4000B000AB000AB000AB000AB000AB000AB054
:107D500000AA064E71DFA0BA000000BA000000BA07
:107D6000000000BA001CC0BA01CC00BA1CD100BB94
:107D7000CF6000BFDBE100BD11DC00BA003F70BA8C
:107D80000007F3BABABABABABABABABABABAB99EA4
:107D9000FA15DFD40BFB45EDE64AF2BE0006F6000D
:107DA0000E7BA0004F2000C9BA0003F1000C9BA07D
:107DB000003F1000C9BA0003F1000C9BA0003F1067
:107DC00000C9B99EFB20BFB45DD0BE0003F2BA006B
:107DD00000F4BA0000F5BA0000F5BA0000F5BA00E8
:107DE00000F5007DFD60009F748F702F50007F05AF
:107DF000F00001F35F00002F32F50007F009F748AB
:107E0000F70007DFD600B98EFC30BFC43AF3BE10CE
:107E100000CABA00007EBA00007EBE1000CABFD5FC
:107E20005BF3BA7EFC30BA000000BA000000BA0072
:107E30000000008EFC3F40AF748EF42F50007F4551
:107E4000F00001F45F00002F42F50007F40AF74844
:107E5000FF4008EFC4F40000001F40000001F400E0
:107E600000001F40B98E4BFD71BE100BB000BA0070
:107E70000BA000BA000BA00005DFEA13F735A06FD6
:107E8000000001EE9610016AEF300000D96C646FBB
:107E900062AEFD7008D00008D000CFFFF029D320DB
:107EA00008D00008D00008D00008D00005F5510027
:107EB0009FE3C80002F3C80002F3C80002F3C80041
:107EC00002F3C90003F3AB0007F35F837EF306DF21
:107ED000C5F30D90000AA06E0001F300F5007D00CF
:107EE00009C00E60003F24F00000C8B9000006FF82
:107EF0003000000FC000C80006F1000D56D000CFC2
:107F00006003F01F302F9C009A00B807B2F10E40BA
:107F100005E0D60C74E0000F6F007C990000AFA064
:107F200001FF400005F4000BE0004F3007E109D0ED
:107F30002F4000D9D900003FD000004FE10001E7F9
:107F4000BB000BB01E707E1005F30D90000AA06FF1
:107F50000001F300F6007D0009C00D60002F34F031
:107F60000000C9A9000005FF2000000EC0000000AD
:107F7000E5000094AD00001BFC2000005FFFFFA1A6
:107F80003337F40001E70000CB00008E10004F40B3
:107F9000001EA33326FFFFFC006EA00F9201F40029
:107FA0001F4001F4003F303FC0006F3001F4001F5C
:107FB0004001F4001F4000FA2005EA8B8B8B8B8B6D
:107FC0008B8B8B8B8B8B8B8B8BBE5002AE0005F01B
:107FD000005F0005F0004F1000DF104F5005F0006B
:107FE0005F0005F0005F002AE00BE40007EC40B4FE
:107FF0001E25DFC00100000004CC302B01C057005B
:10800000932B01C005CC3006A10FF60BE200000057
:10801000000000000000000000027BFB00000004E4
:108020009DFFFFD00003AFFFFFFFFD0000AFFFFF8C
:10803000FFDFD0000AFFFFB610ED0000AF94000094
:108040000ED0000AF1000000ED0000AF1000000E9D
:10805000D0000AF1000045FD0000AF1001EFFFD095
:10806000179DF1005FFFFC0EFFFF1000AFFD31FF19
:10807000FFE00000010003BDA30000000000501855
:108080008888888405FABFDDDDDDFDAFE47F100060
:1080900000CA4EE04F100000C80EFEEF100000CFE7
:1080A000EFE03FEEEEEEF80EF68F766666EB6FF8D9
:1080B000AF100000CC8FE03F100000C80EFCDF6561
:1080C0005555EECFC25FFFFFFFF92C577505777747
:1080D0007775FFFF1FFFFFFFFFFFFF2FFFFFFFFF72
:1080E000EFFF0EFFFFFFFE01100011111110EFFE58
:1080F0000EFFFFFFFEFFFF2FFFFFFFFFFFFF1FFF32
:10810000FFFFFF68870788888886688707888888D0
:1081100086FFFF1FFFFFFFFFFFFF2FFFFFFFFFDFB8
:10812000FD0DFFFFFFFD00000000000150000000FA
:1081300000001DF80000000001DFFD000000001D30
:10814000FFE22D600001DFFE20DFF7001DFFE200EF
:108150008FFF71DFFE200008FFFEFFE20000008FAE
:10816000FFFE2000000008FFE200000000007D206C
:1081700000000000000000007F60000BE2EFF6004E
:10818000BFF84FFF6BFFD104FFFFFD10005FFFE161
:108190000000BFFFF6000BFFDFFF60BFFD14FFF51F
:1081A000CFD1004FF617100003600000001100004F
:1081B00000000000FF000000006F21FF12F7000622
:1081C000FF61FF16FF601FF901FF109FF16FE001D3
:1081D000FF100EF6AF8001FF1008FACF6001FF100C
:1081E00006FCAF8000AA0008FB7FD00000000DF75E
:1081F0001FF80000008FF107FF91002AFF70009F19
:10820000FFEEFFF9000005CFFFFD50000000024423
:108210002000000000000000000000000AFFA00095
:108220000000000CFFC0000003D6DFFFFD6D300E24
:10823000FFFFFFFFFFE05FFFFFAAFFFFF51AFFF45C
:10824000004FFFA103FFD0000DFF3004FFF0000F2F
:10825000FF404FFFFB22BFFFF42FFFFFFFFFFFF2A6
:1082600009FEFFFFFFEF9000505EFFE505000000F4
:108270000CFFC00000000004774000000000000375
:10828000100341000000009FF50DF50000001BFDEC
:10829000FF8DF5000002DFB12DFFF500004FF83E25
:1082A000C2BFF50007FF55FFFE39FE409FE38FFF79
:1082B000FFF56FF6AC2AFFFFFFFF73E6005FFFFFDD
:1082C000FFFFF100006FFFD77FFFF200006FFF900C
:1082D0000DFFF200006FFF900DFFF200004FFF70E6
:1082E0000BFFE1000000003300000000000BFFB0B6
:1082F000000000000CFFC0000000000CFFC00000E8
:1083000000000CFFC0000000000CFFC00000008F48
:10831000FFFFFFF800002EFFFFFFE2000002EFFF6B
:10832000FE200000002DFFE20000799982DE2899EE
:1083300097FFFFFB22BFFFFFFFFFFFFFFFFFFFFFD6
:10834000FFFFFFFAB3CFACCCCCCCCCCCCA0006BB81
:10835000BBBBBA3000004FFFFFFFFFE10000EF3072
:10836000000006FB0009F800000000CF504FD000CD
:108370000000002FE1DF84420000344BF9FFFFFDD5
:108380000001FFFFFBFFFFFF988BFFFFFCFFFFFFDC
:10839000FFFFFFFFFCFFFFFFFFFFFFFFFB9FFFFF54
:1083A000FFFFFFFFF60000000000003300018DFF1B
:1083B000C600EF004EFFFFFFE4DF04FFB3004CFFF9
:1083C000FF0EF90000008FFF6FC00001FFFFFF8E5E
:1083D000500001DEEEED000000000000002222222D
:1083E00000000021FFFFFF100008F8FFFBBC100099
:1083F0001EF4FFFC100001DFC0FEEFE8448EFE100B
:10840000FE1AFFFFFFC100FD0028BB940000000022
:1084100002700002EF0002EFFDFFFFFFFFFFFFFF12
:10842000FFFFFFFFFFFFFFFFFFFF3447FFF00005E7
:10843000FF000005C0000000000002700000000204
:10844000EF00000002EFF0000DFFFFFF0220FFFF32
:10845000FFF08E1FFFFFFF00E7FFFFFFF03F5FFF12
:10846000FFFF08903447FFF000000005FF00000008
:108470000005C00000000000000000000000000730
:108480007000000002700005FA0000002EF000816C
:108490004F600002EFF001DD07F0DFFFFFF0321E5A
:1084A00080F6FFFFFFF08E27E0B9FFFFFFF00E73AD
:1084B000F19BFFFFFFF03F54F09AFFFFFFF0890AA6
:1084C000C0D83447FFF0007F43F300005FF002F6AE
:1084D0000CB0000005C00000BF1000000000000943
:1084E000E3000000000000021000378888888888B8
:1084F00073EFFFFFFFFFFFFEFE32DFFFFFFFFFF91D
:10850000007FFFFDFFFFFD10CFFFA07FFFFFFFFFFC
:10851000FA0007FFFFF35FA00000CFFF3003000069
:1085200000CFFC0000000000CFFFCCCCCCCCCCFFB7
:10853000AFFFFFFFFFFFF900002000000001FA007D
:10854000000006FF1000000DFF7000006FFFF1003B
:1085500001EFFFFA000BFFFFFF605FFFFFFFE0CFBF
:10856000FFFFFFF6FEBFFFFFF9FD4FFFFFF9BF4919
:10857000FFFFF53FE52EFFD006FFFFFD200028BAE4
:10858000600004300000311FE00006F91FE0007FAA
:10859000FA1FE009FFFA1FE0AFFFFA1FEBFFFFFA37
:1085A0001FFFFFFFFA1FFFFFFFFA1FE6FFFFFA1F83
:1085B000E05FFFFA1FE004FFFA1FE0003EFA0FD071
:1085C0000002D700000000000200000000000CFBC9
:1085D0002000000000FFFF900000000FFFFFE600FA
:1085E0000000FFFFFFFC30000FFFFFFFFF9100FFC7
:1085F000FFFFFFFFE60FFFFFFFFFFFF2FFFFFFFFA1
:10860000FFFD0FFFFFFFFFF800FFFFFFFFB2000FAE
:10861000FFFFFD400000FFFFF70000000FFFA1007B
:108620000000006A400000000000144420014442A1
:108630000DFFFF10DFFFF1FFFFF30FFFFF3FFFFF15
:1086400040FFFFF4FFFFF40FFFFF4FFFFF40FFFF6E
:10865000F4FFFFF40FFFFF4FFFFF40FFFFF4FFFFAA
:10866000F40FFFFF4FFFFF40FFFFF4FFFFF40FFF8A
:10867000FF4FFFFF30FFFFF39FFFC009FFFC001417
:1086800044444444420DFFFFFFFFFFF1FFFFFFFFA3
:10869000FFFF3FFFFFFFFFFFF4FFFFFFFFFFFF4F65
:1086A000FFFFFFFFFFF4FFFFFFFFFFFF4FFFFFFF95
:1086B000FFFFF4FFFFFFFFFFFF4FFFFFFFFFFFF490
:1086C000FFFFFFFFFFFF4FFFFFFFFFFFF39FFFFFD6
:1086D000FFFFFC0002100000420FE20003FB0FFE50
:1086E0003004FB0FFFF404FB0FFFFF54FB0FFFFFF1
:1086F000FAFB0FFFFFFFFB0FFFFFFFFB0FFFFFD694
:10870000FB0FFFFD14FB0FFFC104FB0FFB0004FB7D
:108710000CA00003FA00000000000000001200009E
:1087200000000003FF60000000002EFFF5000000C5
:1087300001EFFFFF4000001DFFFFFFF30000CFFF30
:10874000FFFFFE200AFFFFFFFFFFE00EFFFFFFFF1E
:10875000FFF20399999999995005888888888870BB
:108760000FFFFFFFFFFFF30FFFFFFFFFFFF40BFF04
:10877000FFFFFFFFD1000000000000003F9000005D
:108780003FFC00003FFD10003FFD10003FFD1000CA
:108790001FFD100000CFF4000000CFF4000000CF58
:1087A000F4000000CFF4000000CFE0000000A400BF
:1087B0000000000000CD1000001FFD1000003FFD74
:1087C0001000003FFD1000003FFD1000003FFD00C5
:1087D0000008FF900008FF900008FF900008FF903D
:1087E0000002FF900000078000000000000450001D
:1087F00000000002FF60000000003FF700000000E2
:1088000003FF70000000003FF7000006999AFFC9BF
:108810009980FFFFFFFFFFFF3DFFFFFFFFFFF2011A
:10882000113FF71110000003FF70000000003FF738
:108830000000000003FF70000000000CD3000000E7
:108840006999999999980FFFFFFFFFFFF3DFFFFFE9
:10885000FFFFFF2000000000000000000156640040
:1088600000000003BFFEEFF91000007FFA1003DFE5
:10887000E40008FFA009B41EFF504FFF200BFF26A5
:10888000FFE1EFFF09CFFF63FFFABFFF09FFFF54CE
:10889000FFF61EFF51DFFB09FFB003EFE204305F7C
:1088A000FC10002CFF956AFF9000000049DFFD924C
:1088B0000000000000000000000000CD20000000CB
:1088C000000000008FF50014664000000004EFACCB
:1088D000FFEFFF910000001CFFA1004DFE300000E3
:1088E000009FF5AB31EFF40007B105FFFFE17FFE1C
:1088F000100FFE302DFFF54FFF900CFFE000AFF69C
:108900005FFF6002FFF40006FFEFFB00004FFD1069
:10891000003EFFC0000002DFE85401BFE30000009A
:1089200005AEFF6007FF60000000000000004EF68B
:108930000000000000000001A10000000000000095
:1089400000000000003ED00000000000000CFF808E
:10895000000000000006FFFF200000000000EFFF05
:10896000FB00000000008FFCCFF4000000002FFB94
:1089700000FFD00000000BFFC00FFF70000004FFDD
:10898000FD01FFFF100000DFFFE02FFFFA00007F76
:10899000FFFF9BFFFFF3001FFFFFB00EFFFFC00AAA
:1089A000FFFFFE24FFFFFF60FFFFFFFFFFFFFFFA57
:1089B00006CCCCCCCCCCCCCB3000000000003600B8
:1089C00000000000007F80DDDB00008DEFF8FFFF7E
:1089D000B007FFFFFD556FF46FF8AFE2000574FFBD
:1089E000907E2000003FFA0000000002EFB2504AE3
:1089F00000012EFD1DF48FB0FFFFD10BFFFFFBFF29
:108A0000FE2000CFFFFB12210000029FC0000000EB
:108A100000005B00000007A00000000008FFB0009D
:108A2000000008FFFFB0000008FF95FFB00008FF3E
:108A30009005FFB007FF900005FFB09F9000000574
:108A4000FD004000000003104C20000000B60BFEAB
:108A5000200000CFF02EFE2000CFF4002EFE20CF0D
:108A6000F400002EFECFF40000002EFFF400000002
:108A7000002EF40000000000130000000008300089
:108A8000000000000000BFF308BBBBBB90000BFF61
:108A9000FF39FFFFFFF1008FCFCFF000000AF10098
:108AA000382F948000000AF100002F900000000A87
:108AB000F100002F900000030AF130002F90000019
:108AC0001FCBF8F8002FEBBBBB39FFFFE2001FFF05
:108AD000FFFFB09FFD2000000000000008D100371C
:108AE000888700000000EFFFFFA0000000FFFFFFED
:108AF000FDCCCCB6FFFFFFFFFFFFFFFFFFFFFFFF37
:108B0000FFFFFFFFFFFFFFFFFFFFFFFFFFFFFFFF75
:108B1000FFFFFFFFFFFFFFFFFFFFFFFFFFFFFFFF65
:108B2000FFFFFFFFFFAFFFFFFFFFFFF900000000A7
:108B3000000000000001DD10000000001DFFD1005A
:108B4000000001DFFFFD1000001DFFFFFFD100004E
:108B50009FFFFFFFF90000011CFFC1100000000C87
:108B6000FFC0000000000CFFC0000000000CFFC0B0
:108B7000000079993BFFB39997FFFFB2442BFFFFA9
:108B8000FFFFFEDDEFFFFFFFFFFFFFFAB3CFACCC2F
:108B9000CCCCCCCCCA0000000000020000000000D9
:108BA0000004FFC70000000000AFFFF0000000005D
:108BB0001FFFFD0000000006FFFFC00000000008CE
:108BC000FFF700000000000CFF300000000004FF71
:108BD000C00000000001EFF300004A3002DFF8009F
:108BE00005DFFE15EFFB0000EFFFFFFFFA00000BB3
:108BF000FFFFFFF70000007FFFFFA200000002BAA6
:108C000085000000000004860000001006FFFA0046
:108C100002DFD1EF3CF101DFFA0EE0AF21DFFA0015
:108C20009FEFF6DFFA00008DFFFFFB00000006FF5C
:108C3000FD00000048EFFFF600006FFFFBFFF600AD
:108C40000EF3CF23FFF600EE0AF204FFF609FEFC56
:108C50000004FFF108DA10000262000000000000CA
:108C60000000006FFFF987000008FFFF98F708A6D3
:108C70008FFFF95990FFA8FFFFFCCC0FFA8FFFFF81
:108C8000FFF1FFA8FFFFFFFF1FFA8FFFFFFFF1FFBC
:108C9000A8FFFFFFFF1FFA8FFFFFFFF1FFA8FFFFF5
:108CA000FFFF1FFA7FFFFFFFF0FFE3122222210FD9
:108CB000FFFFFFF90000ACCCCCCB500000499999E4
:108CC0009995000EFFFFFFFFF600FD2222224FF6CE
:108CD0000FC0000001FFF3FC0000001FFF6FC00089
:108CE0000002FFF6FFFFFFFFFFFF6FFFFFDCFFFF4C
:108CF000F6FFFFB005FFFF6FFFF6000FFFF6FFFF67
:108D0000C006FFFF6FFFFFEDFFFFF69FFFFFFFFFB6
:108D1000FD10CDDDDDDDDDDD2FFFFFFFFFFFF312F9
:108D20002222222222000000000000000000000099
:108D300000000FFFFFFFFFFFF3DEEEEEEEEEEE2092
:108D40000000000000000000000000000DEEEEEE4C
:108D5000EEEEE2FFFFFFFFFFFF300000000000002B
:108D600037888888888873EFFFFFFFFFFFFEEFFFDB
:108D7000FFFFFFFFFE1CFFFFFFFFFFC1D28FFFFFC2
:108D8000FFF82DFF64EFFFFE45FFFFFA2BFFB2AFA8
:108D9000FFFFFFD3553DFFFFFFFFFFBBFFFFFFFFBF
:108DA000FFFFFFFFFFFFAFFFFFFFFFFFF900000026
:108DB000000001FFFFF00004FFFFD00006FFFF806E
:108DC0000008FFFF30000AFFFFAAA60CFFFFFFF814
:108DD0000EFFFFFFE10BDDDFFF6000004FFD000035
:108DE000007FF3000000BFA0000000FF10000003A0
:108DF000F800000003C0000000002000000004553F
:108E0000EFB5520000FFFD1FFFB0000FFFFFFFFC9A
:108E10000000FFFF533320000FFF97FFFB5700FFB9
:108E2000F8AFFFC6F80FFF8AFFFC4AA1FFF8AFFFBB
:108E3000E3220FFF8AFFFFFFF4FFF8AFFFFFFF4FB2
:108E4000FF8AFFFFFFF43552AFFFFFFF40000AFF2C
:108E5000FFFFF400007FFFFFFE2000000110000074
:108E6000000000AF00000000018FFA30000002EFA8
:108E7000FFFF500000BFFFFFFF10001FFFFFFFF5C7
:108E80000003FFFFFFFF70005FFFFFFFF90008FF17
:108E9000FFFFFFC000DFFFFFFFFF209FFFFFFFFF7F
:108EA000FD0EFFFFFFFFFFF202222222222100001F
:108EB00008FFC00000000009A20000005BBBBBBBB4
:108EC000BBBBBBA3FFFFFFFFFFFFFFFBFC0C30E1C1
:108ED0001D0D11FCFC0B30E01D0D10FCFFFEFFEF23
:108EE000FEFEEFFCFFF15A0870A05FFCFFF37B2948
:108EF00092C27FFCFFBFCBBBBBBFCBFCFC0B2000F7
:108F0000000D00FCFFCFCCCCCCCFCCFB9FFFFFFFF4
:108F1000FFFFFFF60000000000000200000000005C
:108F20000005DFB00000000007EFFFD000000018D0
:108F3000FFFFFF70000029FFFFFFFF00003BFFFF66
:108F4000FFFFF8000AFFFFFFFFFFF1000FFFFFFF29
:108F5000FFFFA000049AAAAFFFFF20000000000E50
:108F6000FFFB00000000000EFFF400000000000EF8
:108F7000FFC000000000000EFF5000000000000DC8
:108F8000FD00000000000004B3000000355555024C
:108F9000000FFFFFF2F400FFFFFF2FF40FFFFFF2BF
:108FA000FFF3FFFFFF32221FFFFFFFFFF7FFFFFF6F
:108FB000FFFF8FFFFFFFFFF8FFFFFFFFFF8FFFFFA8
:108FC000FFFFF8FFFFFFFFFF8FFFFFFFFFF8FFFF2F
:108FD000FFFFFF8FFFFFFFFFF88AAAAAAAAA3000AF
:108FE00000002455310000000003AFFFFFFFC70061
:108FF0000002BFFFFEDEFFFFF6005FFFB5100003BB
:109000008EFFB0DFD300000000008FF5180005AE22
:10901000FEC81004600002DFFFFFFFF80000000C34
:10902000FF95347DFF40000002A2000000770000A1
:109030000000000296000000000000000DFF50003C
:1090400000000000000EFF6000000000000005DAD4
:10905000000000005BBBBBBBBBBBBBBA20FFFFFF7C
:10906000FFFFFFFFFF90FC1222222222220FF7FCBB
:109070005FFFFFFFFFFF2CFAFC5FFFFFFFFFFF21F9
:10908000FAFC5FFFFFFFFFFF27FAFC2666666666B5
:10909000661FFAFEBBBBBBBBBBBBBFB1AFFFFFFFD5
:1090A000FFFFFFFF500000000000000000005BBB5E
:1090B000BBBBBBBBBBBA20FFFFFFFFFFFFFFFF90A7
:1090C000FC1222222221000FF7FC5FFFFFFFF800B5
:1090D0000CFAFC5FFFFFFFF80001FAFC5FFFFFFFE7
:1090E000F80007FAFC2666666663000FFAFEBBBB53
:1090F000BBBBBBBBBFB1AFFFFFFFFFFFFFFF50001C
:1091000000000000000000005BBBBBBBBBBBBBBAE8
:1091100020FFFFFFFFFFFFFFFF90FC122222100045
:10912000000FF7FC5FFFFFD000000CFAFC5FFFFFB1
:10913000D0000001FAFC5FFFFFD0000007FAFC2618
:1091400066665000000FFAFEBBBBBBBBBBBBBFB12A
:10915000AFFFFFFFFFFFFFFF500000000000000017
:1091600000005BBBBBBBBBBBBBBA20FFFFFFFFFF6D
:10917000FFFFFF90FC1222000000000FF7FC5FFFD2
:10918000300000000CFAFC5FFF3000000001FAFC28
:109190005FFF3000000007FAFC2666100000000F99
:1091A000FAFEBBBBBBBBBBBBBFB1AFFFFFFFFFFF4B
:1091B000FFFF500000000000000000005BBBBBBBD5
:1091C000BBBBBBBA20FFFFFFFFFFFFFFFF90FC0010
:1091D00000000000000FF7FC0000000000000CFA87
:1091E000FC00000000000001FAFC0000000000008C
:1091F00007FAFC0000000000000FFAFEBBBBBBBB7F
:10920000BBBBBFB1AFFFFFFFFFFFFFFF5000000080
:109210000000000000000000000007B20000000095
:1092200000000ADFFA000000000000A93DF5000080
:1092300000044002E00010000000AFF80B600000E6
:10924000006C30FFFFFFFFFFFFFFFFF4AFF9000CE2
:109250005000006D4005500004C0000010000000E8
:109260000000C43EE80000000000002EEFFA0000FD
:1092700000000000004FFA000000000000000000A5
:1092800000000000011000000007EFFFB30000AF76
:10929000FD8FFF2004FFFD09FFB00AFEFD12AFF0B5
:1092A0000EF55D2C0EF30FFF33129FF50FFFF30742
:1092B000FFF60FFFE206FFF60FFE24137FF50DF514
:1092C0007D2C0DF30AFFFD11BFF003FFFE0BFFA085
:1092D000007FFEBFFE100003ACDC810000003443C1
:1092E000000005667FFFF96650FFFFFFFFFFFF35B7
:1092F0006666666666501CCCCCCCCCC402FFFFFF11
:10930000FFFF602FF3FB7F6DF602FF2FB7F5DF60E5
:109310002FF2FB7F5DF602FF2FB7F5DF602FF2FB28
:109320007F5DF602FF2FB7F5DF602FF3FB7F6DF651
:1093300001FFFFFFFFFF5007BCCCCCCC900000002A
:109340000000000120000000000004FF50000000A9
:109350000002FFFF500000000439FFFE000000047F
:10936000FF39FFA0000004FFFF39B0000004FFFF39
:10937000FF20000004FFFFFFB0000004FFFFFFB06C
:10938000000004FFFFFFB0000004FFFFFFB000007B
:1093900000BFFFFFB00000000DFFFFB000000000A5
:1093A000FFFFB00000000009A860000000000000FE
:1093B00000178888888887400002EFFFFFFFFFFFC3
:1093C000F4003EFFFFCFFFCFFFF703EFFFF908F8F0
:1093D00009FFF83EFFFFFE20402EFFF8DFFFFFFFF2
:1093E000E101EFFFF89FFFFFFF80008FFFF809FF0B
:1093F000FFF902C209FFF8009FFFFE4EFE4EFFF884
:109400000009FFFFFFFFFFFFF700008FFFFFFFFFD7
:10941000FFC100000000000003EFFFFFE203FBFBC1
:10942000CEBFA4FF1D03A1FAFFF1D03A1FAFFFFF8B
:10943000FFFFFAFFFFFFFFFFAFFFFFFFFFFAFFFF96
:10944000FFFFFFAFFFFFFFFFFAFFFFFFFFFFAFFFD1
:10945000FFFFFFFAFFFFFFFFFFADFFFFFFFFF82950
:10946000AAAAAAA800000000000000030000000053
:10947000000004F1000820000001FF100BF70000BD
:10948000002FF10CFF94444445FF1BFFFFFFFFFF3B
:10949000FFF18FFFFFFFFFFFFD007FF700000000DF
:1094A00000006F60000000000000300000000000BD
:1094B00000000000000000000000C00300000000E9
:1094C0000000C003030A00000F0080050505000529
:1094D0001C00D0090A0A00004E00B008090F00FE67
:1094E0009200D00B0C0A0000CE00A0090A0B00FF6E
:1094F0000501F002030500050D01B004040E01FD95
:109500002901C004040E00FD4501A0050606000562
:10951000570120080807000273013003030500FE0D
:109520007B01600505030003830130030303000092
:109530008801F004070EFFFFB9015009090A000075
:10954000E6013005040A0000FA011008080A0000CC
:1095500022020008080A00004A0260090A0A000004
:109560007C021008080A0000A402A008090A0000F2
:10957000D1026008080A0000F9020009090A000087
:109580002603A008080A00004E0330030308000069
:109590005A033003030B00FD6B0320080808000189
:1095A0008B03200808060002A30320080808000116
:1095B000C3030008080A0000EB03800E0E0D00FD37
:1095C0004604400A0C0AFF008204A00A090A0100AE
:1095D000AF04200A0A0A0000E104900B0A0A010005
:1095E00013056009080A01003B05E008080A0100AC
:1095F0006305D00A0A0A00009505600B090A0100FC
:10960000C2055004020A0100CC053007070AFF001A
:10961000EF05100A0A0A010021065008080A010095
:109620004906600D0B0A01008006600B090A010063
:10963000AD06C00B0C0A0000E906200A090A010069
:109640001607C00B0C0D00FD6407300A090A010063
:109650009107B008090A0000BE073008090A000097
:10966000EB07100B090A01001808F0090B0AFF00AC
:109670004F08C00F100A00009F0870090A0A000076
:10968000D10810090B0AFF0008093009090A000077
:109690003509B004040E01FD5109F004070EFFFF67
:1096A0008209B004040E00FD9E093008070601027D
:1096B000B3090007070100FFB709600805020109A7
:1096C000BC09600808080000DC099009080B0100CB
:1096D000080A000808080000280A9009090B000081
:1096E0005A0A9008080800007A0AF004060B0000E5
:1096F0009B0AB009090B00FDCD0A9009080B010077
:10970000F90AE003020B0100040B0004050EFEFD44
:10971000270BA008080B0100530BE003020B01000C
:109720005E0BD00E0D080100920B90090808010095
:10973000B20BE00809080000D60B9009080B01FDE8
:10974000020C9009090B00FD340CC005050801004E
:10975000480C000707080000640CD005060A00004A
:10976000820C800908080100A20CD0070908FF003C
:10977000C60C900C0D080000FA0CC0070808000089
:109780001A0DD007090BFFFD4C0D5007070800000C
:10979000680DF004050E00FD8B0D3004020E01FD76
:1097A000990DF004050E00FDBC0D20080803000310
:1097B000C80DE00506050006D70D6004040300038C
:1097C000DD0D000E0F0FFFFE4E0E000E0E0B000003
:1097D0009B0E000E0E0D00FFF60E000E0E0B00008D
:1097E000430FA0090A0B00007A0F000E0E0F00FEB7
:1097F000E30F000E0E0F00FE4C10C00F100D00FF07
:10980000B410000E0E0F00FE1D11C00F100B000053
:109810007511000E0E0F00FEDE110007070C00FF91
:109820000812800A0B0C00FF4A12C00F100E00FE37
:10983000BA12000E0E0B00000713A0090A0F00FE5B
:109840005213400C0A0E01FE9813400C0D0F00FE3F
:10985000FA13400C0D0D00FF4F14400C0D0D00FFCE
:10986000A414400C0A0E01FEEA14400C0E0DFFFF7A
:109870004515C008090D00FF8015C008090D00FF3F
:10988000BB15400C0D0D00FF1016400C0D0400031D
:109890002A16C00F100B000082168011120F00FE56
:1098A0000917C00F110FFFFE8917000E0E0D00FFE4
:1098B000E417400C0D0800011818400C0D080001B9
:1098C0004C188011120B0000AF18000E0E0B000098
:1098D000FC18000E0E0F00FE6519000E0F0FFFFEA4
:1098E000D619400C0D0D00FF2B1A400C0D0F00FE79
:1098F0008D1A400C0D0D00FFE21A400C0D0C00FFFC
:10990000301B000E0E0B00007D1BC0080A0FFFFE6F
:10991000C81B400C0D0F00FE2A1C400C0D0F00FE52
:109920008C1CC00F100B0000E41C000E100FFFFE7B
:109930005C1D800A0B0F00FEAF1D8011120D00FF91
:10994000241E8011120A00007E1E8011120A0000DF
:10995000D81E8011120A0000321F8011120A000066
:109960008C1F8011120A0000E61F8011120C00FFEC
:109970005220400C0C0F00FEAC20400C0D0F00FEDE
:109980000E21000E0F0FFFFE7F218011120B000031
:10999000E221800A0B0F00FE3522100E0F0A000094
:1099A0000000721F51EF58EF5BEF5CEF5DEF61EF6E
:1099B00063EF65EF69EF6CEF71EF76EF77EF78EFBC
:1099C0008EEF93EF98EF9BEF9CEF9DEFA1EFA2EF4F
:1099D000A3EFA4EFB7EFB8EFBEEFC0EFC1EFC4EF56
:1099E000C7EFC8EFC9EFCBEFE3EFE5EF14F015F0E9
:1099F00017F019F030F037F03AF043F06CF074F0F3
:109A0000ABF03BF190F191F192F193F194F1D7F138
:109A1000E3F13DF254F2AAF412F7F2F7200000004D
:109A20005F000100000000000000000000000200D4
:109A3000B0000000F3F76000A099020800000000E9
:109A40003E000300000001020003040502060708AF
:109A5000090A090A0B0C000D0E0F101112130C1439
:109A6000140000001516171819161A1B1C1D1D1EB0
:109A70001F201D1D1621222303241E2525262728ED
:109A8000292A2B002C002D2E2F303132332D343447
:109A900035302D2D2E2E36373839333A3A3B3A3C75
:109AA000290000093D09000000000000000000003E
:109AB00000000000000000000000000000000000A6
:109AC0000000000000000000000000000000000096
:109AD0000000000000000000000000000000000086
:109AE0000000000001020003040502060708090A3D
:109AF000090A0B0C0D0E0F10110C12131415150082
:109B0000000016171819171919191719191A191900
:109B1000191917191719031B1C1D1D1E1F2021229F
:109B20002300240025262727270027262829262644
:109B30002A2A272A272A2B2C2D2E2E2F2E300000C2
:109B400023093109000000000000000000000000AF
:109B50000000000000000000000000000000000005
:109B600000000000000000000000000000000000F5
:109B700000000000000000000000000000000000E5
:109B800000010000000000000001000002000000D1
:109B900000020000000000000000000000000000C3
:109BA00000000100000000000000000000000000B4
:109BB00000010A0006FB00000000F4F3020B05049C
:109BC000F7020B010902070000000000000000007E
:109BD00000000D02FE000000000000000000000078
:109BE000000400F90000000000FC04040000FE0076
:109BF000FE0200FE00FEFFFC00000000FE0000FD73
:109C0000FD0000FE00FC000000000000000000FE5F
:109C1000FE00FD00FA00E50000FC0004070000FC67
:109C200002020704FC040000F30000000000000032
:109C300000000000F800000000000000000000002C
:109C4000000000FAFDF500F7FE000000000009002A
:109C5000F9FEFF0100FC0000FEEF00000000000024
:109C60000000000000EEFE090000000000000000FF
:109C700000000000F70000000000000000000007E6
:109C800000020000FC0000000000000000000000D6
:109C900000000000000009020100000000000000B8
:109CA00000000000000000000000000000000000B4
:109CB00000000000000000000000000000000000A4
:109CC000F80000000000000000000000000000009C
:109CD0000000000000000002040207FE000004FE75
:109CE000F9E102060400FD00080007000700EB0090
:109CF000FD070007FE0402000001FE0000FC120048
:109D00001200070009030407000000F8000000002B
:109D100001FE0002FCFDFC0200FE000000F7000056
:109D2000000000000000000000F100000000000042
:109D300000000000000000000001F400F20000003C
:109D400000FE0016FDFD0202FE00FD020000F40010
:109D500000000000000000000000EA000200000017
:109D6000000000000000000000F2000D0000F800FC
:109D70000700F1EAF1FC070000F10003FB00FD0021
:109D800000000000000000000000000607E50000E1
:109D9000000000000000000000000B0002000000B6
:109DA00000000202FDFC00FFFFFE0000FE000000BC
:109DB000FC00FE00FBFC00FAF9F9FC00FC00FC00D2
:109DC000000000FE0000020002FE00010000000290
:109DD000FE000000FE0202FF000000FC00FF000089
:109DE000000000010003FE00FD00FC0000FE000773
:109DF0000000FE0000000000FF01FEFE0000FE006B
:109E0000FE000000000000000000FFFF00FEFD005B
:109E100000000000010000FE00FEFEFE0000000049
:109E20000000000000FF00000000FEFD00FD00F942
:109E3000FEF9040000FC02040600FAFFFD00FFF535
:109E400002FE02F402000001F400F4FEEDFE00F553
:109E50000004060003000000000000FCFD00F90003
:109E60000000FE000000FE0000000000FFFF00FFF9
:109E7000FD00000000000000FEFE00FEFDFE0000F0
:109E8000FE0000000000000000000000FEFE00FDDB
:109E900000FE00FC020000FD0102020000000000C4
:109EA00000FE0000000000020000FE00FEFEFD00BB
:109EB0000000000000000200FE00000000FEFD00A7
:109EC000FC0007FE01F9000006F5F4F7FC0200FEB5
:109ED000F1FC00FC00FC03FCF200FA000001FF02B0
:109EE000FE000200F9F700F5FBFBFBF9FDFA00FCB0
:109EF000FA01000100FE0000000200020000000064
:109F000000000000000000FE00FF00FFFE00FCFB60
:109F1000FBFF00F9000000000000FE00000000014F
:109F2000FF0000000200000000000000000B000025
:109F30000000000002000000FE0000000000000021
:109F400000000000FC000200000000000000000013
:109F500000000000FE000000FC00000000F5F90019
:109F60000000FDF50000FE0200FA00000000000005
:109F700000000000FC0000FC0000000000000000E9
:109F8000000000000200FC00000000030002FCFCD6
:109F900000FEFEFD000000000000F900FE00FDFED6
:109FA00000FBFAF9FE00FC00F900000000120000BE
:109FB000010000FD000200F60000000000EBFC07BD
:109FC00007FEF70002FD00F5FFFD02F0FE030003AF
:109FD000F8FDF8F9F70000F3000D0000FF000000A5
:109FE000FFFFFEFAF900EB00000000000000000097
:109FF0000100000000000000000000000000000060
:10A0000000FE00FFFEFD0000FC00FE00000000005E
:10A0100000000000000000000000FF00FC00000441
:10A02000FF0300FB02FEFFFAFE00FDFEFE00FDFC4A
:10A030000000FEFFFEFCFD0000FE0002FE00FB0033
:10A040000000FC00FC00FCFC02000000000000001E
:10A0500000FC0200FD00FEFDF9FEFEFEFFFEFDFF1E
:10A060000000000000FEFEFE0000000003FE00FEF7
:10A07000000000FEFDFEFEFDFE000209FF00FA00EA
:10A08000FE0400FEF7FD030000F5FC02FC0200FEEA
:10A09000FEF900FD010000FC0000000202FCFC00D3
:10A0A000FCFEFDFEFE00FC01FCFC070000000000C1
:10A0B000000000000200000000000000000000009E
:10A0C000000000000000000000000000FC00000094
:10A0D0000000000000000000000000000000000080
:10A0E0000000000000000000000000000000000070
:10A0F0000000000000000000FE0000000000000062
:10A10000000000000000000000000000000000004F
:10A11000000000000000FEFE000000000000000043
:10A1200000000000FD0000FD0000FEFE0000000039
:10A13000FE00000000FF0000000000FE0000000024
:10A14000FD00FC000000F90002FB0400FEF5000029
:10A15000FBFE00F7FAFA0000F6FEF7F7F500FA004A
:10A16000020FFD00FBFEFFFEFCFAFCF8F7FBFE0011
:10A1700000FE00010000F0FE0705FBF80001F900F9
:10A18000F5FEFE04EBFD010000F1FDF4FEF0000021
:10A19000F0000D0100FE00000000FFFEF7FE00F1E0
:10A1A00000000000F900FE00FFFAF50000FFFDF9D5
:10A1B000FE00FE00000000F6FEF9F9FEFCFAFEFCCF
:10A1C00000FCFEF9FD00FDFCFEFC000100FEF900B4
:10A1D0000400FC00000000030002FC0900FEFEFD7C
:10A1E000000000000000F900FE00FDFE00FBFAF98F
:10A1F000FE00FC020900000000120000010000FD4A
:10A20000000200000000000000000000000000004C
:10A21000FEFC0000000000FF000000FEFE0000FC4D
:10A22000FE0000FC0004FF00000000000001000030
:10A230000000030402FE00F9FC0007F9F9FCFC0928
:10A240000402EDFE04FE00FE02FEF800FE02FDFE2A
:10A25000F9FE0000070400FA00F4FD06FDF701FD19
:10A26000F9F9FE090200FD00FA000207FBF8F7FA0F
:10A27000070001F0FE02FCFEFB00FBF8FDFDFE0006
:10A2800000FBFBFE000705FEF400F4FD00F8F3FF01
:10A29000F9FCF9FA060000FD00FCFE00FEFC0004DB
:10A2A000F9020000F400FEFBFCFEF9FAF9FB00F9EC
:10A2B000FEFBFCF9FE0000010BFC00F9FE00FEFCB9
:10A2C000FBFAFAF7FDFC0400FD00F5FD0104F9F8C6
:10A2D000FCF907FE01EBFC04FBFCF800F9F7FDFEBE
:10A2E000FEFEFBF9FF00000706FEF100F3FB05F799
:10A2F000F1FCF8F7F5F90400000000FD000002FD94
:10A300000402FC040000F9FF00FF000101FE000050
:10A3100000000000FE0000000002070000FD000039
:10A320000000FEFEFD00000001020000000002002F
:10A33000FE000900040101FD00040000000200000D
:10A340000000000000000000000700060000000000
:10A3500000000000000000000000F300FE04000701
:10A3600000001603FCFC0202FE01F500000BF300E6
:10A3700000000000000000000000F1091F000000C4
:10A38000000000000000000000F3000000000000DA
:10A3900000000000000000000000000000000000BD
:10A3A00000000000FC0000FCFE00000000000000B7
:10A3B000000000000000000000000000FE00FA00A5
:10A3C00000010000021DFCFE0706FA020000020266
:10A3D000FD0000000000000000000000E306000097
:10A3E000000000000000000000000000000000FA73
:10A3F000000000FA00000000FBFF000000FB00FD71
:10A4000000F50000000000000000000000F1000066
:10A41000000001000000000000FE0000FC00FD0044
:10A42000FA000000FC02FD0000FAFEFB0000FA004A
:10A43000FE00F500FE0000EEFCF7FEF80000F10063
:10A44000FAFF0000000000000000FDFCFEFC000020
:10A450000000FB00FB03FE0400FEFBFEFCFC00FD15
:10A46000FFFE02FAFF000000ECFEFD00FB00FEF51F
:10A47000FE0000FEFE000000000200FEFCFE0400E4
:10A4800000000000000000000000000000000000CC
:10A4900000000000000000000000000000000000BC
:10A4A00000000000000000000000030000000000A9
:10A4B00000FB00FE000000FC02000000FAFEFC00B1
:10A4C00000FA00FE00F500000000EA00FCF8F500CC
:10A4D00000F100FEFD0000000000000000FEFDFF96
:10A4E000FD01000004FD00070BFEFEF9030B04054F
:10A4F000FA03090306050600000000000000000042
:10A5000000000E0BFCFE00FE120A1200000002000A
:10A5100000080000FC000000000000000000FE0039
:10A52000000000000000000300000000EDFDFEF749
:10A53000F50000F100000000000000000000000035
:10A540000000000000FC000000000000000000FE11
:10A5500000000000000000000300000000EDFDFE10
:10A56000F7F50000F7000000000000000000000008
:10A570000000000000000000FE000000FB0200FEE2
:10A58000020402F90000FE02000200000000FA00CE
:10A59000FEFEFC00FEF7000EFE00FBFE00FEFC00CF
:10A5A000FEFAFCFD000000FC0000000000000000BE
:10A5B00000FE00000000000000000300000000EDAD
:10A5C000FDFEF7F50000F10000000000000B0000A8
:10A5D0000000000000000000FC00F9FDFE07FEFE88
:10A5E000F701FF01FEFA000500020102FBF7FD0082
:10A5F000F7FCFAF7F700FCFCFDFDFEFEFDFE00FE99
:10A60000FF030003FE000700000000000000000040
:10A61000000000FEFEFE0000FA00FF00FC0000004B
:10A620000000000000000000F30000000000000037
:10A6300000000000FEFE00FD00000000FE0000FC27
:10A64000FE0200FCFCFE00FAFEFBFEFD00FC00002A
:10A65000000000000000000000F100070000FC0006
:10A66000000000FD00FE0000FF0000FE00FB0000F7
:10A6700009FDF9F902020200FA020302070207FECD
:10A68000FA0000F70000F9FA0000FC00FDFC00FDF4
:10A6900000FD00FE0300FEF9FE080000FE00FC00C5
:10A6A0000003FB0002FE020000F900FEFF00FE02B4
:10A6B000FE000000F7FDFB00F90000F50008FE00B9
:10A6C000FC000100FE00FEF900FE0200000000FE9A
:10A6D000000002FD010000FDFE00FD000000000082
:10A6E000000000000000000000000000F200050073
:10A6F00000FE000000000000FEFE00000004000557
:10A700000000000000F2F3010A0704F70209000844
:10A71000000400000000000000000000000C000029
:10A720000000000000000000000000000000000029
:10A73000809B0208449A0208E29A02083D31000018
:10A7400030720208B09402081C9A020830A702086E
:10A7500010000228140200204D620108D96101088E
:10A760001000030000FF010040A7020800000000E5
:10A7700000000000F206E8EC993661D63A9624BE55
:10A78000055E05FA04B14D6A8E09CEE7FF47FE006B
:10A79000FCC0FAA47AA963F19CF3EA8AE38EECD3B5
:10A7A000FE7AFF5DEA0FF312F476FDDAFF3DAA3779
:10A7B000BB59CC9BE5FCF73E7AB893B9B4FBD63DC8
:10A7C000EF3E5B587C399D5BC65DEF5E453E65BEE6
:10A7D000965FBEFFE79F2DBE4E1E86BFB73FE7BF09
:10A7E000263B4E9C86FDB75EE7BF25334DB58658A8
:10A7F000B6FBE79E65CD8630A6B4CF39EFBD9E6C23
:10A80000AEB0C714DF79F7DDD70ADF2EE773F7B8EC
:10A81000FFDCFF6BFF8EFFB3FFD8FFFCFE45FEA9F8
:10A82000FF10FF76FFDCFD24FDA9FE70FF16FF9CE4
:10A83000FB88FC4CFD52FE77FF5C8B6CA44FBD5433
:10A84000D679EF5D7C939535B5F8CEDBEF7EBDF71D
:10A85000E71CEF7DF7BEFFDFE1C6D165C145B0E380
:10A86000D8CCC0CBA8AA8869893578F468D348B118
:10A8700059B65175413430D23A5531F329B2190FD6
:10A880001C5C1BBA13380A3404DC045A03B702B345
:10A89000057804B40411030C044F03CD034B026884
:10A8A00045083C672BE61AE47D886CE75445334342
:10A8B000C646ADA59CE483A2FEC6FE05FD44F3E2B8
:10A8C000FD80FD00FC60FB60FC60F3E0EB60E2807B
:10A8D000F283E243DA02B9A16A685A0649A539242B
:10A8E000536F42CC3229218773AE630C4208210496
:10A8F00000003C027804B306EE08280B610D990FA6
:10A90000D01106143A166C189D1ACB1CF71E212183
:10A9100048236C258E27AC29C72BDF2DF32F03325C
:10A92000103418361C381C3A173C0E3EFF3FEC41E1
:10A93000D443B64593476A493C4B084DCD4E8D50A4
:10A940004652F953A5554B57EA58825A135C9C5D01
:10A950001F5F9A600D627963DD6439668D67D9681F
:10A960001D6A596B8C6CB76DD96EF36F04710C72E4
:10A970000B730174EE74D275AD767F7747780679E4
:10A98000BB79677A0A7BA27B327CB77C337DA57D5D
:10A990000D7E6C7EC07E0B7F4B7F827FAF7FD27F30
:10A9A000EB7FFA7FFF7F0000106A0208A104010814
:10A9B0000000000000000000C106010800000000C7
:10A9C00001040000106A0208450F0108930F0108F6
:10A9D00000000000B10F010804010D000006000096
:10A9E000106A02080F1201080000000000000000B9
:10A9F00000000000D127D12744020000106A02089D
:10AA000091120108CD12010800000000E5120108B2
:10AA10000401820085030000106A02084D2101082C
:10AA200085210108000000005D230108D127D127FE
:10AA3000C4020000106A0208955A0108355B01083B
:10AA400000000000595B01088200D12705040000C6
:10AA5000106A020879600108AB600108000000007C
:10AA6000D55C01080000000080020000106A0208A6
:10AA7000FD6C0108D374010800000000FD7401089A
:10AA8000D127D127C0030000106A0208617F0108A6
:10AA9000DD7F01080000000021800108D127D127B7
:10AAA000C0040000106A0208F18F010800000000D5
:10AAB0000000000005900108D127D127C002000046
:10AAC000106A020871E001080000000000000000A8
:10AAD000E9E00108D1278200C502000088AA020827
:10AAE00000000000000000000000000051E201082A
:10AAF00000000000C0040000C4A90208D5E301085A
:10AB0000000000000000000045E401080000000013
:10AB100085070000106A02083BF3010863F301088F
:10AB2000000000006DF3010834001E0084020000E4
:10AB3000106A0208C9F4010805F5010800000000C8
:10AB400051F50108D127D12785030000106A0208BA
:10AB50008DFB010897FD010800000000B5FD01080C
:10AB6000040182000406000064656661756C74541B
:10AB700061736B004C7648616E646C6572546173EE
:10AB80006B0000004861726477617265496E697498
:10AB90005461736B000000005361000057650000B2
:10ABA000546800004D6F00004672000053750000AD
:10ABB000547500004A756E65000000004D617263B7
:10ABC00068000000417072696C00000044656365B4
:10ABD0006D6265720000000053657074656D62659A
:10ABE000720000004E6F76656D62657200000000B5
:10ABF0004F63746F6265720041756775737400000E
:10AC00004D6179004A756C79000000004A616E75EB
:10AC100061727900466562727561727900000000A8
:10AC2000323032330A323032320A323032310A3282
:10AC30003032300A323031390A323031380A32306B
:10AC400031370A323031360A323031350A3230315A
:10AC5000340A323031330A323031320A3230313153
:10AC60000A323031300A323030390A323030380A64
:10AC7000323030370A323030360A323030350A322C
:10AC80003030340A323030330A323030320A323027
:10AC900030310A323030300A313939390A313939F4
:10ACA000380A313939370A313939360A31393935C3
:10ACB0000A313939340A313939330A313939320AEA
:10ACC000313939310A313939300A313938390A31B3
:10ACD0003938380A313938370A313938360A313992
:10ACE00038350A313938340A313938330A3139388C
:10ACF000320A313938310A313938300A3139373985
:10AD00000A313937380A313937370A313937360A93
:10AD1000313937350A313937340A313937330A3165
:10AD20003937320A313937310A313937300A313956
:10AD300036390A313936380A313936370A31393637
:10AD4000360A313936350A313936340A3139363333
:10AD50000A313936320A313936310A313936300A58
:10AD6000313935390A313935380A313935370A310F
:10AD70003935360A313935350A313935340A313900
:10AD800035330A313935320A313935310A313935FD
:10AD9000300A313934390A313934380A31393437E3
:10ADA0000A313934360A313934350A313934340A02
:10ADB000313934330A313934320A313934310A31D4
:10ADC0003934300A313933390A313933380A3139B3
:10ADD00033370A313933360A313933350A313933A9
:10ADE000340A313933330A313933320A31393331A4
:10ADF0000A313933300A313932390A313932380AB5
:10AE0000313932370A313932360A313932350A317D
:10AE10003932340A313932330A313932320A31396E
:10AE200032310A313932300A313931390A31393166
:10AE3000380A313931370A313931360A3139313549
:10AE40000A313931340A313931330A313931320A70
:10AE5000313931310A313931300A313930390A3139
:10AE60003930380A313930370A313930360A313918
:10AE700030350A313930340A313930330A3139301A
:10AE8000320A31393031000030310A30320A303381
:10AE90000A30340A30350A30360A30370A30380A78
:10AEA00030390A31300A31310A3132000A000000EB
:10AEB00020000000312300002C0000002D000000C5
:10AEC0002E0000003A000000414243005F000000F5
:10AED00061000000620000006300000064000000E8
:10AEE00065000000660000006700000069000000C7
:10AEF0006A0000006B0000006D0000006E000000A2
:10AF00006F0000007000000071000000720000007F
:10AF1000730000007400000075000000760000005F
:10AF20007700000078000000790000007A0000003F
:10AF3000EF808C00EF819300EF819400EF959A00F1
:10AF4000EF849C00EFA2A20000000000410000007E
:10AF500042000000430000004400000045000000E3
:10AF600046000000470000004800000049000000C3
:10AF70004A0000004B0000004C0000004D000000A3
:10AF80004E0000004F000000500000005100000083
:10AF90005200000053000000540000005500000063
:10AFA0005600000057000000580000005900000043
:10AFB0005A000000616263002100000022000000CE
:10AFC00023000000240000002500000027000000EE
:10AFD00028000000290000002A0000002B000000CB
:10AFE0002F0000003000000031000000320000009F
:10AFF000330000003400000035000000360000007F
:10B000003700000038000000390000003B0000005D
:10B010003C0000003D0000003E0000003F0000003A
:10B02000400000005B0000005C0000005D000000CC
:10B030007B0000007D0000002B2F2D0042746E313C
:10B040000000000042746E320000000042746E3353
:10B050000000000042746E340000000042746E353F
:10B060000000000084B0020800000020B0020000D0
:10B07000DC03000844B10208B0020020F0840100A3
:10B0800014260008D12C040240041280021540321C
:10B09000018210037924F41AAA01C102272D29C0C4
:10B0A00001641EACAB0208A4041AB0041A9C041A72
:10B0B000A0041AA8041A98041E0CAC020814041A5E
:10B0C000BC0C1AC40411190C1AB4081A04081AF892
:10B0D000081AD8041AF0041AE4041ACC041E88AE24
:10B0E0000208201C2152FF1F346C0208346D041A20
:10B0F0006E041A6F0429109904411AE4081AE42412
:10B100001AE4241A882439109904016045D4C3B282
:10B11000A102176F1EF90B020825041E9D0A0208E2
:10B120001D041AB10C1AD5081AFD041E3CB0020801
:10B1300044041A4C041AACFC1A54081A5C044B4818
:04B14000AFB80000A4
:040000050800019955
:00000001FF
